{
    "type": "FeatureCollection",
    "features": [
        {
            "type": "Feature",
            "properties": {
                "name": "Estación Mercado del Mar",
                "Grupo": "TP Estación",
                "demanda": 0,
                "@id": "9f5ae730-64e1-11f1-bf78-dd176f6a3056"
            },
            "geometry": {
                "type": "Polygon",
                "coordinates": [
                    [
                        [
                            -103.389271,
                            20.729334
                        ],
                        [
                            -103.389272,
                            20.729324
                        ],
                        [
                            -103.389536,
                            20.729357
                        ],
                        [
                            -103.389541,
                            20.729302
                        ],
                        [
                            -103.389277,
                            20.72927
                        ],
                        [
                            -103.389311,
                            20.728903
                        ],
                        [
                            -103.389406,
                            20.728903
                        ],
                        [
                            -103.389414,
                            20.728869
                        ],
                        [
                            -103.389688,
                            20.72889
                        ],
                        [
                            -103.389698,
                            20.728751
                        ],
                        [
                            -103.389427,
                            20.728724
                        ],
                        [
                            -103.389427,
                            20.728692
                        ],
                        [
                            -103.389383,
                            20.728687
                        ],
                        [
                            -103.389391,
                            20.728587
                        ],
                        [
                            -103.389646,
                            20.728601
                        ],
                        [
                            -103.389646,
                            20.728552
                        ],
                        [
                            -103.389393,
                            20.728528
                        ],
                        [
                            -103.389393,
                            20.728516
                        ],
                        [
                            -103.389284,
                            20.728511
                        ],
                        [
                            -103.389263,
                            20.728682
                        ],
                        [
                            -103.389101,
                            20.728673
                        ],
                        [
                            -103.389096,
                            20.728705
                        ],
                        [
                            -103.3888,
                            20.728683
                        ],
                        [
                            -103.388793,
                            20.728826
                        ],
                        [
                            -103.389088,
                            20.728853
                        ],
                        [
                            -103.389088,
                            20.728885
                        ],
                        [
                            -103.389187,
                            20.728895
                        ],
                        [
                            -103.389153,
                            20.729323
                        ],
                        [
                            -103.389271,
                            20.729334
                        ]
                    ]
                ]
            },
            "bbox": [
                -103.389698,
                20.728511,
                -103.388793,
                20.729357
            ]
        },
        {
            "type": "Feature",
            "properties": {
                "name": "Estacionamiento",
                "Grupo": "Parking",
                "oferta": 1,
                "@id": "eb5dfaa0-64e1-11f1-bf78-dd176f6a3056"
            },
            "geometry": {
                "type": "Polygon",
                "coordinates": [
                    [
                        [
                            -103.380078,
                            20.728294
                        ],
                        [
                            -103.380291,
                            20.727311
                        ],
                        [
                            -103.379593,
                            20.727183
                        ],
                        [
                            -103.379407,
                            20.728171
                        ],
                        [
                            -103.380078,
                            20.728294
                        ]
                    ]
                ]
            },
            "bbox": [
                -103.380291,
                20.727183,
                -103.379407,
                20.728294
            ]
        },
        {
            "type": "Feature",
            "properties": {
                "name": "Estación Tabachines",
                "Grupo": "TP Estación",
                "demanda": 0,
                "@id": "1d473b30-64e2-11f1-bf78-dd176f6a3056"
            },
            "geometry": {
                "type": "Polygon",
                "coordinates": [
                    [
                        [
                            -103.363391,
                            20.734316
                        ],
                        [
                            -103.363377,
                            20.734262
                        ],
                        [
                            -103.363094,
                            20.734183
                        ],
                        [
                            -103.362776,
                            20.734096
                        ],
                        [
                            -103.362792,
                            20.734153
                        ],
                        [
                            -103.363391,
                            20.734316
                        ]
                    ]
                ]
            },
            "bbox": [
                -103.363391,
                20.734096,
                -103.362776,
                20.734316
            ]
        },
        {
            "type": "Feature",
            "properties": {
                "name": "Estación Constitución",
                "Grupo": "TP Estación",
                "demanda": 0,
                "@id": "5403fcd0-64e2-11f1-bf78-dd176f6a3056"
            },
            "geometry": {
                "type": "Polygon",
                "coordinates": [
                    [
                        [
                            -103.376661,
                            20.737877
                        ],
                        [
                            -103.376646,
                            20.737819
                        ],
                        [
                            -103.376359,
                            20.737743
                        ],
                        [
                            -103.376037,
                            20.737652
                        ],
                        [
                            -103.376053,
                            20.737714
                        ],
                        [
                            -103.376661,
                            20.737877
                        ]
                    ]
                ]
            },
            "bbox": [
                -103.376661,
                20.737652,
                -103.376037,
                20.737877
            ]
        },
        {
            "type": "Feature",
            "properties": {
                "name": "Estacionamiento",
                "Grupo": "Parking",
                "oferta": 1,
                "@id": "6dc30580-64e2-11f1-bf78-dd176f6a3056"
            },
            "geometry": {
                "type": "Polygon",
                "coordinates": [
                    [
                        [
                            -103.375458,
                            20.742161
                        ],
                        [
                            -103.375448,
                            20.742075
                        ],
                        [
                            -103.375459,
                            20.741996
                        ],
                        [
                            -103.375461,
                            20.741947
                        ],
                        [
                            -103.375526,
                            20.741283
                        ],
                        [
                            -103.375642,
                            20.740056
                        ],
                        [
                            -103.375599,
                            20.740053
                        ],
                        [
                            -103.375618,
                            20.739785
                        ],
                        [
                            -103.375402,
                            20.73976
                        ],
                        [
                            -103.375416,
                            20.739544
                        ],
                        [
                            -103.375467,
                            20.738847
                        ],
                        [
                            -103.375192,
                            20.738782
                        ],
                        [
                            -103.375096,
                            20.74003
                        ],
                        [
                            -103.375138,
                            20.740032
                        ],
                        [
                            -103.375107,
                            20.740432
                        ],
                        [
                            -103.375133,
                            20.740432
                        ],
                        [
                            -103.374986,
                            20.742249
                        ],
                        [
                            -103.375197,
                            20.742256
                        ],
                        [
                            -103.375201,
                            20.742133
                        ],
                        [
                            -103.375458,
                            20.742161
                        ]
                    ]
                ]
            },
            "bbox": [
                -103.375642,
                20.738782,
                -103.374986,
                20.742256
            ]
        },
        {
            "type": "Feature",
            "properties": {
                "name": "Estación Centro Cultural Universitario",
                "Grupo": "Parking",
                "oferta": 1,
                "@id": "ca33e0a0-64e2-11f1-bf78-dd176f6a3056"
            },
            "geometry": {
                "type": "Polygon",
                "coordinates": [
                    [
                        [
                            -103.382462,
                            20.739437
                        ],
                        [
                            -103.38244,
                            20.739373
                        ],
                        [
                            -103.382168,
                            20.739303
                        ],
                        [
                            -103.381828,
                            20.739214
                        ],
                        [
                            -103.381845,
                            20.739278
                        ],
                        [
                            -103.382462,
                            20.739437
                        ]
                    ]
                ]
            },
            "bbox": [
                -103.382462,
                20.739214,
                -103.381828,
                20.739437
            ]
        },
        {
            "type": "Feature",
            "properties": {
                "name": "Estacionamiento",
                "Grupo": "Parking",
                "oferta": 1,
                "@id": "ebe44c30-64e2-11f1-bf78-dd176f6a3056"
            },
            "geometry": {
                "type": "Polygon",
                "coordinates": [
                    [
                        [
                            -103.380337,
                            20.736686
                        ],
                        [
                            -103.38039,
                            20.736688
                        ],
                        [
                            -103.380411,
                            20.736559
                        ],
                        [
                            -103.380427,
                            20.736436
                        ],
                        [
                            -103.380459,
                            20.736436
                        ],
                        [
                            -103.380564,
                            20.735863
                        ],
                        [
                            -103.379581,
                            20.735732
                        ],
                        [
                            -103.37948,
                            20.735736
                        ],
                        [
                            -103.379388,
                            20.735857
                        ],
                        [
                            -103.379379,
                            20.735912
                        ],
                        [
                            -103.379312,
                            20.735944
                        ],
                        [
                            -103.379214,
                            20.736283
                        ],
                        [
                            -103.379312,
                            20.736312
                        ],
                        [
                            -103.379277,
                            20.736537
                        ],
                        [
                            -103.380337,
                            20.736686
                        ]
                    ]
                ]
            },
            "bbox": [
                -103.380564,
                20.735732,
                -103.379214,
                20.736688
            ]
        },
        {
            "type": "Feature",
            "properties": {
                "name": "Estacionamiento",
                "Grupo": "Parking",
                "oferta": 1,
                "@id": "0f3b14c0-64e3-11f1-bf78-dd176f6a3056"
            },
            "geometry": {
                "type": "Polygon",
                "coordinates": [
                    [
                        [
                            -103.38222,
                            20.734886
                        ],
                        [
                            -103.382358,
                            20.734418
                        ],
                        [
                            -103.382173,
                            20.734366
                        ],
                        [
                            -103.382018,
                            20.734856
                        ],
                        [
                            -103.38222,
                            20.734886
                        ]
                    ]
                ]
            },
            "bbox": [
                -103.382358,
                20.734366,
                -103.382018,
                20.734886
            ]
        },
        {
            "type": "Feature",
            "properties": {
                "name": "Estacionamiento",
                "Grupo": "Parking",
                "oferta": 1,
                "@id": "25165390-64e3-11f1-bf78-dd176f6a3056"
            },
            "geometry": {
                "type": "Polygon",
                "coordinates": [
                    [
                        [
                            -103.382137,
                            20.733926
                        ],
                        [
                            -103.381615,
                            20.734261
                        ],
                        [
                            -103.38179,
                            20.734281
                        ],
                        [
                            -103.382103,
                            20.734053
                        ],
                        [
                            -103.382137,
                            20.733926
                        ]
                    ]
                ]
            },
            "bbox": [
                -103.382137,
                20.733926,
                -103.381615,
                20.734281
            ]
        },
        {
            "type": "Feature",
            "properties": {
                "name": "Estacionamiento",
                "Grupo": "Parking",
                "oferta": 1,
                "@id": "32bd0c00-64e3-11f1-bf78-dd176f6a3056"
            },
            "geometry": {
                "type": "Polygon",
                "coordinates": [
                    [
                        [
                            -103.380187,
                            20.734682
                        ],
                        [
                            -103.380402,
                            20.733695
                        ],
                        [
                            -103.379829,
                            20.733586
                        ],
                        [
                            -103.379599,
                            20.734538
                        ],
                        [
                            -103.379435,
                            20.735199
                        ],
                        [
                            -103.379497,
                            20.735273
                        ],
                        [
                            -103.379571,
                            20.735303
                        ],
                        [
                            -103.380436,
                            20.734727
                        ],
                        [
                            -103.380187,
                            20.734682
                        ]
                    ]
                ]
            },
            "bbox": [
                -103.380436,
                20.733586,
                -103.379435,
                20.735303
            ]
        },
        {
            "type": "Feature",
            "properties": {
                "name": "Estacionamiento",
                "Grupo": "Parking",
                "oferta": 1,
                "@id": "44d1a5e0-64e3-11f1-bf78-dd176f6a3056"
            },
            "geometry": {
                "type": "Polygon",
                "coordinates": [
                    [
                        [
                            -103.380431,
                            20.73359
                        ],
                        [
                            -103.380521,
                            20.733466
                        ],
                        [
                            -103.380424,
                            20.733115
                        ],
                        [
                            -103.380268,
                            20.732376
                        ],
                        [
                            -103.380086,
                            20.732417
                        ],
                        [
                            -103.379927,
                            20.733094
                        ],
                        [
                            -103.37983,
                            20.733512
                        ],
                        [
                            -103.380318,
                            20.733606
                        ],
                        [
                            -103.380431,
                            20.73359
                        ]
                    ]
                ]
            },
            "bbox": [
                -103.380521,
                20.732376,
                -103.37983,
                20.733606
            ]
        },
        {
            "type": "Feature",
            "properties": {
                "name": "Estacionamiento",
                "Grupo": "Parking",
                "oferta": 1,
                "@id": "976ca6b0-64e3-11f1-bf78-dd176f6a3056"
            },
            "geometry": {
                "type": "Polygon",
                "coordinates": [
                    [
                        [
                            -103.379528,
                            20.73378
                        ],
                        [
                            -103.379902,
                            20.732072
                        ],
                        [
                            -103.379902,
                            20.732072
                        ],
                        [
                            -103.377036,
                            20.731493
                        ],
                        [
                            -103.376921,
                            20.732003
                        ],
                        [
                            -103.377101,
                            20.732051
                        ],
                        [
                            -103.377073,
                            20.732168
                        ],
                        [
                            -103.377272,
                            20.732211
                        ],
                        [
                            -103.377189,
                            20.732548
                        ],
                        [
                            -103.376824,
                            20.732479
                        ],
                        [
                            -103.376606,
                            20.733214
                        ],
                        [
                            -103.379528,
                            20.73378
                        ]
                    ]
                ]
            },
            "bbox": [
                -103.379902,
                20.731493,
                -103.376606,
                20.73378
            ]
        },
        {
            "type": "Feature",
            "properties": {
                "name": "Estacionamiento",
                "Grupo": "Parking",
                "oferta": 1,
                "@id": "e58098c0-64e3-11f1-bf78-dd176f6a3056"
            },
            "geometry": {
                "type": "Polygon",
                "coordinates": [
                    [
                        [
                            -103.37857,
                            20.734117
                        ],
                        [
                            -103.378601,
                            20.733999
                        ],
                        [
                            -103.377637,
                            20.733815
                        ],
                        [
                            -103.37765,
                            20.733732
                        ],
                        [
                            -103.377513,
                            20.733707
                        ],
                        [
                            -103.377492,
                            20.733789
                        ],
                        [
                            -103.377284,
                            20.733748
                        ],
                        [
                            -103.377296,
                            20.733687
                        ],
                        [
                            -103.376529,
                            20.733539
                        ],
                        [
                            -103.376499,
                            20.733681
                        ],
                        [
                            -103.377253,
                            20.733839
                        ],
                        [
                            -103.377267,
                            20.733795
                        ],
                        [
                            -103.377563,
                            20.733856
                        ],
                        [
                            -103.377548,
                            20.733909
                        ],
                        [
                            -103.378003,
                            20.734006
                        ],
                        [
                            -103.378017,
                            20.733948
                        ],
                        [
                            -103.378168,
                            20.733984
                        ],
                        [
                            -103.378159,
                            20.734036
                        ],
                        [
                            -103.37857,
                            20.734117
                        ]
                    ]
                ]
            },
            "bbox": [
                -103.378601,
                20.733539,
                -103.376499,
                20.734117
            ]
        },
        {
            "type": "Feature",
            "properties": {
                "name": "Estacionamiento",
                "Grupo": "Parking",
                "oferta": 1,
                "@id": "226520d0-64e4-11f1-bf78-dd176f6a3056"
            },
            "geometry": {
                "type": "Polygon",
                "coordinates": [
                    [
                        [
                            -103.378005,
                            20.740202
                        ],
                        [
                            -103.378101,
                            20.739646
                        ],
                        [
                            -103.377947,
                            20.739621
                        ],
                        [
                            -103.378233,
                            20.739312
                        ],
                        [
                            -103.378323,
                            20.738884
                        ],
                        [
                            -103.37752,
                            20.738677
                        ],
                        [
                            -103.377214,
                            20.740074
                        ],
                        [
                            -103.377817,
                            20.740151
                        ],
                        [
                            -103.377817,
                            20.740175
                        ],
                        [
                            -103.378005,
                            20.740202
                        ]
                    ]
                ]
            },
            "bbox": [
                -103.378323,
                20.738677,
                -103.377214,
                20.740202
            ]
        },
        {
            "type": "Feature",
            "properties": {
                "name": "Estacionamiento",
                "Grupo": "Parking",
                "oferta": 1,
                "@id": "453665b0-64e4-11f1-bf78-dd176f6a3056"
            },
            "geometry": {
                "type": "Polygon",
                "coordinates": [
                    [
                        [
                            -103.379234,
                            20.741641
                        ],
                        [
                            -103.379289,
                            20.741397
                        ],
                        [
                            -103.379383,
                            20.741009
                        ],
                        [
                            -103.379633,
                            20.740045
                        ],
                        [
                            -103.379407,
                            20.739988
                        ],
                        [
                            -103.37945,
                            20.739836
                        ],
                        [
                            -103.379612,
                            20.739252
                        ],
                        [
                            -103.378757,
                            20.739063
                        ],
                        [
                            -103.378173,
                            20.741404
                        ],
                        [
                            -103.379234,
                            20.741641
                        ]
                    ]
                ]
            },
            "bbox": [
                -103.379633,
                20.739063,
                -103.378173,
                20.741641
            ]
        },
        {
            "type": "Feature",
            "properties": {
                "name": "Estacionamiento",
                "Grupo": "Parking",
                "oferta": 1,
                "@id": "6c932620-64e4-11f1-bf78-dd176f6a3056"
            },
            "geometry": {
                "type": "Polygon",
                "coordinates": [
                    [
                        [
                            -103.382658,
                            20.740538
                        ],
                        [
                            -103.382849,
                            20.739891
                        ],
                        [
                            -103.381786,
                            20.739643
                        ],
                        [
                            -103.381609,
                            20.740289
                        ],
                        [
                            -103.382658,
                            20.740538
                        ]
                    ]
                ]
            },
            "bbox": [
                -103.382849,
                20.739643,
                -103.381609,
                20.740538
            ]
        },
        {
            "type": "Feature",
            "properties": {
                "name": "Estacionamiento",
                "Grupo": "Parking",
                "oferta": 1,
                "@id": "79f6bb10-64e4-11f1-bf78-dd176f6a3056"
            },
            "geometry": {
                "type": "Polygon",
                "coordinates": [
                    [
                        [
                            -103.381601,
                            20.740138
                        ],
                        [
                            -103.381737,
                            20.739646
                        ],
                        [
                            -103.381708,
                            20.739607
                        ],
                        [
                            -103.381615,
                            20.739653
                        ],
                        [
                            -103.381555,
                            20.739659
                        ],
                        [
                            -103.381309,
                            20.739582
                        ],
                        [
                            -103.380847,
                            20.739455
                        ],
                        [
                            -103.380723,
                            20.73992
                        ],
                        [
                            -103.381601,
                            20.740138
                        ]
                    ]
                ]
            },
            "bbox": [
                -103.381737,
                20.739455,
                -103.380723,
                20.740138
            ]
        },
        {
            "type": "Feature",
            "properties": {
                "name": "Estacionamiento",
                "Grupo": "Parking",
                "oferta": 1,
                "@id": "91416860-64e4-11f1-bf78-dd176f6a3056"
            },
            "geometry": {
                "type": "Polygon",
                "coordinates": [
                    [
                        [
                            -103.382795,
                            20.740376
                        ],
                        [
                            -103.382748,
                            20.740517
                        ],
                        [
                            -103.383197,
                            20.740581
                        ],
                        [
                            -103.383272,
                            20.740506
                        ],
                        [
                            -103.382795,
                            20.740376
                        ]
                    ]
                ]
            },
            "bbox": [
                -103.383272,
                20.740376,
                -103.382748,
                20.740581
            ]
        },
        {
            "type": "Feature",
            "properties": {
                "name": "Estacionamiento",
                "Grupo": "Parking",
                "oferta": 1,
                "@id": "9fe9d960-64e4-11f1-bf78-dd176f6a3056"
            },
            "geometry": {
                "type": "Polygon",
                "coordinates": [
                    [
                        [
                            -103.377558,
                            20.742396
                        ],
                        [
                            -103.377786,
                            20.741405
                        ],
                        [
                            -103.377587,
                            20.741367
                        ],
                        [
                            -103.377366,
                            20.742362
                        ],
                        [
                            -103.377558,
                            20.742396
                        ]
                    ]
                ]
            },
            "bbox": [
                -103.377786,
                20.741367,
                -103.377366,
                20.742396
            ]
        },
        {
            "type": "Feature",
            "properties": {
                "name": "Estacionamiento",
                "Grupo": "Parking",
                "oferta": 1,
                "@id": "a8ea8960-64e4-11f1-bf78-dd176f6a3056"
            },
            "geometry": {
                "type": "Polygon",
                "coordinates": [
                    [
                        [
                            -103.377833,
                            20.741082
                        ],
                        [
                            -103.377962,
                            20.740361
                        ],
                        [
                            -103.37796,
                            20.740361
                        ],
                        [
                            -103.377899,
                            20.740339
                        ],
                        [
                            -103.377882,
                            20.740421
                        ],
                        [
                            -103.377757,
                            20.740412
                        ],
                        [
                            -103.377671,
                            20.741022
                        ],
                        [
                            -103.377692,
                            20.741022
                        ],
                        [
                            -103.377683,
                            20.741064
                        ],
                        [
                            -103.377833,
                            20.741082
                        ]
                    ]
                ]
            },
            "bbox": [
                -103.377962,
                20.740339,
                -103.377671,
                20.741082
            ]
        },
        {
            "type": "Feature",
            "properties": {
                "name": "Estacionamiento",
                "Grupo": "Parking",
                "oferta": 1,
                "@id": "195efd20-64e5-11f1-bf78-dd176f6a3056"
            },
            "geometry": {
                "type": "Polygon",
                "coordinates": [
                    [
                        [
                            -103.376125,
                            20.736544
                        ],
                        [
                            -103.376182,
                            20.736333
                        ],
                        [
                            -103.376427,
                            20.736393
                        ],
                        [
                            -103.37647,
                            20.736221
                        ],
                        [
                            -103.375767,
                            20.736059
                        ],
                        [
                            -103.37567,
                            20.736439
                        ],
                        [
                            -103.376125,
                            20.736544
                        ]
                    ]
                ]
            },
            "bbox": [
                -103.37647,
                20.736059,
                -103.37567,
                20.736544
            ]
        },
        {
            "type": "Feature",
            "properties": {
                "name": "Estacionamiento",
                "Grupo": "Parking",
                "oferta": 1,
                "@id": "266270b0-64e5-11f1-bf78-dd176f6a3056"
            },
            "geometry": {
                "type": "Polygon",
                "coordinates": [
                    [
                        [
                            -103.376574,
                            20.736057
                        ],
                        [
                            -103.376906,
                            20.736122
                        ],
                        [
                            -103.377037,
                            20.735586
                        ],
                        [
                            -103.376788,
                            20.735519
                        ],
                        [
                            -103.376911,
                            20.73493
                        ],
                        [
                            -103.37696,
                            20.734933
                        ],
                        [
                            -103.376989,
                            20.734791
                        ],
                        [
                            -103.376167,
                            20.73463
                        ],
                        [
                            -103.375821,
                            20.735903
                        ],
                        [
                            -103.376574,
                            20.736057
                        ]
                    ]
                ]
            },
            "bbox": [
                -103.377037,
                20.73463,
                -103.375821,
                20.736122
            ]
        },
        {
            "type": "Feature",
            "properties": {
                "name": "Estacionamiento",
                "Grupo": "Parking",
                "oferta": 1,
                "@id": "62a22d40-64e5-11f1-bf78-dd176f6a3056"
            },
            "geometry": {
                "type": "Polygon",
                "coordinates": [
                    [
                        [
                            -103.380682,
                            20.732203
                        ],
                        [
                            -103.380674,
                            20.732258
                        ],
                        [
                            -103.380824,
                            20.732287
                        ],
                        [
                            -103.381046,
                            20.732333
                        ],
                        [
                            -103.381667,
                            20.732447
                        ],
                        [
                            -103.381804,
                            20.732466
                        ],
                        [
                            -103.381981,
                            20.732556
                        ],
                        [
                            -103.382017,
                            20.732477
                        ],
                        [
                            -103.381823,
                            20.732402
                        ],
                        [
                            -103.381635,
                            20.732376
                        ],
                        [
                            -103.381351,
                            20.732329
                        ],
                        [
                            -103.381032,
                            20.732272
                        ],
                        [
                            -103.380682,
                            20.732203
                        ]
                    ]
                ]
            },
            "bbox": [
                -103.382017,
                20.732203,
                -103.380674,
                20.732556
            ]
        },
        {
            "type": "Feature",
            "properties": {
                "name": "Estacionamiento",
                "Grupo": "Parking",
                "oferta": 1,
                "@id": "839897a0-64e5-11f1-bf78-dd176f6a3056"
            },
            "geometry": {
                "type": "Polygon",
                "coordinates": [
                    [
                        [
                            -103.381607,
                            20.732524
                        ],
                        [
                            -103.381502,
                            20.732973
                        ],
                        [
                            -103.381559,
                            20.732993
                        ],
                        [
                            -103.381655,
                            20.732532
                        ],
                        [
                            -103.381607,
                            20.732524
                        ]
                    ]
                ]
            },
            "bbox": [
                -103.381655,
                20.732524,
                -103.381502,
                20.732993
            ]
        },
        {
            "type": "Feature",
            "properties": {
                "name": "Estacionamiento",
                "Grupo": "Parking",
                "oferta": 1,
                "@id": "8d2b9c90-64e5-11f1-bf78-dd176f6a3056"
            },
            "geometry": {
                "type": "Polygon",
                "coordinates": [
                    [
                        [
                            -103.381268,
                            20.732473
                        ],
                        [
                            -103.380818,
                            20.732381
                        ],
                        [
                            -103.380805,
                            20.732432
                        ],
                        [
                            -103.381253,
                            20.732514
                        ],
                        [
                            -103.381268,
                            20.732473
                        ]
                    ]
                ]
            },
            "bbox": [
                -103.381268,
                20.732381,
                -103.380805,
                20.732514
            ]
        },
        {
            "type": "Feature",
            "properties": {
                "name": "Estacionamiento",
                "Grupo": "Parking",
                "oferta": 1,
                "@id": "9d22d4b0-64e5-11f1-bf78-dd176f6a3056"
            },
            "geometry": {
                "type": "Polygon",
                "coordinates": [
                    [
                        [
                            -103.376104,
                            20.733727
                        ],
                        [
                            -103.376139,
                            20.733605
                        ],
                        [
                            -103.376096,
                            20.733587
                        ],
                        [
                            -103.376147,
                            20.733433
                        ],
                        [
                            -103.376226,
                            20.733129
                        ],
                        [
                            -103.376487,
                            20.732207
                        ],
                        [
                            -103.376378,
                            20.732187
                        ],
                        [
                            -103.376392,
                            20.73214
                        ],
                        [
                            -103.375904,
                            20.732055
                        ],
                        [
                            -103.375521,
                            20.733585
                        ],
                        [
                            -103.376104,
                            20.733727
                        ]
                    ]
                ]
            },
            "bbox": [
                -103.376487,
                20.732055,
                -103.375521,
                20.733727
            ]
        },
        {
            "type": "Feature",
            "properties": {
                "name": "Estacionamiento",
                "Grupo": "Parking",
                "oferta": 1,
                "@id": "169ba1f0-64e6-11f1-bf78-dd176f6a3056"
            },
            "geometry": {
                "type": "Polygon",
                "coordinates": [
                    [
                        [
                            -103.371647,
                            20.73486
                        ],
                        [
                            -103.371642,
                            20.734766
                        ],
                        [
                            -103.371232,
                            20.734824
                        ],
                        [
                            -103.371141,
                            20.734862
                        ],
                        [
                            -103.371163,
                            20.735241
                        ],
                        [
                            -103.371182,
                            20.73525
                        ],
                        [
                            -103.371172,
                            20.735286
                        ],
                        [
                            -103.371113,
                            20.735324
                        ],
                        [
                            -103.371101,
                            20.735362
                        ],
                        [
                            -103.371048,
                            20.735373
                        ],
                        [
                            -103.371065,
                            20.735772
                        ],
                        [
                            -103.371153,
                            20.73579
                        ],
                        [
                            -103.371211,
                            20.735822
                        ],
                        [
                            -103.371235,
                            20.735866
                        ],
                        [
                            -103.371314,
                            20.735851
                        ],
                        [
                            -103.371316,
                            20.735815
                        ],
                        [
                            -103.371721,
                            20.735288
                        ],
                        [
                            -103.371652,
                            20.735225
                        ],
                        [
                            -103.371647,
                            20.73486
                        ]
                    ]
                ]
            },
            "bbox": [
                -103.371721,
                20.734766,
                -103.371048,
                20.735866
            ]
        },
        {
            "type": "Feature",
            "properties": {
                "name": "Mi Bici",
                "Grupo": "Bici Pública",
                "demanda": "",
                "oferta": 1,
                "@id": "6a309320-64e6-11f1-bf78-dd176f6a3056"
            },
            "geometry": {
                "type": "Point",
                "coordinates": [
                    -103.391924,
                    20.729073
                ]
            },
            "bbox": [
                -103.391924,
                20.729073,
                -103.391924,
                20.729073
            ]
        },
        {
            "type": "Feature",
            "properties": {
                "name": "Mi Bici",
                "Grupo": "Bici Pública",
                "demanda": "",
                "oferta": 1,
                "@id": "6fe880c0-64e6-11f1-bf78-dd176f6a3056"
            },
            "geometry": {
                "type": "Point",
                "coordinates": [
                    -103.394191,
                    20.730816
                ]
            },
            "bbox": [
                -103.394191,
                20.730816,
                -103.394191,
                20.730816
            ]
        },
        {
            "type": "Feature",
            "properties": {
                "name": "Mi Bici",
                "Grupo": "Bici Pública",
                "demanda": "",
                "oferta": 1,
                "@id": "78ffed10-64e6-11f1-bf78-dd176f6a3056"
            },
            "geometry": {
                "type": "Point",
                "coordinates": [
                    -103.39027,
                    20.72849
                ]
            },
            "bbox": [
                -103.39027,
                20.72849,
                -103.39027,
                20.72849
            ]
        },
        {
            "type": "Feature",
            "properties": {
                "name": "Mi Bici",
                "Grupo": "Bici Pública",
                "demanda": "",
                "oferta": 1,
                "@id": "7e1cac20-64e6-11f1-bf78-dd176f6a3056"
            },
            "geometry": {
                "type": "Point",
                "coordinates": [
                    -103.388186,
                    20.727841
                ]
            },
            "bbox": [
                -103.388186,
                20.727841,
                -103.388186,
                20.727841
            ]
        },
        {
            "type": "Feature",
            "properties": {
                "name": "Mi Bici",
                "Grupo": "Bici Pública",
                "demanda": "",
                "oferta": 1,
                "@id": "8371e050-64e6-11f1-bf78-dd176f6a3056"
            },
            "geometry": {
                "type": "Point",
                "coordinates": [
                    -103.386264,
                    20.727147
                ]
            },
            "bbox": [
                -103.386264,
                20.727147,
                -103.386264,
                20.727147
            ]
        },
        {
            "type": "Feature",
            "properties": {
                "name": "Mi Bici",
                "Grupo": "Bici Pública",
                "oferta": 1,
                "@id": "890507e0-64e6-11f1-bf78-dd176f6a3056"
            },
            "geometry": {
                "type": "Point",
                "coordinates": [
                    -103.384226,
                    20.7285
                ]
            },
            "bbox": [
                -103.384226,
                20.7285,
                -103.384226,
                20.7285
            ]
        },
        {
            "type": "Feature",
            "properties": {
                "name": "Estacionamiento",
                "Grupo": "Parking",
                "oferta": 1,
                "@id": "e410d4c0-64e6-11f1-bf78-dd176f6a3056"
            },
            "geometry": {
                "type": "Polygon",
                "coordinates": [
                    [
                        [
                            -103.383246,
                            20.737015
                        ],
                        [
                            -103.383385,
                            20.736173
                        ],
                        [
                            -103.382807,
                            20.73607
                        ],
                        [
                            -103.382279,
                            20.735999
                        ],
                        [
                            -103.382157,
                            20.736889
                        ],
                        [
                            -103.383246,
                            20.737015
                        ]
                    ]
                ]
            },
            "bbox": [
                -103.383385,
                20.735999,
                -103.382157,
                20.737015
            ]
        },
        {
            "type": "Feature",
            "properties": {
                "name": "Mi Bici",
                "Grupo": "Bici Pública",
                "oferta": 1,
                "@id": "0717a890-64e7-11f1-bf78-dd176f6a3056"
            },
            "geometry": {
                "type": "Point",
                "coordinates": [
                    -103.381918,
                    20.723657
                ]
            },
            "bbox": [
                -103.381918,
                20.723657,
                -103.381918,
                20.723657
            ]
        },
        {
            "type": "Feature",
            "properties": {
                "name": "Mi Bici",
                "Grupo": "Bici Pública",
                "oferta": 1,
                "@id": "0dacfde0-64e7-11f1-bf78-dd176f6a3056"
            },
            "geometry": {
                "type": "Point",
                "coordinates": [
                    -103.383079,
                    20.722407
                ]
            },
            "bbox": [
                -103.383079,
                20.722407,
                -103.383079,
                20.722407
            ]
        },
        {
            "type": "Feature",
            "properties": {
                "name": "Mi Bici",
                "Grupo": "Bici Pública",
                "oferta": 1,
                "@id": "12529120-64e7-11f1-bf78-dd176f6a3056"
            },
            "geometry": {
                "type": "Point",
                "coordinates": [
                    -103.38581,
                    20.723215
                ]
            },
            "bbox": [
                -103.38581,
                20.723215,
                -103.38581,
                20.723215
            ]
        },
        {
            "type": "Feature",
            "properties": {
                "name": "Mi Bici",
                "Grupo": "Bici Pública",
                "oferta": 1,
                "@id": "233d29f0-64e7-11f1-bf78-dd176f6a3056"
            },
            "geometry": {
                "type": "Point",
                "coordinates": [
                    -103.389261,
                    20.726547
                ]
            },
            "bbox": [
                -103.389261,
                20.726547,
                -103.389261,
                20.726547
            ]
        },
        {
            "type": "Feature",
            "properties": {
                "name": "Mi Bici",
                "Grupo": "Bici Pública",
                "oferta": 1,
                "@id": "27b6a420-64e7-11f1-bf78-dd176f6a3056"
            },
            "geometry": {
                "type": "Point",
                "coordinates": [
                    -103.387431,
                    20.725257
                ]
            },
            "bbox": [
                -103.387431,
                20.725257,
                -103.387431,
                20.725257
            ]
        },
        {
            "type": "Feature",
            "properties": {
                "@circle": {
                    "type": "Mercator",
                    "center": [
                        -103.382155,
                        20.739328
                    ]
                },
                "name": "Demanda pax 3",
                "Grupo": "Demanda TP",
                "demanda": 1,
                "visibility": false,
                "@id": "890e6140-64e7-11f1-bf78-dd176f6a3056"
            },
            "geometry": {
                "type": "Polygon",
                "coordinates": [
                    [
                        [
                            -103.381857,
                            20.739328
                        ],
                        [
                            -103.381857,
                            20.739346
                        ],
                        [
                            -103.381859,
                            20.739363
                        ],
                        [
                            -103.381862,
                            20.73938
                        ],
                        [
                            -103.381866,
                            20.739397
                        ],
                        [
                            -103.381871,
                            20.739414
                        ],
                        [
                            -103.381878,
                            20.739431
                        ],
                        [
                            -103.381885,
                            20.739447
                        ],
                        [
                            -103.381894,
                            20.739462
                        ],
                        [
                            -103.381903,
                            20.739478
                        ],
                        [
                            -103.381914,
                            20.739492
                        ],
                        [
                            -103.381925,
                            20.739506
                        ],
                        [
                            -103.381938,
                            20.739519
                        ],
                        [
                            -103.381951,
                            20.739531
                        ],
                        [
                            -103.381965,
                            20.739543
                        ],
                        [
                            -103.38198,
                            20.739554
                        ],
                        [
                            -103.381995,
                            20.739564
                        ],
                        [
                            -103.382011,
                            20.739573
                        ],
                        [
                            -103.382028,
                            20.739581
                        ],
                        [
                            -103.382045,
                            20.739587
                        ],
                        [
                            -103.382063,
                            20.739593
                        ],
                        [
                            -103.382081,
                            20.739598
                        ],
                        [
                            -103.382099,
                            20.739602
                        ],
                        [
                            -103.382118,
                            20.739605
                        ],
                        [
                            -103.382136,
                            20.739607
                        ],
                        [
                            -103.382155,
                            20.739607
                        ],
                        [
                            -103.382174,
                            20.739607
                        ],
                        [
                            -103.382192,
                            20.739605
                        ],
                        [
                            -103.382211,
                            20.739602
                        ],
                        [
                            -103.382229,
                            20.739598
                        ],
                        [
                            -103.382247,
                            20.739593
                        ],
                        [
                            -103.382265,
                            20.739587
                        ],
                        [
                            -103.382282,
                            20.739581
                        ],
                        [
                            -103.382299,
                            20.739573
                        ],
                        [
                            -103.382315,
                            20.739564
                        ],
                        [
                            -103.38233,
                            20.739554
                        ],
                        [
                            -103.382345,
                            20.739543
                        ],
                        [
                            -103.382359,
                            20.739531
                        ],
                        [
                            -103.382373,
                            20.739519
                        ],
                        [
                            -103.382385,
                            20.739506
                        ],
                        [
                            -103.382396,
                            20.739492
                        ],
                        [
                            -103.382407,
                            20.739478
                        ],
                        [
                            -103.382416,
                            20.739462
                        ],
                        [
                            -103.382425,
                            20.739447
                        ],
                        [
                            -103.382432,
                            20.739431
                        ],
                        [
                            -103.382439,
                            20.739414
                        ],
                        [
                            -103.382444,
                            20.739397
                        ],
                        [
                            -103.382448,
                            20.73938
                        ],
                        [
                            -103.382451,
                            20.739363
                        ],
                        [
                            -103.382453,
                            20.739346
                        ],
                        [
                            -103.382453,
                            20.739328
                        ],
                        [
                            -103.382453,
                            20.739311
                        ],
                        [
                            -103.382451,
                            20.739293
                        ],
                        [
                            -103.382448,
                            20.739276
                        ],
                        [
                            -103.382444,
                            20.739259
                        ],
                        [
                            -103.382439,
                            20.739242
                        ],
                        [
                            -103.382432,
                            20.739225
                        ],
                        [
                            -103.382425,
                            20.739209
                        ],
                        [
                            -103.382416,
                            20.739194
                        ],
                        [
                            -103.382407,
                            20.739179
                        ],
                        [
                            -103.382396,
                            20.739164
                        ],
                        [
                            -103.382385,
                            20.73915
                        ],
                        [
                            -103.382373,
                            20.739137
                        ],
                        [
                            -103.382359,
                            20.739125
                        ],
                        [
                            -103.382345,
                            20.739113
                        ],
                        [
                            -103.38233,
                            20.739102
                        ],
                        [
                            -103.382315,
                            20.739092
                        ],
                        [
                            -103.382299,
                            20.739084
                        ],
                        [
                            -103.382282,
                            20.739076
                        ],
                        [
                            -103.382265,
                            20.739069
                        ],
                        [
                            -103.382247,
                            20.739063
                        ],
                        [
                            -103.382229,
                            20.739058
                        ],
                        [
                            -103.382211,
                            20.739054
                        ],
                        [
                            -103.382192,
                            20.739051
                        ],
                        [
                            -103.382174,
                            20.73905
                        ],
                        [
                            -103.382155,
                            20.739049
                        ],
                        [
                            -103.382136,
                            20.73905
                        ],
                        [
                            -103.382118,
                            20.739051
                        ],
                        [
                            -103.382099,
                            20.739054
                        ],
                        [
                            -103.382081,
                            20.739058
                        ],
                        [
                            -103.382063,
                            20.739063
                        ],
                        [
                            -103.382045,
                            20.739069
                        ],
                        [
                            -103.382028,
                            20.739076
                        ],
                        [
                            -103.382011,
                            20.739084
                        ],
                        [
                            -103.381995,
                            20.739092
                        ],
                        [
                            -103.38198,
                            20.739102
                        ],
                        [
                            -103.381965,
                            20.739113
                        ],
                        [
                            -103.381951,
                            20.739125
                        ],
                        [
                            -103.381938,
                            20.739137
                        ],
                        [
                            -103.381925,
                            20.73915
                        ],
                        [
                            -103.381914,
                            20.739164
                        ],
                        [
                            -103.381903,
                            20.739179
                        ],
                        [
                            -103.381894,
                            20.739194
                        ],
                        [
                            -103.381885,
                            20.739209
                        ],
                        [
                            -103.381878,
                            20.739225
                        ],
                        [
                            -103.381871,
                            20.739242
                        ],
                        [
                            -103.381866,
                            20.739259
                        ],
                        [
                            -103.381862,
                            20.739276
                        ],
                        [
                            -103.381859,
                            20.739293
                        ],
                        [
                            -103.381857,
                            20.739328
                        ]
                    ]
                ]
            },
            "bbox": [
                -103.382453,
                20.739049,
                -103.381857,
                20.739607
            ]
        },
        {
            "type": "Feature",
            "properties": {
                "@circle": {
                    "type": "Mercator",
                    "center": [
                        -103.3763727,
                        20.737777
                    ]
                },
                "name": "Demanda pax 2",
                "Grupo": "Demanda TP",
                "demanda": 1,
                "visibility": false,
                "@id": "9c1152c0-64e7-11f1-bf78-dd176f6a3056"
            },
            "geometry": {
                "type": "Polygon",
                "coordinates": [
                    [
                        [
                            -103.37605,
                            20.737777
                        ],
                        [
                            -103.37605,
                            20.737796
                        ],
                        [
                            -103.376052,
                            20.737815
                        ],
                        [
                            -103.376055,
                            20.737834
                        ],
                        [
                            -103.37606,
                            20.737852
                        ],
                        [
                            -103.376065,
                            20.73787
                        ],
                        [
                            -103.376072,
                            20.737888
                        ],
                        [
                            -103.37608,
                            20.737906
                        ],
                        [
                            -103.376089,
                            20.737923
                        ],
                        [
                            -103.3761,
                            20.737939
                        ],
                        [
                            -103.376111,
                            20.737955
                        ],
                        [
                            -103.376124,
                            20.73797
                        ],
                        [
                            -103.376137,
                            20.737984
                        ],
                        [
                            -103.376151,
                            20.737997
                        ],
                        [
                            -103.376167,
                            20.73801
                        ],
                        [
                            -103.376183,
                            20.738022
                        ],
                        [
                            -103.3762,
                            20.738032
                        ],
                        [
                            -103.376217,
                            20.738042
                        ],
                        [
                            -103.376235,
                            20.73805
                        ],
                        [
                            -103.376254,
                            20.738058
                        ],
                        [
                            -103.376273,
                            20.738064
                        ],
                        [
                            -103.376292,
                            20.73807
                        ],
                        [
                            -103.376312,
                            20.738074
                        ],
                        [
                            -103.376332,
                            20.738077
                        ],
                        [
                            -103.376352,
                            20.738079
                        ],
                        [
                            -103.376373,
                            20.738079
                        ],
                        [
                            -103.376393,
                            20.738079
                        ],
                        [
                            -103.376413,
                            20.738077
                        ],
                        [
                            -103.376433,
                            20.738074
                        ],
                        [
                            -103.376453,
                            20.73807
                        ],
                        [
                            -103.376473,
                            20.738064
                        ],
                        [
                            -103.376492,
                            20.738058
                        ],
                        [
                            -103.37651,
                            20.73805
                        ],
                        [
                            -103.376528,
                            20.738042
                        ],
                        [
                            -103.376546,
                            20.738032
                        ],
                        [
                            -103.376563,
                            20.738022
                        ],
                        [
                            -103.376579,
                            20.73801
                        ],
                        [
                            -103.376594,
                            20.737997
                        ],
                        [
                            -103.376608,
                            20.737984
                        ],
                        [
                            -103.376622,
                            20.73797
                        ],
                        [
                            -103.376634,
                            20.737955
                        ],
                        [
                            -103.376646,
                            20.737939
                        ],
                        [
                            -103.376656,
                            20.737923
                        ],
                        [
                            -103.376665,
                            20.737906
                        ],
                        [
                            -103.376673,
                            20.737888
                        ],
                        [
                            -103.37668,
                            20.73787
                        ],
                        [
                            -103.376686,
                            20.737852
                        ],
                        [
                            -103.37669,
                            20.737834
                        ],
                        [
                            -103.376693,
                            20.737815
                        ],
                        [
                            -103.376695,
                            20.737796
                        ],
                        [
                            -103.376696,
                            20.737777
                        ],
                        [
                            -103.376695,
                            20.737758
                        ],
                        [
                            -103.376693,
                            20.737739
                        ],
                        [
                            -103.37669,
                            20.73772
                        ],
                        [
                            -103.376686,
                            20.737702
                        ],
                        [
                            -103.37668,
                            20.737684
                        ],
                        [
                            -103.376673,
                            20.737666
                        ],
                        [
                            -103.376665,
                            20.737648
                        ],
                        [
                            -103.376656,
                            20.737631
                        ],
                        [
                            -103.376646,
                            20.737615
                        ],
                        [
                            -103.376634,
                            20.737599
                        ],
                        [
                            -103.376622,
                            20.737584
                        ],
                        [
                            -103.376608,
                            20.73757
                        ],
                        [
                            -103.376594,
                            20.737557
                        ],
                        [
                            -103.376579,
                            20.737544
                        ],
                        [
                            -103.376563,
                            20.737532
                        ],
                        [
                            -103.376546,
                            20.737522
                        ],
                        [
                            -103.376528,
                            20.737512
                        ],
                        [
                            -103.37651,
                            20.737504
                        ],
                        [
                            -103.376492,
                            20.737496
                        ],
                        [
                            -103.376473,
                            20.73749
                        ],
                        [
                            -103.376453,
                            20.737484
                        ],
                        [
                            -103.376433,
                            20.73748
                        ],
                        [
                            -103.376413,
                            20.737477
                        ],
                        [
                            -103.376393,
                            20.737475
                        ],
                        [
                            -103.376373,
                            20.737475
                        ],
                        [
                            -103.376352,
                            20.737475
                        ],
                        [
                            -103.376332,
                            20.737477
                        ],
                        [
                            -103.376312,
                            20.73748
                        ],
                        [
                            -103.376292,
                            20.737484
                        ],
                        [
                            -103.376273,
                            20.73749
                        ],
                        [
                            -103.376254,
                            20.737496
                        ],
                        [
                            -103.376235,
                            20.737504
                        ],
                        [
                            -103.376217,
                            20.737512
                        ],
                        [
                            -103.3762,
                            20.737522
                        ],
                        [
                            -103.376183,
                            20.737532
                        ],
                        [
                            -103.376167,
                            20.737544
                        ],
                        [
                            -103.376151,
                            20.737557
                        ],
                        [
                            -103.376137,
                            20.73757
                        ],
                        [
                            -103.376124,
                            20.737584
                        ],
                        [
                            -103.376111,
                            20.737599
                        ],
                        [
                            -103.3761,
                            20.737615
                        ],
                        [
                            -103.376089,
                            20.737631
                        ],
                        [
                            -103.37608,
                            20.737648
                        ],
                        [
                            -103.376072,
                            20.737666
                        ],
                        [
                            -103.376065,
                            20.737684
                        ],
                        [
                            -103.37606,
                            20.737702
                        ],
                        [
                            -103.376055,
                            20.73772
                        ],
                        [
                            -103.376052,
                            20.737739
                        ],
                        [
                            -103.37605,
                            20.737777
                        ]
                    ]
                ]
            },
            "bbox": [
                -103.376696,
                20.737475,
                -103.37605,
                20.738079
            ]
        },
        {
            "type": "Feature",
            "properties": {
                "@circle": {
                    "type": "Mercator",
                    "center": [
                        -103.3630841,
                        20.7342121
                    ]
                },
                "visibility": false,
                "name": "Demanda pax 3",
                "Grupo": "Demanda TP",
                "demanda": 1,
                "@id": "aabca9f0-64e7-11f1-bf78-dd176f6a3056"
            },
            "geometry": {
                "type": "Polygon",
                "coordinates": [
                    [
                        [
                            -103.36275,
                            20.734212
                        ],
                        [
                            -103.362751,
                            20.734232
                        ],
                        [
                            -103.362753,
                            20.734251
                        ],
                        [
                            -103.362756,
                            20.734271
                        ],
                        [
                            -103.362761,
                            20.73429
                        ],
                        [
                            -103.362766,
                            20.734309
                        ],
                        [
                            -103.362773,
                            20.734327
                        ],
                        [
                            -103.362782,
                            20.734345
                        ],
                        [
                            -103.362791,
                            20.734363
                        ],
                        [
                            -103.362802,
                            20.734379
                        ],
                        [
                            -103.362814,
                            20.734396
                        ],
                        [
                            -103.362827,
                            20.734411
                        ],
                        [
                            -103.362841,
                            20.734426
                        ],
                        [
                            -103.362855,
                            20.73444
                        ],
                        [
                            -103.362871,
                            20.734453
                        ],
                        [
                            -103.362888,
                            20.734465
                        ],
                        [
                            -103.362905,
                            20.734476
                        ],
                        [
                            -103.362923,
                            20.734486
                        ],
                        [
                            -103.362942,
                            20.734495
                        ],
                        [
                            -103.362961,
                            20.734503
                        ],
                        [
                            -103.362981,
                            20.734509
                        ],
                        [
                            -103.363001,
                            20.734515
                        ],
                        [
                            -103.363022,
                            20.734519
                        ],
                        [
                            -103.363042,
                            20.734522
                        ],
                        [
                            -103.363063,
                            20.734524
                        ],
                        [
                            -103.363084,
                            20.734525
                        ],
                        [
                            -103.363105,
                            20.734524
                        ],
                        [
                            -103.363126,
                            20.734522
                        ],
                        [
                            -103.363147,
                            20.734519
                        ],
                        [
                            -103.363167,
                            20.734515
                        ],
                        [
                            -103.363187,
                            20.734509
                        ],
                        [
                            -103.363207,
                            20.734503
                        ],
                        [
                            -103.363226,
                            20.734495
                        ],
                        [
                            -103.363245,
                            20.734486
                        ],
                        [
                            -103.363263,
                            20.734476
                        ],
                        [
                            -103.363281,
                            20.734465
                        ],
                        [
                            -103.363297,
                            20.734453
                        ],
                        [
                            -103.363313,
                            20.73444
                        ],
                        [
                            -103.363328,
                            20.734426
                        ],
                        [
                            -103.363342,
                            20.734411
                        ],
                        [
                            -103.363354,
                            20.734396
                        ],
                        [
                            -103.363366,
                            20.734379
                        ],
                        [
                            -103.363377,
                            20.734363
                        ],
                        [
                            -103.363386,
                            20.734345
                        ],
                        [
                            -103.363395,
                            20.734327
                        ],
                        [
                            -103.363402,
                            20.734309
                        ],
                        [
                            -103.363408,
                            20.73429
                        ],
                        [
                            -103.363412,
                            20.734271
                        ],
                        [
                            -103.363416,
                            20.734251
                        ],
                        [
                            -103.363418,
                            20.734232
                        ],
                        [
                            -103.363418,
                            20.734212
                        ],
                        [
                            -103.363418,
                            20.734192
                        ],
                        [
                            -103.363416,
                            20.734173
                        ],
                        [
                            -103.363412,
                            20.734154
                        ],
                        [
                            -103.363408,
                            20.734134
                        ],
                        [
                            -103.363402,
                            20.734116
                        ],
                        [
                            -103.363395,
                            20.734097
                        ],
                        [
                            -103.363386,
                            20.734079
                        ],
                        [
                            -103.363377,
                            20.734062
                        ],
                        [
                            -103.363366,
                            20.734045
                        ],
                        [
                            -103.363354,
                            20.734028
                        ],
                        [
                            -103.363342,
                            20.734013
                        ],
                        [
                            -103.363328,
                            20.733998
                        ],
                        [
                            -103.363313,
                            20.733984
                        ],
                        [
                            -103.363297,
                            20.733971
                        ],
                        [
                            -103.363281,
                            20.733959
                        ],
                        [
                            -103.363263,
                            20.733948
                        ],
                        [
                            -103.363245,
                            20.733938
                        ],
                        [
                            -103.363226,
                            20.733929
                        ],
                        [
                            -103.363207,
                            20.733922
                        ],
                        [
                            -103.363187,
                            20.733915
                        ],
                        [
                            -103.363167,
                            20.733909
                        ],
                        [
                            -103.363147,
                            20.733905
                        ],
                        [
                            -103.363126,
                            20.733902
                        ],
                        [
                            -103.363105,
                            20.7339
                        ],
                        [
                            -103.363084,
                            20.7339
                        ],
                        [
                            -103.363063,
                            20.7339
                        ],
                        [
                            -103.363042,
                            20.733902
                        ],
                        [
                            -103.363022,
                            20.733905
                        ],
                        [
                            -103.363001,
                            20.733909
                        ],
                        [
                            -103.362981,
                            20.733915
                        ],
                        [
                            -103.362961,
                            20.733922
                        ],
                        [
                            -103.362942,
                            20.733929
                        ],
                        [
                            -103.362923,
                            20.733938
                        ],
                        [
                            -103.362905,
                            20.733948
                        ],
                        [
                            -103.362888,
                            20.733959
                        ],
                        [
                            -103.362871,
                            20.733971
                        ],
                        [
                            -103.362855,
                            20.733984
                        ],
                        [
                            -103.362841,
                            20.733998
                        ],
                        [
                            -103.362827,
                            20.734013
                        ],
                        [
                            -103.362814,
                            20.734028
                        ],
                        [
                            -103.362802,
                            20.734045
                        ],
                        [
                            -103.362791,
                            20.734062
                        ],
                        [
                            -103.362782,
                            20.734079
                        ],
                        [
                            -103.362773,
                            20.734097
                        ],
                        [
                            -103.362766,
                            20.734116
                        ],
                        [
                            -103.362761,
                            20.734134
                        ],
                        [
                            -103.362756,
                            20.734154
                        ],
                        [
                            -103.362753,
                            20.734173
                        ],
                        [
                            -103.36275,
                            20.734212
                        ]
                    ]
                ]
            },
            "bbox": [
                -103.363418,
                20.7339,
                -103.36275,
                20.734525
            ]
        },
        {
            "type": "Feature",
            "properties": {
                "@circle": {
                    "type": "Mercator",
                    "center": [
                        -103.3892695,
                        20.7288056
                    ]
                },
                "name": "Demanda pax 4",
                "Grupo": "Demanda TP",
                "demanda": 1,
                "visibility": false,
                "@id": "c778c600-64e7-11f1-bf78-dd176f6a3056"
            },
            "geometry": {
                "type": "Polygon",
                "coordinates": [
                    [
                        [
                            -103.388335,
                            20.728806
                        ],
                        [
                            -103.388337,
                            20.72886
                        ],
                        [
                            -103.388342,
                            20.728915
                        ],
                        [
                            -103.388352,
                            20.728969
                        ],
                        [
                            -103.388364,
                            20.729023
                        ],
                        [
                            -103.388381,
                            20.729076
                        ],
                        [
                            -103.388401,
                            20.729127
                        ],
                        [
                            -103.388424,
                            20.729178
                        ],
                        [
                            -103.388451,
                            20.729227
                        ],
                        [
                            -103.38848,
                            20.729274
                        ],
                        [
                            -103.388513,
                            20.729319
                        ],
                        [
                            -103.388549,
                            20.729363
                        ],
                        [
                            -103.388588,
                            20.729404
                        ],
                        [
                            -103.38863,
                            20.729443
                        ],
                        [
                            -103.388674,
                            20.729479
                        ],
                        [
                            -103.38872,
                            20.729513
                        ],
                        [
                            -103.388769,
                            20.729544
                        ],
                        [
                            -103.388819,
                            20.729571
                        ],
                        [
                            -103.388872,
                            20.729596
                        ],
                        [
                            -103.388925,
                            20.729618
                        ],
                        [
                            -103.388981,
                            20.729637
                        ],
                        [
                            -103.389037,
                            20.729652
                        ],
                        [
                            -103.389094,
                            20.729664
                        ],
                        [
                            -103.389152,
                            20.729673
                        ],
                        [
                            -103.389211,
                            20.729678
                        ],
                        [
                            -103.389269,
                            20.72968
                        ],
                        [
                            -103.389328,
                            20.729678
                        ],
                        [
                            -103.389387,
                            20.729673
                        ],
                        [
                            -103.389445,
                            20.729664
                        ],
                        [
                            -103.389502,
                            20.729652
                        ],
                        [
                            -103.389558,
                            20.729637
                        ],
                        [
                            -103.389614,
                            20.729618
                        ],
                        [
                            -103.389667,
                            20.729596
                        ],
                        [
                            -103.38972,
                            20.729571
                        ],
                        [
                            -103.38977,
                            20.729544
                        ],
                        [
                            -103.389819,
                            20.729513
                        ],
                        [
                            -103.389865,
                            20.729479
                        ],
                        [
                            -103.389909,
                            20.729443
                        ],
                        [
                            -103.389951,
                            20.729404
                        ],
                        [
                            -103.38999,
                            20.729363
                        ],
                        [
                            -103.390026,
                            20.729319
                        ],
                        [
                            -103.390059,
                            20.729274
                        ],
                        [
                            -103.390088,
                            20.729227
                        ],
                        [
                            -103.390115,
                            20.729178
                        ],
                        [
                            -103.390138,
                            20.729127
                        ],
                        [
                            -103.390158,
                            20.729076
                        ],
                        [
                            -103.390175,
                            20.729023
                        ],
                        [
                            -103.390187,
                            20.728969
                        ],
                        [
                            -103.390197,
                            20.728915
                        ],
                        [
                            -103.390202,
                            20.72886
                        ],
                        [
                            -103.390204,
                            20.728806
                        ],
                        [
                            -103.390202,
                            20.728751
                        ],
                        [
                            -103.390197,
                            20.728696
                        ],
                        [
                            -103.390187,
                            20.728642
                        ],
                        [
                            -103.390175,
                            20.728588
                        ],
                        [
                            -103.390158,
                            20.728536
                        ],
                        [
                            -103.390138,
                            20.728484
                        ],
                        [
                            -103.390115,
                            20.728433
                        ],
                        [
                            -103.390088,
                            20.728385
                        ],
                        [
                            -103.390059,
                            20.728337
                        ],
                        [
                            -103.390026,
                            20.728292
                        ],
                        [
                            -103.38999,
                            20.728248
                        ],
                        [
                            -103.389951,
                            20.728207
                        ],
                        [
                            -103.389909,
                            20.728168
                        ],
                        [
                            -103.389865,
                            20.728132
                        ],
                        [
                            -103.389819,
                            20.728099
                        ],
                        [
                            -103.38977,
                            20.728068
                        ],
                        [
                            -103.38972,
                            20.72804
                        ],
                        [
                            -103.389667,
                            20.728015
                        ],
                        [
                            -103.389614,
                            20.727993
                        ],
                        [
                            -103.389558,
                            20.727974
                        ],
                        [
                            -103.389502,
                            20.727959
                        ],
                        [
                            -103.389445,
                            20.727947
                        ],
                        [
                            -103.389387,
                            20.727938
                        ],
                        [
                            -103.389328,
                            20.727933
                        ],
                        [
                            -103.389269,
                            20.727932
                        ],
                        [
                            -103.389211,
                            20.727933
                        ],
                        [
                            -103.389152,
                            20.727938
                        ],
                        [
                            -103.389094,
                            20.727947
                        ],
                        [
                            -103.389037,
                            20.727959
                        ],
                        [
                            -103.388981,
                            20.727974
                        ],
                        [
                            -103.388925,
                            20.727993
                        ],
                        [
                            -103.388872,
                            20.728015
                        ],
                        [
                            -103.388819,
                            20.72804
                        ],
                        [
                            -103.388769,
                            20.728068
                        ],
                        [
                            -103.38872,
                            20.728099
                        ],
                        [
                            -103.388674,
                            20.728132
                        ],
                        [
                            -103.38863,
                            20.728168
                        ],
                        [
                            -103.388588,
                            20.728207
                        ],
                        [
                            -103.388549,
                            20.728248
                        ],
                        [
                            -103.388513,
                            20.728292
                        ],
                        [
                            -103.38848,
                            20.728337
                        ],
                        [
                            -103.388451,
                            20.728385
                        ],
                        [
                            -103.388424,
                            20.728433
                        ],
                        [
                            -103.388401,
                            20.728484
                        ],
                        [
                            -103.388381,
                            20.728536
                        ],
                        [
                            -103.388364,
                            20.728588
                        ],
                        [
                            -103.388352,
                            20.728642
                        ],
                        [
                            -103.388342,
                            20.728696
                        ],
                        [
                            -103.388335,
                            20.728806
                        ]
                    ]
                ]
            },
            "bbox": [
                -103.390204,
                20.727932,
                -103.388335,
                20.72968
            ]
        },
        {
            "type": "Feature",
            "properties": {
                "name": "Estacionamiento",
                "Grupo": "Parking",
                "oferta": 1,
                "@id": "336e6860-64e8-11f1-bf78-dd176f6a3056"
            },
            "geometry": {
                "type": "Polygon",
                "coordinates": [
                    [
                        [
                            -103.381918,
                            20.743109
                        ],
                        [
                            -103.380886,
                            20.743198
                        ],
                        [
                            -103.380933,
                            20.743527
                        ],
                        [
                            -103.381079,
                            20.743519
                        ],
                        [
                            -103.38114,
                            20.743928
                        ],
                        [
                            -103.380964,
                            20.74397
                        ],
                        [
                            -103.380972,
                            20.744713
                        ],
                        [
                            -103.38135,
                            20.744778
                        ],
                        [
                            -103.381594,
                            20.743909
                        ],
                        [
                            -103.381778,
                            20.743302
                        ],
                        [
                            -103.381854,
                            20.743305
                        ],
                        [
                            -103.381918,
                            20.743109
                        ]
                    ]
                ]
            },
            "bbox": [
                -103.381918,
                20.743109,
                -103.380886,
                20.744778
            ]
        },
        {
            "type": "Feature",
            "properties": {
                "name": "Área de Estudio",
                "Grupo": "Área de Estudio",
                "visibility": false,
                "@id": "48d75d60-64e8-11f1-bf78-dd176f6a3056"
            },
            "geometry": {
                "type": "Polygon",
                "coordinates": [
                    [
                        [
                            -103.381106,
                            20.745585
                        ],
                        [
                            -103.381969,
                            20.742949
                        ],
                        [
                            -103.382946,
                            20.739539
                        ],
                        [
                            -103.383467,
                            20.736129
                        ],
                        [
                            -103.384295,
                            20.733499
                        ],
                        [
                            -103.385527,
                            20.733675
                        ],
                        [
                            -103.387511,
                            20.734534
                        ],
                        [
                            -103.388806,
                            20.73469
                        ],
                        [
                            -103.390935,
                            20.734905
                        ],
                        [
                            -103.391205,
                            20.729563
                        ],
                        [
                            -103.391804,
                            20.729915
                        ],
                        [
                            -103.392485,
                            20.726173
                        ],
                        [
                            -103.38682,
                            20.725194
                        ],
                        [
                            -103.380349,
                            20.724473
                        ],
                        [
                            -103.371903,
                            20.724064
                        ],
                        [
                            -103.369673,
                            20.724108
                        ],
                        [
                            -103.368692,
                            20.728419
                        ],
                        [
                            -103.367613,
                            20.734969
                        ],
                        [
                            -103.36751,
                            20.735887
                        ],
                        [
                            -103.368144,
                            20.736021
                        ],
                        [
                            -103.368178,
                            20.743846
                        ],
                        [
                            -103.376736,
                            20.745254
                        ],
                        [
                            -103.377197,
                            20.744781
                        ],
                        [
                            -103.378013,
                            20.744734
                        ],
                        [
                            -103.378785,
                            20.745248
                        ],
                        [
                            -103.381106,
                            20.745585
                        ]
                    ]
                ]
            },
            "bbox": [
                -103.392485,
                20.724064,
                -103.36751,
                20.745585
            ]
        },
        {
            "type": "Feature",
            "properties": {
                "name": "Mi Bici",
                "Grupo": "Bici Pública",
                "oferta": 1,
                "@id": "aba25990-64e8-11f1-bf78-dd176f6a3056"
            },
            "geometry": {
                "type": "Point",
                "coordinates": [
                    -103.392694,
                    20.726198
                ]
            },
            "bbox": [
                -103.392694,
                20.726198,
                -103.392694,
                20.726198
            ]
        },
        {
            "type": "Feature",
            "properties": {
                "name": "Auditorio Telmex",
                "Grupo": "Recintos",
                "oferta": 1,
                "Parking/Seat": 1,
                "Parking Recinto": 1,
                "@id": "870f0770-64ea-11f1-bf78-dd176f6a3056"
            },
            "geometry": {
                "type": "Polygon",
                "coordinates": [
                    [
                        [
                            -103.382048,
                            20.733178
                        ],
                        [
                            -103.3815,
                            20.732976
                        ],
                        [
                            -103.381558,
                            20.732752
                        ],
                        [
                            -103.380907,
                            20.732623
                        ],
                        [
                            -103.380842,
                            20.732941
                        ],
                        [
                            -103.380578,
                            20.733014
                        ],
                        [
                            -103.380705,
                            20.733409
                        ],
                        [
                            -103.380519,
                            20.733636
                        ],
                        [
                            -103.380643,
                            20.733716
                        ],
                        [
                            -103.380773,
                            20.733771
                        ],
                        [
                            -103.380931,
                            20.733822
                        ],
                        [
                            -103.381034,
                            20.733838
                        ],
                        [
                            -103.381239,
                            20.733848
                        ],
                        [
                            -103.381418,
                            20.733803
                        ],
                        [
                            -103.381585,
                            20.733745
                        ],
                        [
                            -103.381733,
                            20.733659
                        ],
                        [
                            -103.381846,
                            20.733553
                        ],
                        [
                            -103.381918,
                            20.73347
                        ],
                        [
                            -103.382017,
                            20.7333
                        ],
                        [
                            -103.382048,
                            20.733178
                        ]
                    ]
                ]
            },
            "bbox": [
                -103.382048,
                20.732623,
                -103.380519,
                20.733848
            ]
        },
        {
            "type": "Feature",
            "properties": {
                "name": "Biblioteca Pública del Estado de Jalisco",
                "Grupo": "Recintos",
                "visibility": "",
                "oferta": 1,
                "Parking/Seat": 1,
                "Parking Recinto": 1,
                "@id": "a6a78f80-64ea-11f1-bf78-dd176f6a3056"
            },
            "geometry": {
                "type": "Polygon",
                "coordinates": [
                    [
                        [
                            -103.381595,
                            20.738322
                        ],
                        [
                            -103.381653,
                            20.737881
                        ],
                        [
                            -103.380516,
                            20.737739
                        ],
                        [
                            -103.380448,
                            20.738178
                        ],
                        [
                            -103.381595,
                            20.738322
                        ]
                    ]
                ]
            },
            "bbox": [
                -103.381653,
                20.737739,
                -103.380448,
                20.738322
            ]
        },
        {
            "type": "Feature",
            "properties": {
                "name": "Pabellón Cultural Universitario",
                "Grupo": "Recintos",
                "oferta": 1,
                "Parking/Seat": 1,
                "Parking Recinto": 1,
                "@id": "bd1f3560-64ea-11f1-bf78-dd176f6a3056"
            },
            "geometry": {
                "type": "Polygon",
                "coordinates": [
                    [
                        [
                            -103.380076,
                            20.738147
                        ],
                        [
                            -103.380249,
                            20.737087
                        ],
                        [
                            -103.379239,
                            20.736935
                        ],
                        [
                            -103.379077,
                            20.738011
                        ],
                        [
                            -103.380076,
                            20.738147
                        ]
                    ]
                ]
            },
            "bbox": [
                -103.380249,
                20.736935,
                -103.379077,
                20.738147
            ]
        },
        {
            "type": "Feature",
            "properties": {
                "name": "Conjunto Santander de Artes Escénicas",
                "Grupo": "Recintos",
                "oferta": 1,
                "Parking/Seat": 1,
                "Parking Recinto": 1,
                "@id": "c94d5790-64ea-11f1-bf78-dd176f6a3056"
            },
            "geometry": {
                "type": "Polygon",
                "coordinates": [
                    [
                        [
                            -103.382146,
                            20.736881
                        ],
                        [
                            -103.382269,
                            20.736078
                        ],
                        [
                            -103.381643,
                            20.735993
                        ],
                        [
                            -103.381668,
                            20.735883
                        ],
                        [
                            -103.38102,
                            20.735795
                        ],
                        [
                            -103.380897,
                            20.73672
                        ],
                        [
                            -103.382146,
                            20.736881
                        ]
                    ]
                ]
            },
            "bbox": [
                -103.382269,
                20.735795,
                -103.380897,
                20.736881
            ]
        },
        {
            "type": "Feature",
            "properties": {
                "name": "Museo de Cienas Ambientales",
                "Grupo": "Recintos",
                "oferta": 1,
                "Parking/Seat": 1,
                "Parking Recinto": 1,
                "@id": "d938cfe0-64ea-11f1-bf78-dd176f6a3056"
            },
            "geometry": {
                "type": "Polygon",
                "coordinates": [
                    [
                        [
                            -103.381269,
                            20.735718
                        ],
                        [
                            -103.381678,
                            20.734994
                        ],
                        [
                            -103.381045,
                            20.734682
                        ],
                        [
                            -103.380641,
                            20.735439
                        ],
                        [
                            -103.381269,
                            20.735718
                        ]
                    ]
                ]
            },
            "bbox": [
                -103.381678,
                20.734682,
                -103.380641,
                20.735718
            ]
        },
        {
            "type": "Feature",
            "properties": {
                "name": "Estadio Charros",
                "Grupo": "Recintos",
                "oferta": 1,
                "Parking/Seat": 1,
                "Parking Recinto": 1,
                "@id": "03526660-64eb-11f1-bf78-dd176f6a3056"
            },
            "geometry": {
                "type": "Polygon",
                "coordinates": [
                    [
                        [
                            -103.381437,
                            20.72843
                        ],
                        [
                            -103.381687,
                            20.728333
                        ],
                        [
                            -103.38192,
                            20.728177
                        ],
                        [
                            -103.382112,
                            20.727959
                        ],
                        [
                            -103.382283,
                            20.727636
                        ],
                        [
                            -103.382349,
                            20.727317
                        ],
                        [
                            -103.382299,
                            20.726947
                        ],
                        [
                            -103.382128,
                            20.726588
                        ],
                        [
                            -103.381887,
                            20.72632
                        ],
                        [
                            -103.381583,
                            20.726207
                        ],
                        [
                            -103.381321,
                            20.726168
                        ],
                        [
                            -103.380929,
                            20.726327
                        ],
                        [
                            -103.380646,
                            20.726588
                        ],
                        [
                            -103.380459,
                            20.726923
                        ],
                        [
                            -103.380367,
                            20.727321
                        ],
                        [
                            -103.380359,
                            20.727558
                        ],
                        [
                            -103.380488,
                            20.727965
                        ],
                        [
                            -103.380663,
                            20.728218
                        ],
                        [
                            -103.380821,
                            20.72835
                        ],
                        [
                            -103.381054,
                            20.728475
                        ],
                        [
                            -103.381267,
                            20.728483
                        ],
                        [
                            -103.381437,
                            20.72843
                        ]
                    ]
                ]
            },
            "bbox": [
                -103.382349,
                20.726168,
                -103.380359,
                20.728483
            ]
        },
        {
            "type": "Feature",
            "properties": {
                "name": "Zona Industrial",
                "Grupo": "Industrial-Comercial",
                "@id": "277afde0-64eb-11f1-bf78-dd176f6a3056"
            },
            "geometry": {
                "type": "Polygon",
                "coordinates": [
                    [
                        [
                            -103.375103,
                            20.737117
                        ],
                        [
                            -103.374763,
                            20.736715
                        ],
                        [
                            -103.374424,
                            20.736355
                        ],
                        [
                            -103.374053,
                            20.735994
                        ],
                        [
                            -103.373887,
                            20.735802
                        ],
                        [
                            -103.373722,
                            20.735592
                        ],
                        [
                            -103.373388,
                            20.735169
                        ],
                        [
                            -103.373087,
                            20.734768
                        ],
                        [
                            -103.372528,
                            20.736567
                        ],
                        [
                            -103.373576,
                            20.736793
                        ],
                        [
                            -103.374551,
                            20.736988
                        ],
                        [
                            -103.375103,
                            20.737117
                        ]
                    ]
                ]
            },
            "bbox": [
                -103.375103,
                20.734768,
                -103.372528,
                20.737117
            ]
        },
        {
            "type": "Feature",
            "properties": {
                "name": "Dep. Ing. Proyectos",
                "Grupo": "Industrial-Comercial",
                "@id": "41b74ce0-64eb-11f1-bf78-dd176f6a3056"
            },
            "geometry": {
                "type": "Polygon",
                "coordinates": [
                    [
                        [
                            -103.378511,
                            20.737864
                        ],
                        [
                            -103.378639,
                            20.737278
                        ],
                        [
                            -103.377021,
                            20.736945
                        ],
                        [
                            -103.377008,
                            20.736983
                        ],
                        [
                            -103.376546,
                            20.736885
                        ],
                        [
                            -103.376542,
                            20.736949
                        ],
                        [
                            -103.376327,
                            20.736911
                        ],
                        [
                            -103.376258,
                            20.737282
                        ],
                        [
                            -103.376505,
                            20.737338
                        ],
                        [
                            -103.376482,
                            20.737428
                        ],
                        [
                            -103.378511,
                            20.737864
                        ]
                    ]
                ]
            },
            "bbox": [
                -103.378639,
                20.736885,
                -103.376258,
                20.737864
            ]
        },
        {
            "type": "Feature",
            "properties": {
                "name": "Teatro Estudio Cavaret",
                "Grupo": "Recintos",
                "oferta": 1,
                "Parking Recinto": 1,
                "Parking/Seat": 1,
                "@id": "4eb4a5f0-64eb-11f1-bf78-dd176f6a3056"
            },
            "geometry": {
                "type": "Polygon",
                "coordinates": [
                    [
                        [
                            -103.378643,
                            20.737197
                        ],
                        [
                            -103.378767,
                            20.736671
                        ],
                        [
                            -103.376866,
                            20.736274
                        ],
                        [
                            -103.376724,
                            20.736808
                        ],
                        [
                            -103.378643,
                            20.737197
                        ]
                    ]
                ]
            },
            "bbox": [
                -103.378767,
                20.736274,
                -103.376724,
                20.737197
            ]
        },
        {
            "type": "Feature",
            "properties": {
                "name": "Obras Públicas Zapopan",
                "Grupo": "Industrial-Comercial",
                "@id": "5773b910-64eb-11f1-bf78-dd176f6a3056"
            },
            "geometry": {
                "type": "Polygon",
                "coordinates": [
                    [
                        [
                            -103.378821,
                            20.736441
                        ],
                        [
                            -103.378895,
                            20.736197
                        ],
                        [
                            -103.378949,
                            20.735979
                        ],
                        [
                            -103.378949,
                            20.735979
                        ],
                        [
                            -103.377053,
                            20.735586
                        ],
                        [
                            -103.376948,
                            20.736061
                        ],
                        [
                            -103.378821,
                            20.736441
                        ]
                    ]
                ]
            },
            "bbox": [
                -103.378949,
                20.735586,
                -103.376948,
                20.736441
            ]
        },
        {
            "type": "Feature",
            "properties": {
                "name": "Canal 44 y Radio Universidad",
                "Grupo": "Industrial-Comercial",
                "@id": "62898d70-64eb-11f1-bf78-dd176f6a3056"
            },
            "geometry": {
                "type": "Polygon",
                "coordinates": [
                    [
                        [
                            -103.37894,
                            20.735894
                        ],
                        [
                            -103.379045,
                            20.735484
                        ],
                        [
                            -103.377136,
                            20.735095
                        ],
                        [
                            -103.377145,
                            20.735031
                        ],
                        [
                            -103.376985,
                            20.734997
                        ],
                        [
                            -103.376875,
                            20.735479
                        ],
                        [
                            -103.37894,
                            20.735894
                        ]
                    ]
                ]
            },
            "bbox": [
                -103.379045,
                20.734997,
                -103.376875,
                20.735894
            ]
        },
        {
            "type": "Feature",
            "properties": {
                "name": "Nave-Bodega",
                "Grupo": "Industrial-Comercial",
                "@id": "6cd53400-64eb-11f1-bf78-dd176f6a3056"
            },
            "geometry": {
                "type": "Polygon",
                "coordinates": [
                    [
                        [
                            -103.379118,
                            20.735112
                        ],
                        [
                            -103.379223,
                            20.73471
                        ],
                        [
                            -103.378556,
                            20.734561
                        ],
                        [
                            -103.378579,
                            20.734411
                        ],
                        [
                            -103.378378,
                            20.734369
                        ],
                        [
                            -103.378406,
                            20.73421
                        ],
                        [
                            -103.376848,
                            20.733864
                        ],
                        [
                            -103.376715,
                            20.73448
                        ],
                        [
                            -103.378296,
                            20.734787
                        ],
                        [
                            -103.378401,
                            20.734839
                        ],
                        [
                            -103.378387,
                            20.734907
                        ],
                        [
                            -103.378552,
                            20.734928
                        ],
                        [
                            -103.378538,
                            20.734997
                        ],
                        [
                            -103.379118,
                            20.735112
                        ]
                    ]
                ]
            },
            "bbox": [
                -103.379223,
                20.733864,
                -103.376715,
                20.735112
            ]
        },
        {
            "type": "Feature",
            "properties": {
                "name": "int 6",
                "Grupo": "Intersecciones",
                "@id": "8b82e6e0-64eb-11f1-bf78-dd176f6a3056"
            },
            "geometry": {
                "type": "Point",
                "coordinates": [
                    -103.384402,
                    20.733487
                ]
            },
            "bbox": [
                -103.384402,
                20.733487,
                -103.384402,
                20.733487
            ]
        },
        {
            "type": "Feature",
            "properties": {
                "name": "int 7",
                "Grupo": "Intersecciones",
                "@id": "8e824430-64eb-11f1-bf78-dd176f6a3056"
            },
            "geometry": {
                "type": "Point",
                "coordinates": [
                    -103.383299,
                    20.732974
                ]
            },
            "bbox": [
                -103.383299,
                20.732974,
                -103.383299,
                20.732974
            ]
        },
        {
            "type": "Feature",
            "properties": {
                "name": "int 10",
                "Grupo": "Intersecciones",
                "@id": "9418a010-64eb-11f1-bf78-dd176f6a3056"
            },
            "geometry": {
                "type": "Point",
                "coordinates": [
                    -103.38076,
                    20.731427
                ]
            },
            "bbox": [
                -103.38076,
                20.731427,
                -103.38076,
                20.731427
            ]
        },
        {
            "type": "Feature",
            "properties": {
                "name": "int 9",
                "Grupo": "Intersecciones",
                "@id": "98d93560-64eb-11f1-bf78-dd176f6a3056"
            },
            "geometry": {
                "type": "Point",
                "coordinates": [
                    -103.381595,
                    20.73226
                ]
            },
            "bbox": [
                -103.381595,
                20.73226,
                -103.381595,
                20.73226
            ]
        },
        {
            "type": "Feature",
            "properties": {
                "name": "int 11",
                "Grupo": "Intersecciones",
                "@id": "9e1b08a0-64eb-11f1-bf78-dd176f6a3056"
            },
            "geometry": {
                "type": "Point",
                "coordinates": [
                    -103.380202,
                    20.731952
                ]
            },
            "bbox": [
                -103.380202,
                20.731952,
                -103.380202,
                20.731952
            ]
        },
        {
            "type": "Feature",
            "properties": {
                "name": "int 16",
                "Grupo": "Intersecciones",
                "@id": "a47306d0-64eb-11f1-bf78-dd176f6a3056"
            },
            "geometry": {
                "type": "Point",
                "coordinates": [
                    -103.376933,
                    20.731346
                ]
            },
            "bbox": [
                -103.376933,
                20.731346,
                -103.376933,
                20.731346
            ]
        },
        {
            "type": "Feature",
            "properties": {
                "name": "int 18",
                "Grupo": "Intersecciones",
                "@id": "ab1665e0-64eb-11f1-bf78-dd176f6a3056"
            },
            "geometry": {
                "type": "Point",
                "coordinates": [
                    -103.370663,
                    20.731305
                ]
            },
            "bbox": [
                -103.370663,
                20.731305,
                -103.370663,
                20.731305
            ]
        },
        {
            "type": "Feature",
            "properties": {
                "name": "int 17",
                "Grupo": "Intersecciones",
                "@id": "adb7c4b0-64eb-11f1-bf78-dd176f6a3056"
            },
            "geometry": {
                "type": "Point",
                "coordinates": [
                    -103.371441,
                    20.730727
                ]
            },
            "bbox": [
                -103.371441,
                20.730727,
                -103.371441,
                20.730727
            ]
        },
        {
            "type": "Feature",
            "properties": {
                "name": "int 14",
                "Grupo": "Intersecciones",
                "@id": "b9817fc0-64eb-11f1-bf78-dd176f6a3056"
            },
            "geometry": {
                "type": "Point",
                "coordinates": [
                    -103.375249,
                    20.737485
                ]
            },
            "bbox": [
                -103.375249,
                20.737485,
                -103.375249,
                20.737485
            ]
        },
        {
            "type": "Feature",
            "properties": {
                "name": "int 12",
                "Grupo": "Intersecciones",
                "@id": "c30f5490-64eb-11f1-bf78-dd176f6a3056"
            },
            "geometry": {
                "type": "Point",
                "coordinates": [
                    -103.378645,
                    20.738093
                ]
            },
            "bbox": [
                -103.378645,
                20.738093,
                -103.378645,
                20.738093
            ]
        },
        {
            "type": "Feature",
            "properties": {
                "name": "int 13",
                "Grupo": "Intersecciones",
                "@id": "d43b6330-64eb-11f1-bf78-dd176f6a3056"
            },
            "geometry": {
                "type": "Point",
                "coordinates": [
                    -103.378594,
                    20.738671
                ]
            },
            "bbox": [
                -103.378594,
                20.738671,
                -103.378594,
                20.738671
            ]
        },
        {
            "type": "Feature",
            "properties": {
                "name": "int 8",
                "Grupo": "Intersecciones",
                "@id": "d8a35130-64eb-11f1-bf78-dd176f6a3056"
            },
            "geometry": {
                "type": "Point",
                "coordinates": [
                    -103.383005,
                    20.73916
                ]
            },
            "bbox": [
                -103.383005,
                20.73916,
                -103.383005,
                20.73916
            ]
        },
        {
            "type": "Feature",
            "properties": {
                "name": "int 20",
                "Grupo": "Intersecciones",
                "@id": "e1b0d270-64eb-11f1-bf78-dd176f6a3056"
            },
            "geometry": {
                "type": "Point",
                "coordinates": [
                    -103.379347,
                    20.735381
                ]
            },
            "bbox": [
                -103.379347,
                20.735381,
                -103.379347,
                20.735381
            ]
        },
        {
            "type": "Feature",
            "properties": {
                "name": "int 21",
                "Grupo": "Intersecciones",
                "@id": "ef759a30-64eb-11f1-bf78-dd176f6a3056"
            },
            "geometry": {
                "type": "Point",
                "coordinates": [
                    -103.382206,
                    20.729862
                ]
            },
            "bbox": [
                -103.382206,
                20.729862,
                -103.382206,
                20.729862
            ]
        },
        {
            "type": "Feature",
            "properties": {
                "name": "int 3",
                "Grupo": "Intersecciones",
                "@id": "f5b10fb0-64eb-11f1-bf78-dd176f6a3056"
            },
            "geometry": {
                "type": "Point",
                "coordinates": [
                    -103.38548,
                    20.73037
                ]
            },
            "bbox": [
                -103.38548,
                20.73037,
                -103.38548,
                20.73037
            ]
        },
        {
            "type": "Feature",
            "properties": {
                "name": "int 22",
                "Grupo": "Intersecciones",
                "@id": "02d5edf0-64ec-11f1-bf78-dd176f6a3056"
            },
            "geometry": {
                "type": "Point",
                "coordinates": [
                    -103.377588,
                    20.729056
                ]
            },
            "bbox": [
                -103.377588,
                20.729056,
                -103.377588,
                20.729056
            ]
        },
        {
            "type": "Feature",
            "properties": {
                "name": "int 4",
                "Grupo": "Intersecciones",
                "@id": "0db15160-64ec-11f1-bf78-dd176f6a3056"
            },
            "geometry": {
                "type": "Point",
                "coordinates": [
                    -103.385275,
                    20.731781
                ]
            },
            "bbox": [
                -103.385275,
                20.731781,
                -103.385275,
                20.731781
            ]
        },
        {
            "type": "Feature",
            "properties": {
                "name": "int 5",
                "Grupo": "Intersecciones",
                "@id": "0fa00200-64ec-11f1-bf78-dd176f6a3056"
            },
            "geometry": {
                "type": "Point",
                "coordinates": [
                    -103.384806,
                    20.732096
                ]
            },
            "bbox": [
                -103.384806,
                20.732096,
                -103.384806,
                20.732096
            ]
        },
        {
            "type": "Feature",
            "properties": {
                "name": "int 2",
                "Grupo": "Intersecciones",
                "@id": "150effc0-64ec-11f1-bf78-dd176f6a3056"
            },
            "geometry": {
                "type": "Point",
                "coordinates": [
                    -103.387903,
                    20.729929
                ]
            },
            "bbox": [
                -103.387903,
                20.729929,
                -103.387903,
                20.729929
            ]
        },
        {
            "type": "Feature",
            "properties": {
                "name": "int 1",
                "Grupo": "Intersecciones",
                "@id": "205f9330-64ec-11f1-bf78-dd176f6a3056"
            },
            "geometry": {
                "type": "Point",
                "coordinates": [
                    -103.388951,
                    20.729188
                ]
            },
            "bbox": [
                -103.388951,
                20.729188,
                -103.388951,
                20.729188
            ]
        },
        {
            "type": "Feature",
            "properties": {
                "name": "int 19",
                "Grupo": "Intersecciones",
                "@id": "598369c0-64ec-11f1-bf78-dd176f6a3056"
            },
            "geometry": {
                "type": "Point",
                "coordinates": [
                    -103.372042,
                    20.740338
                ]
            },
            "bbox": [
                -103.372042,
                20.740338,
                -103.372042,
                20.740338
            ]
        },
        {
            "type": "Feature",
            "properties": {
                "name": "int 15",
                "Grupo": "Intersecciones",
                "@id": "5f2621b0-64ec-11f1-bf78-dd176f6a3056"
            },
            "geometry": {
                "type": "Point",
                "coordinates": [
                    -103.376343,
                    20.733575
                ]
            },
            "bbox": [
                -103.376343,
                20.733575,
                -103.376343,
                20.733575
            ]
        },
        {
            "type": "Feature",
            "properties": {
                "name": "Estadio Jalisco",
                "Grupo": "Recintos",
                "oferta": 1,
                "Parking/Seat": 1,
                "Parking Recinto": 1,
                "@id": "cfe1feb0-64ec-11f1-bf78-dd176f6a3056"
            },
            "geometry": {
                "type": "Polygon",
                "coordinates": [
                    [
                        [
                            -103.328511,
                            20.706006
                        ],
                        [
                            -103.32878,
                            20.70581
                        ],
                        [
                            -103.329014,
                            20.705508
                        ],
                        [
                            -103.329197,
                            20.705143
                        ],
                        [
                            -103.329257,
                            20.704844
                        ],
                        [
                            -103.329253,
                            20.704623
                        ],
                        [
                            -103.32916,
                            20.704442
                        ],
                        [
                            -103.32901,
                            20.704277
                        ],
                        [
                            -103.32886,
                            20.704168
                        ],
                        [
                            -103.328471,
                            20.703987
                        ],
                        [
                            -103.328144,
                            20.703944
                        ],
                        [
                            -103.327934,
                            20.703993
                        ],
                        [
                            -103.327781,
                            20.704068
                        ],
                        [
                            -103.327658,
                            20.704162
                        ],
                        [
                            -103.327471,
                            20.704386
                        ],
                        [
                            -103.327321,
                            20.704688
                        ],
                        [
                            -103.327215,
                            20.704938
                        ],
                        [
                            -103.327158,
                            20.705193
                        ],
                        [
                            -103.327165,
                            20.705358
                        ],
                        [
                            -103.327218,
                            20.705517
                        ],
                        [
                            -103.327321,
                            20.705651
                        ],
                        [
                            -103.327488,
                            20.705791
                        ],
                        [
                            -103.327681,
                            20.705907
                        ],
                        [
                            -103.327924,
                            20.706
                        ],
                        [
                            -103.328147,
                            20.706047
                        ],
                        [
                            -103.328311,
                            20.706053
                        ],
                        [
                            -103.328511,
                            20.706006
                        ]
                    ]
                ]
            },
            "bbox": [
                -103.329257,
                20.703944,
                -103.327158,
                20.706053
            ]
        },
        {
            "type": "Feature",
            "properties": {
                "name": "Estacionamiento",
                "Grupo": "Parking",
                "oferta": 1,
                "@id": "f5355a90-64ec-11f1-bf78-dd176f6a3056"
            },
            "geometry": {
                "type": "Polygon",
                "coordinates": [
                    [
                        [
                            -103.326838,
                            20.705349
                        ],
                        [
                            -103.327681,
                            20.70381
                        ],
                        [
                            -103.326795,
                            20.703361
                        ],
                        [
                            -103.326585,
                            20.703813
                        ],
                        [
                            -103.326598,
                            20.703834
                        ],
                        [
                            -103.326685,
                            20.70399
                        ],
                        [
                            -103.326685,
                            20.704187
                        ],
                        [
                            -103.326625,
                            20.704327
                        ],
                        [
                            -103.326515,
                            20.704436
                        ],
                        [
                            -103.326365,
                            20.704511
                        ],
                        [
                            -103.326205,
                            20.704532
                        ],
                        [
                            -103.325992,
                            20.70495
                        ],
                        [
                            -103.326838,
                            20.705349
                        ]
                    ]
                ]
            },
            "bbox": [
                -103.327681,
                20.703361,
                -103.325992,
                20.705349
            ]
        },
        {
            "type": "Feature",
            "properties": {
                "name": "Estación Monumental",
                "Grupo": "TP Estación",
                "demanda": 1,
                "@id": "0b38bad0-64ed-11f1-bf78-dd176f6a3056"
            },
            "geometry": {
                "type": "Polygon",
                "coordinates": [
                    [
                        [
                            -103.326573,
                            20.703336
                        ],
                        [
                            -103.325929,
                            20.704512
                        ],
                        [
                            -103.32599,
                            20.704553
                        ],
                        [
                            -103.326662,
                            20.703375
                        ],
                        [
                            -103.326573,
                            20.703336
                        ]
                    ]
                ]
            },
            "bbox": [
                -103.326662,
                20.703336,
                -103.325929,
                20.704553
            ]
        },
        {
            "type": "Feature",
            "properties": {
                "@circle": {
                    "type": "Mercator",
                    "center": [
                        -103.3253218,
                        20.702018
                    ]
                },
                "name": "Plaza de Toros",
                "Grupo": "Recintos",
                "oferta": 1,
                "Parking/Seat": 1,
                "Parking Recinto": 1,
                "@id": "2527ad20-64ed-11f1-bf78-dd176f6a3056"
            },
            "geometry": {
                "type": "Polygon",
                "coordinates": [
                    [
                        [
                            -103.324782,
                            20.702018
                        ],
                        [
                            -103.324783,
                            20.70205
                        ],
                        [
                            -103.324786,
                            20.702081
                        ],
                        [
                            -103.324791,
                            20.702113
                        ],
                        [
                            -103.324799,
                            20.702144
                        ],
                        [
                            -103.324808,
                            20.702174
                        ],
                        [
                            -103.32482,
                            20.702204
                        ],
                        [
                            -103.324833,
                            20.702233
                        ],
                        [
                            -103.324848,
                            20.702261
                        ],
                        [
                            -103.324866,
                            20.702289
                        ],
                        [
                            -103.324885,
                            20.702315
                        ],
                        [
                            -103.324906,
                            20.70234
                        ],
                        [
                            -103.324928,
                            20.702364
                        ],
                        [
                            -103.324952,
                            20.702386
                        ],
                        [
                            -103.324977,
                            20.702407
                        ],
                        [
                            -103.325004,
                            20.702427
                        ],
                        [
                            -103.325032,
                            20.702445
                        ],
                        [
                            -103.325062,
                            20.702461
                        ],
                        [
                            -103.325092,
                            20.702475
                        ],
                        [
                            -103.325123,
                            20.702488
                        ],
                        [
                            -103.325155,
                            20.702499
                        ],
                        [
                            -103.325187,
                            20.702508
                        ],
                        [
                            -103.325221,
                            20.702514
                        ],
                        [
                            -103.325254,
                            20.702519
                        ],
                        [
                            -103.325288,
                            20.702522
                        ],
                        [
                            -103.325322,
                            20.702523
                        ],
                        [
                            -103.325356,
                            20.702522
                        ],
                        [
                            -103.325389,
                            20.702519
                        ],
                        [
                            -103.325423,
                            20.702514
                        ],
                        [
                            -103.325456,
                            20.702508
                        ],
                        [
                            -103.325489,
                            20.702499
                        ],
                        [
                            -103.325521,
                            20.702488
                        ],
                        [
                            -103.325552,
                            20.702475
                        ],
                        [
                            -103.325582,
                            20.702461
                        ],
                        [
                            -103.325611,
                            20.702445
                        ],
                        [
                            -103.325639,
                            20.702427
                        ],
                        [
                            -103.325666,
                            20.702407
                        ],
                        [
                            -103.325692,
                            20.702386
                        ],
                        [
                            -103.325716,
                            20.702364
                        ],
                        [
                            -103.325738,
                            20.70234
                        ],
                        [
                            -103.325759,
                            20.702315
                        ],
                        [
                            -103.325778,
                            20.702289
                        ],
                        [
                            -103.325795,
                            20.702261
                        ],
                        [
                            -103.325811,
                            20.702233
                        ],
                        [
                            -103.325824,
                            20.702204
                        ],
                        [
                            -103.325836,
                            20.702174
                        ],
                        [
                            -103.325845,
                            20.702144
                        ],
                        [
                            -103.325852,
                            20.702113
                        ],
                        [
                            -103.325858,
                            20.702081
                        ],
                        [
                            -103.325861,
                            20.70205
                        ],
                        [
                            -103.325862,
                            20.702018
                        ],
                        [
                            -103.325861,
                            20.701986
                        ],
                        [
                            -103.325858,
                            20.701955
                        ],
                        [
                            -103.325852,
                            20.701923
                        ],
                        [
                            -103.325845,
                            20.701892
                        ],
                        [
                            -103.325836,
                            20.701862
                        ],
                        [
                            -103.325824,
                            20.701832
                        ],
                        [
                            -103.325811,
                            20.701803
                        ],
                        [
                            -103.325795,
                            20.701775
                        ],
                        [
                            -103.325778,
                            20.701747
                        ],
                        [
                            -103.325759,
                            20.701721
                        ],
                        [
                            -103.325738,
                            20.701696
                        ],
                        [
                            -103.325716,
                            20.701672
                        ],
                        [
                            -103.325692,
                            20.70165
                        ],
                        [
                            -103.325666,
                            20.701629
                        ],
                        [
                            -103.325639,
                            20.701609
                        ],
                        [
                            -103.325611,
                            20.701591
                        ],
                        [
                            -103.325582,
                            20.701575
                        ],
                        [
                            -103.325552,
                            20.701561
                        ],
                        [
                            -103.325521,
                            20.701548
                        ],
                        [
                            -103.325489,
                            20.701537
                        ],
                        [
                            -103.325456,
                            20.701529
                        ],
                        [
                            -103.325423,
                            20.701522
                        ],
                        [
                            -103.325389,
                            20.701517
                        ],
                        [
                            -103.325356,
                            20.701514
                        ],
                        [
                            -103.325322,
                            20.701513
                        ],
                        [
                            -103.325288,
                            20.701514
                        ],
                        [
                            -103.325254,
                            20.701517
                        ],
                        [
                            -103.325221,
                            20.701522
                        ],
                        [
                            -103.325187,
                            20.701529
                        ],
                        [
                            -103.325155,
                            20.701537
                        ],
                        [
                            -103.325123,
                            20.701548
                        ],
                        [
                            -103.325092,
                            20.701561
                        ],
                        [
                            -103.325062,
                            20.701575
                        ],
                        [
                            -103.325032,
                            20.701591
                        ],
                        [
                            -103.325004,
                            20.701609
                        ],
                        [
                            -103.324977,
                            20.701629
                        ],
                        [
                            -103.324952,
                            20.70165
                        ],
                        [
                            -103.324928,
                            20.701672
                        ],
                        [
                            -103.324906,
                            20.701696
                        ],
                        [
                            -103.324885,
                            20.701721
                        ],
                        [
                            -103.324866,
                            20.701747
                        ],
                        [
                            -103.324848,
                            20.701775
                        ],
                        [
                            -103.324833,
                            20.701803
                        ],
                        [
                            -103.32482,
                            20.701832
                        ],
                        [
                            -103.324808,
                            20.701862
                        ],
                        [
                            -103.324799,
                            20.701892
                        ],
                        [
                            -103.324791,
                            20.701923
                        ],
                        [
                            -103.324786,
                            20.701955
                        ],
                        [
                            -103.324782,
                            20.702018
                        ]
                    ]
                ]
            },
            "bbox": [
                -103.325862,
                20.701513,
                -103.324782,
                20.702523
            ]
        },
        {
            "type": "Feature",
            "properties": {
                "name": "Estacionamiento",
                "Grupo": "Parking",
                "visibility": "",
                "oferta": 1,
                "@id": "340cb1f0-64ed-11f1-bf78-dd176f6a3056"
            },
            "geometry": {
                "type": "Polygon",
                "coordinates": [
                    [
                        [
                            -103.32545,
                            20.700953
                        ],
                        [
                            -103.324631,
                            20.700554
                        ],
                        [
                            -103.323617,
                            20.701544
                        ],
                        [
                            -103.324113,
                            20.702311
                        ],
                        [
                            -103.324189,
                            20.702275
                        ],
                        [
                            -103.324174,
                            20.702186
                        ],
                        [
                            -103.324177,
                            20.70204
                        ],
                        [
                            -103.324276,
                            20.701748
                        ],
                        [
                            -103.324387,
                            20.701548
                        ],
                        [
                            -103.324524,
                            20.701348
                        ],
                        [
                            -103.324684,
                            20.701202
                        ],
                        [
                            -103.32492,
                            20.701063
                        ],
                        [
                            -103.325122,
                            20.700996
                        ],
                        [
                            -103.325374,
                            20.700967
                        ],
                        [
                            -103.32545,
                            20.700953
                        ]
                    ]
                ]
            },
            "bbox": [
                -103.32545,
                20.700554,
                -103.323617,
                20.702311
            ]
        },
        {
            "type": "Feature",
            "properties": {
                "name": "Estacionamiento",
                "Grupo": "Parking",
                "oferta": 1,
                "@id": "45b73f60-64ed-11f1-bf78-dd176f6a3056"
            },
            "geometry": {
                "type": "Polygon",
                "coordinates": [
                    [
                        [
                            -103.326654,
                            20.70158
                        ],
                        [
                            -103.326178,
                            20.701341
                        ],
                        [
                            -103.325553,
                            20.701024
                        ],
                        [
                            -103.325522,
                            20.701038
                        ],
                        [
                            -103.325518,
                            20.701316
                        ],
                        [
                            -103.325576,
                            20.701338
                        ],
                        [
                            -103.325827,
                            20.701455
                        ],
                        [
                            -103.326044,
                            20.701733
                        ],
                        [
                            -103.326113,
                            20.701744
                        ],
                        [
                            -103.326654,
                            20.70158
                        ]
                    ]
                ]
            },
            "bbox": [
                -103.326654,
                20.701024,
                -103.325518,
                20.701744
            ]
        },
        {
            "type": "Feature",
            "properties": {
                "name": "Estacionamiento",
                "Grupo": "Parking",
                "oferta": 1,
                "@id": "516004f0-64ed-11f1-bf78-dd176f6a3056"
            },
            "geometry": {
                "type": "Polygon",
                "coordinates": [
                    [
                        [
                            -103.32545,
                            20.701067
                        ],
                        [
                            -103.325271,
                            20.701063
                        ],
                        [
                            -103.325038,
                            20.701113
                        ],
                        [
                            -103.324837,
                            20.70122
                        ],
                        [
                            -103.324616,
                            20.701395
                        ],
                        [
                            -103.324429,
                            20.701623
                        ],
                        [
                            -103.324307,
                            20.701908
                        ],
                        [
                            -103.324299,
                            20.702079
                        ],
                        [
                            -103.324593,
                            20.701983
                        ],
                        [
                            -103.324585,
                            20.701922
                        ],
                        [
                            -103.324612,
                            20.701812
                        ],
                        [
                            -103.324646,
                            20.701691
                        ],
                        [
                            -103.324806,
                            20.701505
                        ],
                        [
                            -103.325038,
                            20.701373
                        ],
                        [
                            -103.325248,
                            20.701323
                        ],
                        [
                            -103.325423,
                            20.701309
                        ],
                        [
                            -103.32545,
                            20.701067
                        ]
                    ]
                ]
            },
            "bbox": [
                -103.32545,
                20.701063,
                -103.324299,
                20.702079
            ]
        },
        {
            "type": "Feature",
            "properties": {
                "name": "Estacionamiento",
                "Grupo": "Parking",
                "oferta": 1,
                "@id": "68046020-64ed-11f1-bf78-dd176f6a3056"
            },
            "geometry": {
                "type": "Polygon",
                "coordinates": [
                    [
                        [
                            -103.326601,
                            20.701652
                        ],
                        [
                            -103.3261,
                            20.701818
                        ],
                        [
                            -103.326088,
                            20.701906
                        ],
                        [
                            -103.326119,
                            20.702014
                        ],
                        [
                            -103.326075,
                            20.702143
                        ],
                        [
                            -103.326022,
                            20.702237
                        ],
                        [
                            -103.326216,
                            20.702336
                        ],
                        [
                            -103.326601,
                            20.701652
                        ]
                    ]
                ]
            },
            "bbox": [
                -103.326601,
                20.701652,
                -103.326022,
                20.702336
            ]
        },
        {
            "type": "Feature",
            "properties": {
                "name": "Estacionamiento",
                "Grupo": "Parking",
                "oferta": 1,
                "@id": "713a7800-64ed-11f1-bf78-dd176f6a3056"
            },
            "geometry": {
                "type": "Polygon",
                "coordinates": [
                    [
                        [
                            -103.326191,
                            20.702406
                        ],
                        [
                            -103.326035,
                            20.70233
                        ],
                        [
                            -103.325763,
                            20.70264
                        ],
                        [
                            -103.325376,
                            20.702793
                        ],
                        [
                            -103.32533,
                            20.702871
                        ],
                        [
                            -103.32543,
                            20.703193
                        ],
                        [
                            -103.32548,
                            20.703269
                        ],
                        [
                            -103.325617,
                            20.703178
                        ],
                        [
                            -103.325773,
                            20.703108
                        ],
                        [
                            -103.325823,
                            20.703087
                        ],
                        [
                            -103.326191,
                            20.702406
                        ]
                    ]
                ]
            },
            "bbox": [
                -103.326191,
                20.70233,
                -103.32533,
                20.703269
            ]
        },
        {
            "type": "Feature",
            "properties": {
                "name": "Estacionamiento",
                "Grupo": "Parking",
                "oferta": 1,
                "@id": "7ed808b0-64ed-11f1-bf78-dd176f6a3056"
            },
            "geometry": {
                "type": "Polygon",
                "coordinates": [
                    [
                        [
                            -103.325395,
                            20.703327
                        ],
                        [
                            -103.325295,
                            20.703175
                        ],
                        [
                            -103.325217,
                            20.703082
                        ],
                        [
                            -103.325236,
                            20.702816
                        ],
                        [
                            -103.325264,
                            20.702737
                        ],
                        [
                            -103.325129,
                            20.702622
                        ],
                        [
                            -103.324701,
                            20.702956
                        ],
                        [
                            -103.32517,
                            20.703684
                        ],
                        [
                            -103.325395,
                            20.703327
                        ]
                    ]
                ]
            },
            "bbox": [
                -103.325395,
                20.702622,
                -103.324701,
                20.703684
            ]
        },
        {
            "type": "Feature",
            "properties": {
                "name": "Estadio Akron",
                "Grupo": "Recintos",
                "oferta": 1,
                "@id": "c5a3f740-64ed-11f1-bf78-dd176f6a3056"
            },
            "geometry": {
                "type": "Polygon",
                "coordinates": [
                    [
                        [
                            -103.463668,
                            20.682616
                        ],
                        [
                            -103.463791,
                            20.682336
                        ],
                        [
                            -103.463812,
                            20.681991
                        ],
                        [
                            -103.463695,
                            20.68133
                        ],
                        [
                            -103.463513,
                            20.680925
                        ],
                        [
                            -103.463304,
                            20.68072
                        ],
                        [
                            -103.463037,
                            20.680625
                        ],
                        [
                            -103.46277,
                            20.68059
                        ],
                        [
                            -103.462331,
                            20.68065
                        ],
                        [
                            -103.461989,
                            20.680745
                        ],
                        [
                            -103.46178,
                            20.680885
                        ],
                        [
                            -103.461609,
                            20.681125
                        ],
                        [
                            -103.461539,
                            20.681305
                        ],
                        [
                            -103.461545,
                            20.681691
                        ],
                        [
                            -103.461641,
                            20.682246
                        ],
                        [
                            -103.461753,
                            20.682551
                        ],
                        [
                            -103.461866,
                            20.682761
                        ],
                        [
                            -103.462085,
                            20.682912
                        ],
                        [
                            -103.462358,
                            20.683007
                        ],
                        [
                            -103.462609,
                            20.683012
                        ],
                        [
                            -103.463096,
                            20.682932
                        ],
                        [
                            -103.463385,
                            20.682856
                        ],
                        [
                            -103.463668,
                            20.682616
                        ]
                    ]
                ]
            },
            "bbox": [
                -103.463812,
                20.68059,
                -103.461539,
                20.683012
            ]
        },
        {
            "type": "Feature",
            "properties": {
                "name": "Estacionamiento",
                "Grupo": "Parking",
                "oferta": 1,
                "@id": "dd9f08d0-64ed-11f1-bf78-dd176f6a3056"
            },
            "geometry": {
                "type": "Polygon",
                "coordinates": [
                    [
                        [
                            -103.46747,
                            20.684742
                        ],
                        [
                            -103.467576,
                            20.684453
                        ],
                        [
                            -103.467677,
                            20.684135
                        ],
                        [
                            -103.467684,
                            20.683275
                        ],
                        [
                            -103.467713,
                            20.681792
                        ],
                        [
                            -103.467663,
                            20.680756
                        ],
                        [
                            -103.467142,
                            20.680681
                        ],
                        [
                            -103.466077,
                            20.680688
                        ],
                        [
                            -103.465904,
                            20.680789
                        ],
                        [
                            -103.465093,
                            20.681528
                        ],
                        [
                            -103.46505,
                            20.683796
                        ],
                        [
                            -103.465086,
                            20.685137
                        ],
                        [
                            -103.465209,
                            20.685198
                        ],
                        [
                            -103.466692,
                            20.685171
                        ],
                        [
                            -103.467083,
                            20.684988
                        ],
                        [
                            -103.46747,
                            20.684742
                        ]
                    ]
                ]
            },
            "bbox": [
                -103.467713,
                20.680681,
                -103.46505,
                20.685198
            ]
        },
        {
            "type": "Feature",
            "properties": {
                "name": "Estacionamiento",
                "Grupo": "Parking",
                "oferta": 1,
                "@id": "f651aa90-64ed-11f1-bf78-dd176f6a3056"
            },
            "geometry": {
                "type": "Polygon",
                "coordinates": [
                    [
                        [
                            -103.464731,
                            20.684663
                        ],
                        [
                            -103.464825,
                            20.684507
                        ],
                        [
                            -103.464854,
                            20.68425
                        ],
                        [
                            -103.464702,
                            20.683959
                        ],
                        [
                            -103.464456,
                            20.683891
                        ],
                        [
                            -103.464181,
                            20.683979
                        ],
                        [
                            -103.463942,
                            20.684013
                        ],
                        [
                            -103.461466,
                            20.683979
                        ],
                        [
                            -103.460706,
                            20.683993
                        ],
                        [
                            -103.460634,
                            20.684155
                        ],
                        [
                            -103.460569,
                            20.684447
                        ],
                        [
                            -103.460692,
                            20.684677
                        ],
                        [
                            -103.462538,
                            20.684663
                        ],
                        [
                            -103.46434,
                            20.684684
                        ],
                        [
                            -103.464731,
                            20.684663
                        ]
                    ]
                ]
            },
            "bbox": [
                -103.464854,
                20.683891,
                -103.460569,
                20.684684
            ]
        },
        {
            "type": "Feature",
            "properties": {
                "name": "Estación Estadio Chivas II",
                "Grupo": "Parking",
                "oferta": 1,
                "@id": "09003a80-64ee-11f1-bf78-dd176f6a3056"
            },
            "geometry": {
                "type": "Polygon",
                "coordinates": [
                    [
                        [
                            -103.455244,
                            20.680978
                        ],
                        [
                            -103.455238,
                            20.680387
                        ],
                        [
                            -103.455182,
                            20.680419
                        ],
                        [
                            -103.455187,
                            20.681006
                        ],
                        [
                            -103.455244,
                            20.680978
                        ]
                    ]
                ]
            },
            "bbox": [
                -103.455244,
                20.680387,
                -103.455182,
                20.681006
            ]
        },
        {
            "type": "Feature",
            "properties": {
                "name": "Estación Estadio Chivas",
                "Grupo": "Parking",
                "oferta": 1,
                "@id": "16a433d0-64ee-11f1-bf78-dd176f6a3056"
            },
            "geometry": {
                "type": "Polygon",
                "coordinates": [
                    [
                        [
                            -103.455347,
                            20.687673
                        ],
                        [
                            -103.455315,
                            20.687076
                        ],
                        [
                            -103.455251,
                            20.687122
                        ],
                        [
                            -103.455288,
                            20.687706
                        ],
                        [
                            -103.455347,
                            20.687673
                        ]
                    ]
                ]
            },
            "bbox": [
                -103.455347,
                20.687076,
                -103.455251,
                20.687706
            ]
        },
        {
            "type": "Feature",
            "properties": {
                "name": "Estación Cd. Granja",
                "Grupo": "TP Estación",
                "demanda": 1,
                "@id": "20a47980-64ee-11f1-bf78-dd176f6a3056"
            },
            "geometry": {
                "type": "Polygon",
                "coordinates": [
                    [
                        [
                            -103.455219,
                            20.675427
                        ],
                        [
                            -103.455215,
                            20.674833
                        ],
                        [
                            -103.455147,
                            20.674863
                        ],
                        [
                            -103.455154,
                            20.675454
                        ],
                        [
                            -103.455219,
                            20.675427
                        ]
                    ]
                ]
            },
            "bbox": [
                -103.455219,
                20.674833,
                -103.455147,
                20.675454
            ]
        },
        {
            "type": "Feature",
            "properties": {
                "name": "Av. José Parres Arias",
                "Grupo": "Avenidas y Calles",
                "@id": "b86b17a0-64f4-11f1-bf78-dd176f6a3056"
            },
            "geometry": {
                "type": "LineString",
                "coordinates": [
                    [
                        -103.389015,
                        20.728886
                    ],
                    [
                        -103.388974,
                        20.729043
                    ],
                    [
                        -103.388945,
                        20.729171
                    ],
                    [
                        -103.387655,
                        20.730037
                    ],
                    [
                        -103.386153,
                        20.730998
                    ],
                    [
                        -103.384656,
                        20.732
                    ],
                    [
                        -103.382024,
                        20.733773
                    ],
                    [
                        -103.380853,
                        20.734554
                    ],
                    [
                        -103.380215,
                        20.734969
                    ],
                    [
                        -103.379947,
                        20.735146
                    ],
                    [
                        -103.379576,
                        20.735402
                    ],
                    [
                        -103.379342,
                        20.735597
                    ],
                    [
                        -103.379194,
                        20.735764
                    ],
                    [
                        -103.379095,
                        20.735934
                    ],
                    [
                        -103.379033,
                        20.736156
                    ],
                    [
                        -103.378909,
                        20.736633
                    ],
                    [
                        -103.378787,
                        20.737104
                    ],
                    [
                        -103.378681,
                        20.737611
                    ],
                    [
                        -103.378564,
                        20.738102
                    ]
                ]
            },
            "bbox": [
                -103.389015,
                20.728886,
                -103.378564,
                20.738102
            ]
        },
        {
            "type": "Feature",
            "properties": {
                "name": "Av. Venustiano Carranza",
                "Grupo": "Avenidas y Calles",
                "@id": "df8306e0-64f4-11f1-bf78-dd176f6a3056"
            },
            "geometry": {
                "type": "LineString",
                "coordinates": [
                    [
                        -103.388873,
                        20.734645
                    ],
                    [
                        -103.388593,
                        20.734619
                    ],
                    [
                        -103.388425,
                        20.734606
                    ],
                    [
                        -103.388184,
                        20.734593
                    ],
                    [
                        -103.387645,
                        20.734456
                    ],
                    [
                        -103.387355,
                        20.734371
                    ],
                    [
                        -103.387068,
                        20.734272
                    ],
                    [
                        -103.386882,
                        20.734119
                    ],
                    [
                        -103.386512,
                        20.733926
                    ],
                    [
                        -103.386015,
                        20.733742
                    ],
                    [
                        -103.385149,
                        20.733448
                    ],
                    [
                        -103.384955,
                        20.733406
                    ],
                    [
                        -103.384726,
                        20.733481
                    ],
                    [
                        -103.384523,
                        20.733433
                    ],
                    [
                        -103.384221,
                        20.733326
                    ],
                    [
                        -103.383843,
                        20.733195
                    ],
                    [
                        -103.383725,
                        20.733118
                    ],
                    [
                        -103.3837,
                        20.732991
                    ],
                    [
                        -103.383686,
                        20.73292
                    ],
                    [
                        -103.383655,
                        20.732831
                    ],
                    [
                        -103.383576,
                        20.732733
                    ],
                    [
                        -103.383451,
                        20.732636
                    ],
                    [
                        -103.383209,
                        20.732601
                    ],
                    [
                        -103.383029,
                        20.732565
                    ],
                    [
                        -103.382823,
                        20.732524
                    ],
                    [
                        -103.382499,
                        20.732451
                    ],
                    [
                        -103.38206,
                        20.73231
                    ],
                    [
                        -103.381501,
                        20.731941
                    ],
                    [
                        -103.381069,
                        20.731598
                    ],
                    [
                        -103.380611,
                        20.731257
                    ],
                    [
                        -103.379912,
                        20.730663
                    ],
                    [
                        -103.379548,
                        20.730396
                    ],
                    [
                        -103.37919,
                        20.730109
                    ],
                    [
                        -103.378455,
                        20.729534
                    ],
                    [
                        -103.377971,
                        20.729196
                    ],
                    [
                        -103.377722,
                        20.729048
                    ],
                    [
                        -103.377073,
                        20.728795
                    ],
                    [
                        -103.375833,
                        20.728565
                    ],
                    [
                        -103.374574,
                        20.728372
                    ],
                    [
                        -103.371951,
                        20.727935
                    ],
                    [
                        -103.370342,
                        20.727654
                    ],
                    [
                        -103.368127,
                        20.727265
                    ]
                ]
            },
            "bbox": [
                -103.388873,
                20.727265,
                -103.368127,
                20.734645
            ]
        },
        {
            "type": "Feature",
            "properties": {
                "name": "Av. Obreros de Cananea",
                "Grupo": "Avenidas y Calles",
                "@id": "115e3db0-64f5-11f1-bf78-dd176f6a3056"
            },
            "geometry": {
                "type": "LineString",
                "coordinates": [
                    [
                        -103.36774,
                        20.730901
                    ],
                    [
                        -103.370225,
                        20.731294
                    ],
                    [
                        -103.370651,
                        20.731337
                    ],
                    [
                        -103.370978,
                        20.731201
                    ],
                    [
                        -103.371196,
                        20.73098
                    ],
                    [
                        -103.371396,
                        20.730827
                    ],
                    [
                        -103.372286,
                        20.730827
                    ],
                    [
                        -103.373477,
                        20.730874
                    ],
                    [
                        -103.374538,
                        20.73089
                    ],
                    [
                        -103.376963,
                        20.731331
                    ],
                    [
                        -103.380196,
                        20.731945
                    ],
                    [
                        -103.380403,
                        20.732015
                    ],
                    [
                        -103.381323,
                        20.732228
                    ],
                    [
                        -103.381882,
                        20.732359
                    ],
                    [
                        -103.382435,
                        20.732545
                    ],
                    [
                        -103.382876,
                        20.732689
                    ],
                    [
                        -103.382943,
                        20.732772
                    ],
                    [
                        -103.382928,
                        20.73302
                    ],
                    [
                        -103.383134,
                        20.733289
                    ],
                    [
                        -103.383377,
                        20.733323
                    ],
                    [
                        -103.383635,
                        20.733261
                    ],
                    [
                        -103.384429,
                        20.733525
                    ],
                    [
                        -103.384731,
                        20.733601
                    ],
                    [
                        -103.384875,
                        20.733609
                    ],
                    [
                        -103.385043,
                        20.733596
                    ],
                    [
                        -103.385838,
                        20.733864
                    ],
                    [
                        -103.386517,
                        20.734103
                    ],
                    [
                        -103.387009,
                        20.734398
                    ],
                    [
                        -103.387669,
                        20.734609
                    ],
                    [
                        -103.38827,
                        20.734737
                    ],
                    [
                        -103.388904,
                        20.734744
                    ]
                ]
            },
            "bbox": [
                -103.388904,
                20.730827,
                -103.36774,
                20.734744
            ]
        },
        {
            "type": "Feature",
            "properties": {
                "name": "C. José Guadalupe Zuno",
                "Grupo": "Avenidas y Calles",
                "@id": "cdb48140-64f5-11f1-bf78-dd176f6a3056"
            },
            "geometry": {
                "type": "LineString",
                "coordinates": [
                    [
                        -103.386256,
                        20.740076
                    ],
                    [
                        -103.385774,
                        20.739997
                    ],
                    [
                        -103.385127,
                        20.739806
                    ],
                    [
                        -103.383977,
                        20.739481
                    ],
                    [
                        -103.383067,
                        20.739251
                    ],
                    [
                        -103.380164,
                        20.738485
                    ],
                    [
                        -103.378552,
                        20.738105
                    ],
                    [
                        -103.37717,
                        20.737747
                    ],
                    [
                        -103.375466,
                        20.737261
                    ],
                    [
                        -103.375186,
                        20.737203
                    ],
                    [
                        -103.374626,
                        20.737097
                    ],
                    [
                        -103.374009,
                        20.736977
                    ],
                    [
                        -103.373669,
                        20.736875
                    ],
                    [
                        -103.372949,
                        20.736723
                    ],
                    [
                        -103.372687,
                        20.736709
                    ],
                    [
                        -103.372297,
                        20.736659
                    ],
                    [
                        -103.370788,
                        20.73628
                    ],
                    [
                        -103.369482,
                        20.735951
                    ],
                    [
                        -103.367583,
                        20.735425
                    ]
                ]
            },
            "bbox": [
                -103.386256,
                20.735425,
                -103.367583,
                20.740076
            ]
        },
        {
            "type": "Feature",
            "properties": {
                "name": "Puente Peatonal U. Tec Milenio",
                "Grupo": "Puente Peatonal",
                "@id": "fb9a6200-64f5-11f1-bf78-dd176f6a3056"
            },
            "geometry": {
                "type": "LineString",
                "coordinates": [
                    [
                        -103.371131,
                        20.736786
                    ],
                    [
                        -103.371173,
                        20.736651
                    ],
                    [
                        -103.371062,
                        20.736616
                    ],
                    [
                        -103.371167,
                        20.736248
                    ],
                    [
                        -103.371238,
                        20.736265
                    ],
                    [
                        -103.371283,
                        20.736071
                    ],
                    [
                        -103.371343,
                        20.735916
                    ]
                ]
            },
            "bbox": [
                -103.371343,
                20.735916,
                -103.371062,
                20.736786
            ]
        },
        {
            "type": "Feature",
            "properties": {
                "name": "Puente Peatonal Constitución",
                "Grupo": "Puente Peatonal",
                "@id": "0a371330-64f6-11f1-bf78-dd176f6a3056"
            },
            "geometry": {
                "type": "LineString",
                "coordinates": [
                    [
                        -103.377116,
                        20.738359
                    ],
                    [
                        -103.377169,
                        20.738164
                    ],
                    [
                        -103.377215,
                        20.737994
                    ],
                    [
                        -103.377254,
                        20.737842
                    ],
                    [
                        -103.377307,
                        20.737686
                    ]
                ]
            },
            "bbox": [
                -103.377307,
                20.737686,
                -103.377116,
                20.738359
            ]
        },
        {
            "type": "Feature",
            "properties": {
                "name": "Puente Peatonal Constitución",
                "Grupo": "Puente Peatonal",
                "@id": "1136c310-64f6-11f1-bf78-dd176f6a3056"
            },
            "geometry": {
                "type": "LineString",
                "coordinates": [
                    [
                        -103.376674,
                        20.737897
                    ],
                    [
                        -103.377103,
                        20.738017
                    ],
                    [
                        -103.37711,
                        20.738001
                    ],
                    [
                        -103.376724,
                        20.737893
                    ],
                    [
                        -103.376726,
                        20.737879
                    ],
                    [
                        -103.377209,
                        20.738008
                    ]
                ]
            },
            "bbox": [
                -103.377209,
                20.737879,
                -103.376674,
                20.738017
            ]
        },
        {
            "type": "Feature",
            "properties": {
                "name": "Puente Peatonal Centro Cultural Universitario",
                "Grupo": "Puente Peatonal",
                "@id": "1d5295c0-64f6-11f1-bf78-dd176f6a3056"
            },
            "geometry": {
                "type": "LineString",
                "coordinates": [
                    [
                        -103.381841,
                        20.739257
                    ],
                    [
                        -103.381203,
                        20.739079
                    ],
                    [
                        -103.381197,
                        20.739096
                    ],
                    [
                        -103.381527,
                        20.739191
                    ],
                    [
                        -103.381522,
                        20.73921
                    ],
                    [
                        -103.38104,
                        20.739072
                    ],
                    [
                        -103.381005,
                        20.73911
                    ],
                    [
                        -103.380936,
                        20.739117
                    ],
                    [
                        -103.380881,
                        20.739127
                    ],
                    [
                        -103.38083,
                        20.739304
                    ]
                ]
            },
            "bbox": [
                -103.381841,
                20.739072,
                -103.38083,
                20.739304
            ]
        },
        {
            "type": "Feature",
            "properties": {
                "name": "Paso Peatonal a nivel",
                "Grupo": "Puente Peatonal",
                "@id": "27df3cf0-64f6-11f1-bf78-dd176f6a3056"
            },
            "geometry": {
                "type": "LineString",
                "coordinates": [
                    [
                        -103.381045,
                        20.739079
                    ],
                    [
                        -103.38105,
                        20.739006
                    ],
                    [
                        -103.381076,
                        20.738925
                    ],
                    [
                        -103.381144,
                        20.738646
                    ]
                ]
            },
            "bbox": [
                -103.381144,
                20.738646,
                -103.381045,
                20.739079
            ]
        },
        {
            "type": "Feature",
            "properties": {
                "name": "Calle A",
                "Grupo": "Avenidas y Calles",
                "@id": "413571b0-64f6-11f1-bf78-dd176f6a3056"
            },
            "geometry": {
                "type": "LineString",
                "coordinates": [
                    [
                        -103.379997,
                        20.732057
                    ],
                    [
                        -103.379294,
                        20.735113
                    ],
                    [
                        -103.379129,
                        20.735755
                    ],
                    [
                        -103.379115,
                        20.735895
                    ]
                ]
            },
            "bbox": [
                -103.379997,
                20.732057,
                -103.379115,
                20.735895
            ]
        },
        {
            "type": "Feature",
            "properties": {
                "name": "Av. Enrique Diaz de León Norte",
                "Grupo": "Avenidas y Calles",
                "@id": "6d2eebc0-64f6-11f1-bf78-dd176f6a3056"
            },
            "geometry": {
                "type": "LineString",
                "coordinates": [
                    [
                        -103.376916,
                        20.731329
                    ],
                    [
                        -103.37674,
                        20.731975
                    ],
                    [
                        -103.376333,
                        20.73354
                    ],
                    [
                        -103.37614,
                        20.734182
                    ],
                    [
                        -103.375669,
                        20.735848
                    ],
                    [
                        -103.375324,
                        20.737132
                    ],
                    [
                        -103.375233,
                        20.737456
                    ],
                    [
                        -103.375193,
                        20.73777
                    ],
                    [
                        -103.375034,
                        20.740169
                    ]
                ]
            },
            "bbox": [
                -103.376916,
                20.731329,
                -103.375034,
                20.740169
            ]
        },
        {
            "type": "Feature",
            "properties": {
                "name": "C. Industrial Los Belenes",
                "Grupo": "Avenidas y Calles",
                "@id": "95698910-64f6-11f1-bf78-dd176f6a3056"
            },
            "geometry": {
                "type": "LineString",
                "coordinates": [
                    [
                        -103.379546,
                        20.73404
                    ],
                    [
                        -103.379386,
                        20.733997
                    ],
                    [
                        -103.37932,
                        20.733983
                    ],
                    [
                        -103.379287,
                        20.734028
                    ],
                    [
                        -103.379269,
                        20.734107
                    ],
                    [
                        -103.379205,
                        20.734144
                    ],
                    [
                        -103.379127,
                        20.734135
                    ],
                    [
                        -103.376336,
                        20.733551
                    ]
                ]
            },
            "bbox": [
                -103.379546,
                20.733551,
                -103.376336,
                20.734144
            ]
        },
        {
            "type": "Feature",
            "properties": {
                "name": "C. Ingeniero Hugo Vázquez Reyes",
                "Grupo": "Avenidas y Calles",
                "@id": "bb262e10-64f6-11f1-bf78-dd176f6a3056"
            },
            "geometry": {
                "type": "LineString",
                "coordinates": [
                    [
                        -103.378948,
                        20.736575
                    ],
                    [
                        -103.378111,
                        20.736407
                    ],
                    [
                        -103.376495,
                        20.736117
                    ],
                    [
                        -103.376213,
                        20.736067
                    ],
                    [
                        -103.376066,
                        20.736033
                    ],
                    [
                        -103.375903,
                        20.736025
                    ],
                    [
                        -103.37565,
                        20.735972
                    ]
                ]
            },
            "bbox": [
                -103.378948,
                20.735972,
                -103.37565,
                20.736575
            ]
        },
        {
            "type": "Feature",
            "properties": {
                "name": "Calzada Constituyentes",
                "Grupo": "Avenidas y Calles",
                "@id": "e15b5e70-64f6-11f1-bf78-dd176f6a3056"
            },
            "geometry": {
                "type": "LineString",
                "coordinates": [
                    [
                        -103.375156,
                        20.737198
                    ],
                    [
                        -103.375096,
                        20.737068
                    ],
                    [
                        -103.37477,
                        20.736673
                    ],
                    [
                        -103.373873,
                        20.735768
                    ],
                    [
                        -103.373044,
                        20.734678
                    ],
                    [
                        -103.371802,
                        20.732851
                    ],
                    [
                        -103.370882,
                        20.731602
                    ],
                    [
                        -103.368097,
                        20.72735
                    ]
                ]
            },
            "bbox": [
                -103.375156,
                20.72735,
                -103.368097,
                20.737198
            ]
        },
        {
            "type": "Feature",
            "properties": {
                "name": "Privada Ingeniero Hugo Vázquez Reyes",
                "Grupo": "Avenidas y Calles",
                "@id": "110a1850-64f7-11f1-bf78-dd176f6a3056"
            },
            "geometry": {
                "type": "LineString",
                "coordinates": [
                    [
                        -103.375666,
                        20.735977
                    ],
                    [
                        -103.375631,
                        20.735961
                    ],
                    [
                        -103.37562,
                        20.73591
                    ],
                    [
                        -103.375525,
                        20.735875
                    ],
                    [
                        -103.374352,
                        20.735636
                    ],
                    [
                        -103.374119,
                        20.735432
                    ],
                    [
                        -103.374062,
                        20.735429
                    ],
                    [
                        -103.374041,
                        20.735456
                    ],
                    [
                        -103.373981,
                        20.73576
                    ],
                    [
                        -103.373972,
                        20.735819
                    ],
                    [
                        -103.373955,
                        20.735843
                    ]
                ]
            },
            "bbox": [
                -103.375666,
                20.735429,
                -103.373955,
                20.735977
            ]
        },
        {
            "type": "Feature",
            "properties": {
                "name": "Av. Enrique Diaz de León Norte ",
                "Grupo": "Avenidas y Calles",
                "@id": "2fc14110-64f7-11f1-bf78-dd176f6a3056"
            },
            "geometry": {
                "type": "LineString",
                "coordinates": [
                    [
                        -103.37794,
                        20.727917
                    ],
                    [
                        -103.377594,
                        20.729045
                    ],
                    [
                        -103.376951,
                        20.731346
                    ]
                ]
            },
            "bbox": [
                -103.37794,
                20.727917,
                -103.376951,
                20.731346
            ]
        },
        {
            "type": "Feature",
            "properties": {
                "name": "Prolongación Los Laureles",
                "Grupo": "Avenidas y Calles",
                "@id": "4eec8860-64f7-11f1-bf78-dd176f6a3056"
            },
            "geometry": {
                "type": "LineString",
                "coordinates": [
                    [
                        -103.386344,
                        20.726992
                    ],
                    [
                        -103.385212,
                        20.731648
                    ]
                ]
            },
            "bbox": [
                -103.386344,
                20.726992,
                -103.385212,
                20.731648
            ]
        },
        {
            "type": "Feature",
            "properties": {
                "name": "Av. Doctor Luis Farah",
                "Grupo": "Avenidas y Calles",
                "@id": "578aa600-64f7-11f1-bf78-dd176f6a3056"
            },
            "geometry": {
                "type": "LineString",
                "coordinates": [
                    [
                        -103.377969,
                        20.727943
                    ],
                    [
                        -103.379258,
                        20.728247
                    ],
                    [
                        -103.379994,
                        20.728461
                    ],
                    [
                        -103.380385,
                        20.728631
                    ],
                    [
                        -103.381588,
                        20.72956
                    ],
                    [
                        -103.382209,
                        20.729836
                    ],
                    [
                        -103.3843,
                        20.730176
                    ],
                    [
                        -103.385513,
                        20.730372
                    ]
                ]
            },
            "bbox": [
                -103.385513,
                20.727943,
                -103.377969,
                20.730372
            ]
        },
        {
            "type": "Feature",
            "properties": {
                "name": "Av. Dr. J. Simeón Uría",
                "Grupo": "Avenidas y Calles",
                "@id": "64e672c0-64f7-11f1-bf78-dd176f6a3056"
            },
            "geometry": {
                "type": "LineString",
                "coordinates": [
                    [
                        -103.380237,
                        20.731959
                    ],
                    [
                        -103.3808,
                        20.731414
                    ],
                    [
                        -103.381564,
                        20.730557
                    ],
                    [
                        -103.382204,
                        20.729869
                    ]
                ]
            },
            "bbox": [
                -103.382204,
                20.729869,
                -103.380237,
                20.731959
            ]
        },
        {
            "type": "Feature",
            "properties": {
                "name": "Anillo Periférico Norte Oeste",
                "Grupo": "Periférico",
                "@id": "82ff1190-64f7-11f1-bf78-dd176f6a3056"
            },
            "geometry": {
                "type": "LineString",
                "coordinates": [
                    [
                        -103.368132,
                        20.735768
                    ],
                    [
                        -103.372586,
                        20.736955
                    ],
                    [
                        -103.373009,
                        20.737131
                    ],
                    [
                        -103.37425,
                        20.7375
                    ],
                    [
                        -103.375623,
                        20.737875
                    ],
                    [
                        -103.37699,
                        20.738229
                    ],
                    [
                        -103.378768,
                        20.738683
                    ],
                    [
                        -103.380537,
                        20.739165
                    ],
                    [
                        -103.382302,
                        20.739678
                    ],
                    [
                        -103.382765,
                        20.73981
                    ],
                    [
                        -103.383463,
                        20.740005
                    ],
                    [
                        -103.38389,
                        20.740124
                    ]
                ]
            },
            "bbox": [
                -103.38389,
                20.735768,
                -103.368132,
                20.740124
            ]
        },
        {
            "type": "Feature",
            "properties": {
                "name": "Anillo Periférico Norte Oeste",
                "Grupo": "Periférico",
                "@id": "aad34bf0-64f7-11f1-bf78-dd176f6a3056"
            },
            "geometry": {
                "type": "LineString",
                "coordinates": [
                    [
                        -103.372591,
                        20.736933
                    ],
                    [
                        -103.373266,
                        20.737143
                    ],
                    [
                        -103.373983,
                        20.737343
                    ],
                    [
                        -103.375698,
                        20.737733
                    ],
                    [
                        -103.37871,
                        20.738544
                    ],
                    [
                        -103.3812,
                        20.739205
                    ],
                    [
                        -103.383418,
                        20.739791
                    ],
                    [
                        -103.384687,
                        20.740126
                    ]
                ]
            },
            "bbox": [
                -103.384687,
                20.736933,
                -103.372591,
                20.740126
            ]
        },
        {
            "type": "Feature",
            "properties": {
                "name": "Anillo Periférico Norte Este",
                "Grupo": "Periférico",
                "@id": "bd1696f0-64f7-11f1-bf78-dd176f6a3056"
            },
            "geometry": {
                "type": "LineString",
                "coordinates": [
                    [
                        -103.384975,
                        20.74001
                    ],
                    [
                        -103.383717,
                        20.739688
                    ],
                    [
                        -103.382707,
                        20.739387
                    ],
                    [
                        -103.381143,
                        20.738988
                    ],
                    [
                        -103.380455,
                        20.738799
                    ],
                    [
                        -103.377624,
                        20.737997
                    ],
                    [
                        -103.376942,
                        20.737805
                    ],
                    [
                        -103.375907,
                        20.737511
                    ],
                    [
                        -103.374869,
                        20.737279
                    ],
                    [
                        -103.37392,
                        20.737082
                    ],
                    [
                        -103.373079,
                        20.736864
                    ],
                    [
                        -103.372327,
                        20.736665
                    ]
                ]
            },
            "bbox": [
                -103.384975,
                20.736665,
                -103.372327,
                20.74001
            ]
        },
        {
            "type": "Feature",
            "properties": {
                "name": "Retorno 1",
                "Grupo": "Rampas",
                "@id": "d3d0c410-64f7-11f1-bf78-dd176f6a3056"
            },
            "geometry": {
                "type": "LineString",
                "coordinates": [
                    [
                        -103.385388,
                        20.739893
                    ],
                    [
                        -103.38521,
                        20.739881
                    ],
                    [
                        -103.384814,
                        20.739804
                    ],
                    [
                        -103.383685,
                        20.739518
                    ],
                    [
                        -103.383359,
                        20.739452
                    ],
                    [
                        -103.383198,
                        20.739475
                    ],
                    [
                        -103.383123,
                        20.739614
                    ],
                    [
                        -103.383119,
                        20.739761
                    ],
                    [
                        -103.383206,
                        20.739862
                    ],
                    [
                        -103.383425,
                        20.739912
                    ],
                    [
                        -103.38409,
                        20.740055
                    ],
                    [
                        -103.384607,
                        20.74019
                    ]
                ]
            },
            "bbox": [
                -103.385388,
                20.739452,
                -103.383119,
                20.74019
            ]
        },
        {
            "type": "Feature",
            "properties": {
                "name": "Retorno  2",
                "Grupo": "Rampas",
                "@id": "e2798330-64f7-11f1-bf78-dd176f6a3056"
            },
            "geometry": {
                "type": "LineString",
                "coordinates": [
                    [
                        -103.380284,
                        20.739097
                    ],
                    [
                        -103.380406,
                        20.739107
                    ],
                    [
                        -103.380525,
                        20.739069
                    ],
                    [
                        -103.380607,
                        20.73901
                    ],
                    [
                        -103.380645,
                        20.738923
                    ],
                    [
                        -103.380663,
                        20.738829
                    ],
                    [
                        -103.380584,
                        20.738711
                    ],
                    [
                        -103.380428,
                        20.738595
                    ],
                    [
                        -103.380292,
                        20.738521
                    ]
                ]
            },
            "bbox": [
                -103.380663,
                20.738521,
                -103.380284,
                20.739107
            ]
        },
        {
            "type": "Feature",
            "properties": {
                "name": "Retorno 3",
                "Grupo": "Rampas",
                "@id": "ef43be50-64f7-11f1-bf78-dd176f6a3056"
            },
            "geometry": {
                "type": "LineString",
                "coordinates": [
                    [
                        -103.376004,
                        20.737414
                    ],
                    [
                        -103.375795,
                        20.73736
                    ],
                    [
                        -103.375661,
                        20.737356
                    ],
                    [
                        -103.375548,
                        20.737388
                    ],
                    [
                        -103.375445,
                        20.737462
                    ],
                    [
                        -103.3754,
                        20.737565
                    ],
                    [
                        -103.375424,
                        20.737645
                    ],
                    [
                        -103.375466,
                        20.737725
                    ],
                    [
                        -103.375599,
                        20.737828
                    ],
                    [
                        -103.375754,
                        20.737911
                    ]
                ]
            },
            "bbox": [
                -103.376004,
                20.737356,
                -103.3754,
                20.737911
            ]
        },
        {
            "type": "Feature",
            "properties": {
                "name": "Rampa 1",
                "Grupo": "Rampas",
                "@id": "fea482d0-64f7-11f1-bf78-dd176f6a3056"
            },
            "geometry": {
                "type": "LineString",
                "coordinates": [
                    [
                        -103.382934,
                        20.739223
                    ],
                    [
                        -103.382184,
                        20.739128
                    ],
                    [
                        -103.381657,
                        20.739026
                    ],
                    [
                        -103.381281,
                        20.739026
                    ]
                ]
            },
            "bbox": [
                -103.382934,
                20.739026,
                -103.381281,
                20.739223
            ]
        },
        {
            "type": "Feature",
            "properties": {
                "name": "Rampa 2",
                "Grupo": "Rampas",
                "@id": "06298f50-64f8-11f1-bf78-dd176f6a3056"
            },
            "geometry": {
                "type": "LineString",
                "coordinates": [
                    [
                        -103.38113,
                        20.739202
                    ],
                    [
                        -103.381367,
                        20.739304
                    ],
                    [
                        -103.381785,
                        20.739431
                    ],
                    [
                        -103.382128,
                        20.739515
                    ],
                    [
                        -103.382407,
                        20.739656
                    ],
                    [
                        -103.382719,
                        20.73979
                    ]
                ]
            },
            "bbox": [
                -103.382719,
                20.739202,
                -103.38113,
                20.73979
            ]
        },
        {
            "type": "Feature",
            "properties": {
                "name": "Rampa 3",
                "Grupo": "Rampas",
                "@id": "12d59410-64f8-11f1-bf78-dd176f6a3056"
            },
            "geometry": {
                "type": "LineString",
                "coordinates": [
                    [
                        -103.377494,
                        20.738349
                    ],
                    [
                        -103.377644,
                        20.738359
                    ],
                    [
                        -103.377882,
                        20.738386
                    ],
                    [
                        -103.378257,
                        20.738483
                    ],
                    [
                        -103.378611,
                        20.738583
                    ],
                    [
                        -103.379081,
                        20.738688
                    ],
                    [
                        -103.379493,
                        20.738753
                    ]
                ]
            },
            "bbox": [
                -103.379493,
                20.738349,
                -103.377494,
                20.738753
            ]
        },
        {
            "type": "Feature",
            "properties": {
                "name": "Prolongación los Laureles",
                "Grupo": "Avenidas y Calles",
                "@id": "2ededae0-64f8-11f1-bf78-dd176f6a3056"
            },
            "geometry": {
                "type": "LineString",
                "coordinates": [
                    [
                        -103.384828,
                        20.731926
                    ],
                    [
                        -103.384792,
                        20.732247
                    ],
                    [
                        -103.384314,
                        20.733528
                    ],
                    [
                        -103.383952,
                        20.734607
                    ],
                    [
                        -103.3837,
                        20.735215
                    ],
                    [
                        -103.383492,
                        20.735982
                    ],
                    [
                        -103.383117,
                        20.738472
                    ],
                    [
                        -103.38299,
                        20.739223
                    ]
                ]
            },
            "bbox": [
                -103.384828,
                20.731926,
                -103.38299,
                20.739223
            ]
        },
        {
            "type": "Feature",
            "properties": {
                "name": "Prolongación José Parres",
                "Grupo": "Avenidas y Calles",
                "@id": "562f8d60-64f8-11f1-bf78-dd176f6a3056"
            },
            "geometry": {
                "type": "LineString",
                "coordinates": [
                    [
                        -103.378572,
                        20.738638
                    ],
                    [
                        -103.37848,
                        20.738988
                    ],
                    [
                        -103.378056,
                        20.740852
                    ],
                    [
                        -103.377798,
                        20.742082
                    ],
                    [
                        -103.377406,
                        20.743654
                    ],
                    [
                        -103.377148,
                        20.74467
                    ],
                    [
                        -103.376924,
                        20.744964
                    ]
                ]
            },
            "bbox": [
                -103.378572,
                20.738638,
                -103.376924,
                20.744964
            ]
        },
        {
            "type": "Feature",
            "properties": {
                "name": "C. Peri CUCeA",
                "Grupo": "Avenidas y Calles",
                "@id": "67a17ea0-64f8-11f1-bf78-dd176f6a3056"
            },
            "geometry": {
                "type": "LineString",
                "coordinates": [
                    [
                        -103.382007,
                        20.742731
                    ],
                    [
                        -103.381525,
                        20.742693
                    ],
                    [
                        -103.380567,
                        20.742604
                    ],
                    [
                        -103.38001,
                        20.742509
                    ],
                    [
                        -103.379833,
                        20.742458
                    ],
                    [
                        -103.379752,
                        20.742172
                    ],
                    [
                        -103.379657,
                        20.741842
                    ],
                    [
                        -103.37946,
                        20.741696
                    ],
                    [
                        -103.378896,
                        20.741518
                    ],
                    [
                        -103.378135,
                        20.74134
                    ],
                    [
                        -103.377979,
                        20.741295
                    ]
                ]
            },
            "bbox": [
                -103.382007,
                20.741295,
                -103.377979,
                20.742731
            ]
        },
        {
            "type": "Feature",
            "properties": {
                "name": "Av. Tabachines",
                "Grupo": "Avenidas y Calles",
                "@id": "8b3b1c90-64f8-11f1-bf78-dd176f6a3056"
            },
            "geometry": {
                "type": "LineString",
                "coordinates": [
                    [
                        -103.375023,
                        20.74013
                    ],
                    [
                        -103.374608,
                        20.740306
                    ],
                    [
                        -103.372555,
                        20.740309
                    ],
                    [
                        -103.371987,
                        20.740322
                    ],
                    [
                        -103.371933,
                        20.737055
                    ]
                ]
            },
            "bbox": [
                -103.375023,
                20.737055,
                -103.371933,
                20.740322
            ]
        },
        {
            "type": "Feature",
            "properties": {
                "name": "C. Municipal",
                "Grupo": "Avenidas y Calles",
                "@id": "96dc4100-64f8-11f1-bf78-dd176f6a3056"
            },
            "geometry": {
                "type": "LineString",
                "coordinates": [
                    [
                        -103.368137,
                        20.736028
                    ],
                    [
                        -103.370464,
                        20.736609
                    ],
                    [
                        -103.371953,
                        20.737024
                    ],
                    [
                        -103.373319,
                        20.737402
                    ],
                    [
                        -103.37379,
                        20.737438
                    ],
                    [
                        -103.374251,
                        20.737517
                    ]
                ]
            },
            "bbox": [
                -103.374251,
                20.736028,
                -103.368137,
                20.737517
            ]
        },
        {
            "type": "Feature",
            "properties": {
                "@circle": {
                    "type": "Mercator",
                    "center": [
                        -103.4552995,
                        20.687395
                    ]
                },
                "name": "Demanda pax 5",
                "Grupo": "Demanda TP",
                "demanda": 1,
                "visibility": false,
                "@id": "e9799220-6500-11f1-bf78-dd176f6a3056"
            },
            "geometry": {
                "type": "Polygon",
                "coordinates": [
                    [
                        [
                            -103.454918,
                            20.687395
                        ],
                        [
                            -103.454919,
                            20.687417
                        ],
                        [
                            -103.454921,
                            20.68744
                        ],
                        [
                            -103.454925,
                            20.687462
                        ],
                        [
                            -103.45493,
                            20.687484
                        ],
                        [
                            -103.454937,
                            20.687505
                        ],
                        [
                            -103.454945,
                            20.687526
                        ],
                        [
                            -103.454954,
                            20.687547
                        ],
                        [
                            -103.454965,
                            20.687567
                        ],
                        [
                            -103.454978,
                            20.687586
                        ],
                        [
                            -103.454991,
                            20.687605
                        ],
                        [
                            -103.455006,
                            20.687622
                        ],
                        [
                            -103.455022,
                            20.687639
                        ],
                        [
                            -103.455038,
                            20.687655
                        ],
                        [
                            -103.455056,
                            20.68767
                        ],
                        [
                            -103.455075,
                            20.687684
                        ],
                        [
                            -103.455095,
                            20.687696
                        ],
                        [
                            -103.455116,
                            20.687708
                        ],
                        [
                            -103.455137,
                            20.687718
                        ],
                        [
                            -103.455159,
                            20.687727
                        ],
                        [
                            -103.455182,
                            20.687734
                        ],
                        [
                            -103.455205,
                            20.687741
                        ],
                        [
                            -103.455228,
                            20.687745
                        ],
                        [
                            -103.455252,
                            20.687749
                        ],
                        [
                            -103.455276,
                            20.687751
                        ],
                        [
                            -103.4553,
                            20.687752
                        ],
                        [
                            -103.455323,
                            20.687751
                        ],
                        [
                            -103.455347,
                            20.687749
                        ],
                        [
                            -103.455371,
                            20.687745
                        ],
                        [
                            -103.455394,
                            20.687741
                        ],
                        [
                            -103.455417,
                            20.687734
                        ],
                        [
                            -103.45544,
                            20.687727
                        ],
                        [
                            -103.455462,
                            20.687718
                        ],
                        [
                            -103.455483,
                            20.687708
                        ],
                        [
                            -103.455504,
                            20.687696
                        ],
                        [
                            -103.455524,
                            20.687684
                        ],
                        [
                            -103.455543,
                            20.68767
                        ],
                        [
                            -103.455561,
                            20.687655
                        ],
                        [
                            -103.455577,
                            20.687639
                        ],
                        [
                            -103.455593,
                            20.687622
                        ],
                        [
                            -103.455608,
                            20.687605
                        ],
                        [
                            -103.455621,
                            20.687586
                        ],
                        [
                            -103.455634,
                            20.687567
                        ],
                        [
                            -103.455645,
                            20.687547
                        ],
                        [
                            -103.455654,
                            20.687526
                        ],
                        [
                            -103.455662,
                            20.687505
                        ],
                        [
                            -103.455669,
                            20.687484
                        ],
                        [
                            -103.455674,
                            20.687462
                        ],
                        [
                            -103.455678,
                            20.68744
                        ],
                        [
                            -103.45568,
                            20.687417
                        ],
                        [
                            -103.455681,
                            20.687395
                        ],
                        [
                            -103.45568,
                            20.687373
                        ],
                        [
                            -103.455678,
                            20.68735
                        ],
                        [
                            -103.455674,
                            20.687328
                        ],
                        [
                            -103.455669,
                            20.687306
                        ],
                        [
                            -103.455662,
                            20.687285
                        ],
                        [
                            -103.455654,
                            20.687264
                        ],
                        [
                            -103.455645,
                            20.687243
                        ],
                        [
                            -103.455634,
                            20.687223
                        ],
                        [
                            -103.455621,
                            20.687204
                        ],
                        [
                            -103.455608,
                            20.687185
                        ],
                        [
                            -103.455593,
                            20.687168
                        ],
                        [
                            -103.455577,
                            20.687151
                        ],
                        [
                            -103.455561,
                            20.687135
                        ],
                        [
                            -103.455543,
                            20.68712
                        ],
                        [
                            -103.455524,
                            20.687106
                        ],
                        [
                            -103.455504,
                            20.687094
                        ],
                        [
                            -103.455483,
                            20.687082
                        ],
                        [
                            -103.455462,
                            20.687072
                        ],
                        [
                            -103.45544,
                            20.687063
                        ],
                        [
                            -103.455417,
                            20.687056
                        ],
                        [
                            -103.455394,
                            20.687049
                        ],
                        [
                            -103.455371,
                            20.687045
                        ],
                        [
                            -103.455347,
                            20.687041
                        ],
                        [
                            -103.455323,
                            20.687039
                        ],
                        [
                            -103.4553,
                            20.687038
                        ],
                        [
                            -103.455276,
                            20.687039
                        ],
                        [
                            -103.455252,
                            20.687041
                        ],
                        [
                            -103.455228,
                            20.687045
                        ],
                        [
                            -103.455205,
                            20.687049
                        ],
                        [
                            -103.455182,
                            20.687056
                        ],
                        [
                            -103.455159,
                            20.687063
                        ],
                        [
                            -103.455137,
                            20.687072
                        ],
                        [
                            -103.455116,
                            20.687082
                        ],
                        [
                            -103.455095,
                            20.687094
                        ],
                        [
                            -103.455075,
                            20.687106
                        ],
                        [
                            -103.455056,
                            20.68712
                        ],
                        [
                            -103.455038,
                            20.687135
                        ],
                        [
                            -103.455022,
                            20.687151
                        ],
                        [
                            -103.455006,
                            20.687168
                        ],
                        [
                            -103.454991,
                            20.687185
                        ],
                        [
                            -103.454978,
                            20.687204
                        ],
                        [
                            -103.454965,
                            20.687223
                        ],
                        [
                            -103.454954,
                            20.687243
                        ],
                        [
                            -103.454945,
                            20.687264
                        ],
                        [
                            -103.454937,
                            20.687285
                        ],
                        [
                            -103.45493,
                            20.687306
                        ],
                        [
                            -103.454925,
                            20.687328
                        ],
                        [
                            -103.454921,
                            20.68735
                        ],
                        [
                            -103.454918,
                            20.687395
                        ]
                    ]
                ]
            },
            "bbox": [
                -103.455681,
                20.687038,
                -103.454918,
                20.687752
            ]
        },
        {
            "type": "Feature",
            "properties": {
                "@circle": {
                    "type": "Mercator",
                    "center": [
                        -103.4552144,
                        20.6806966
                    ]
                },
                "name": "Demanda pax 6",
                "Grupo": "Demanda TP",
                "demanda": 1,
                "visibility": false,
                "@id": "ef98f420-6500-11f1-bf78-dd176f6a3056"
            },
            "geometry": {
                "type": "Polygon",
                "coordinates": [
                    [
                        [
                            -103.454802,
                            20.680697
                        ],
                        [
                            -103.454803,
                            20.680721
                        ],
                        [
                            -103.454805,
                            20.680745
                        ],
                        [
                            -103.454809,
                            20.680769
                        ],
                        [
                            -103.454815,
                            20.680793
                        ],
                        [
                            -103.454822,
                            20.680816
                        ],
                        [
                            -103.454831,
                            20.680839
                        ],
                        [
                            -103.454841,
                            20.680861
                        ],
                        [
                            -103.454853,
                            20.680882
                        ],
                        [
                            -103.454866,
                            20.680903
                        ],
                        [
                            -103.454881,
                            20.680923
                        ],
                        [
                            -103.454897,
                            20.680943
                        ],
                        [
                            -103.454914,
                            20.680961
                        ],
                        [
                            -103.454932,
                            20.680978
                        ],
                        [
                            -103.454952,
                            20.680994
                        ],
                        [
                            -103.454972,
                            20.681009
                        ],
                        [
                            -103.454993,
                            20.681022
                        ],
                        [
                            -103.455016,
                            20.681035
                        ],
                        [
                            -103.455039,
                            20.681046
                        ],
                        [
                            -103.455063,
                            20.681055
                        ],
                        [
                            -103.455087,
                            20.681064
                        ],
                        [
                            -103.455112,
                            20.68107
                        ],
                        [
                            -103.455137,
                            20.681076
                        ],
                        [
                            -103.455163,
                            20.681079
                        ],
                        [
                            -103.455189,
                            20.681082
                        ],
                        [
                            -103.455214,
                            20.681082
                        ],
                        [
                            -103.45524,
                            20.681082
                        ],
                        [
                            -103.455266,
                            20.681079
                        ],
                        [
                            -103.455292,
                            20.681076
                        ],
                        [
                            -103.455317,
                            20.68107
                        ],
                        [
                            -103.455342,
                            20.681064
                        ],
                        [
                            -103.455366,
                            20.681055
                        ],
                        [
                            -103.45539,
                            20.681046
                        ],
                        [
                            -103.455413,
                            20.681035
                        ],
                        [
                            -103.455435,
                            20.681022
                        ],
                        [
                            -103.455457,
                            20.681009
                        ],
                        [
                            -103.455477,
                            20.680994
                        ],
                        [
                            -103.455497,
                            20.680978
                        ],
                        [
                            -103.455515,
                            20.680961
                        ],
                        [
                            -103.455532,
                            20.680943
                        ],
                        [
                            -103.455548,
                            20.680923
                        ],
                        [
                            -103.455563,
                            20.680903
                        ],
                        [
                            -103.455576,
                            20.680882
                        ],
                        [
                            -103.455588,
                            20.680861
                        ],
                        [
                            -103.455598,
                            20.680839
                        ],
                        [
                            -103.455607,
                            20.680816
                        ],
                        [
                            -103.455614,
                            20.680793
                        ],
                        [
                            -103.45562,
                            20.680769
                        ],
                        [
                            -103.455624,
                            20.680745
                        ],
                        [
                            -103.455626,
                            20.680721
                        ],
                        [
                            -103.455627,
                            20.680697
                        ],
                        [
                            -103.455626,
                            20.680672
                        ],
                        [
                            -103.455624,
                            20.680648
                        ],
                        [
                            -103.45562,
                            20.680624
                        ],
                        [
                            -103.455614,
                            20.680601
                        ],
                        [
                            -103.455607,
                            20.680577
                        ],
                        [
                            -103.455598,
                            20.680555
                        ],
                        [
                            -103.455588,
                            20.680532
                        ],
                        [
                            -103.455576,
                            20.680511
                        ],
                        [
                            -103.455563,
                            20.68049
                        ],
                        [
                            -103.455548,
                            20.68047
                        ],
                        [
                            -103.455532,
                            20.680451
                        ],
                        [
                            -103.455515,
                            20.680432
                        ],
                        [
                            -103.455497,
                            20.680415
                        ],
                        [
                            -103.455477,
                            20.680399
                        ],
                        [
                            -103.455457,
                            20.680384
                        ],
                        [
                            -103.455435,
                            20.680371
                        ],
                        [
                            -103.455413,
                            20.680358
                        ],
                        [
                            -103.45539,
                            20.680347
                        ],
                        [
                            -103.455366,
                            20.680338
                        ],
                        [
                            -103.455342,
                            20.68033
                        ],
                        [
                            -103.455317,
                            20.680323
                        ],
                        [
                            -103.455292,
                            20.680318
                        ],
                        [
                            -103.455266,
                            20.680314
                        ],
                        [
                            -103.45524,
                            20.680312
                        ],
                        [
                            -103.455214,
                            20.680311
                        ],
                        [
                            -103.455189,
                            20.680312
                        ],
                        [
                            -103.455163,
                            20.680314
                        ],
                        [
                            -103.455137,
                            20.680318
                        ],
                        [
                            -103.455112,
                            20.680323
                        ],
                        [
                            -103.455087,
                            20.68033
                        ],
                        [
                            -103.455063,
                            20.680338
                        ],
                        [
                            -103.455039,
                            20.680347
                        ],
                        [
                            -103.455016,
                            20.680358
                        ],
                        [
                            -103.454993,
                            20.680371
                        ],
                        [
                            -103.454972,
                            20.680384
                        ],
                        [
                            -103.454952,
                            20.680399
                        ],
                        [
                            -103.454932,
                            20.680415
                        ],
                        [
                            -103.454914,
                            20.680432
                        ],
                        [
                            -103.454897,
                            20.680451
                        ],
                        [
                            -103.454881,
                            20.68047
                        ],
                        [
                            -103.454866,
                            20.68049
                        ],
                        [
                            -103.454853,
                            20.680511
                        ],
                        [
                            -103.454841,
                            20.680532
                        ],
                        [
                            -103.454831,
                            20.680555
                        ],
                        [
                            -103.454822,
                            20.680577
                        ],
                        [
                            -103.454815,
                            20.680601
                        ],
                        [
                            -103.454809,
                            20.680624
                        ],
                        [
                            -103.454805,
                            20.680648
                        ],
                        [
                            -103.454802,
                            20.680697
                        ]
                    ]
                ]
            },
            "bbox": [
                -103.455627,
                20.680311,
                -103.454802,
                20.681082
            ]
        },
        {
            "type": "Feature",
            "properties": {
                "@circle": {
                    "type": "Mercator",
                    "center": [
                        -103.4551847,
                        20.6751262
                    ]
                },
                "name": "Demanda pax 7",
                "Grupo": "Demanda TP",
                "demanda": 1,
                "visibility": false,
                "@id": "f4f61790-6500-11f1-bf78-dd176f6a3056"
            },
            "geometry": {
                "type": "Polygon",
                "coordinates": [
                    [
                        [
                            -103.454817,
                            20.675126
                        ],
                        [
                            -103.454818,
                            20.675148
                        ],
                        [
                            -103.45482,
                            20.675169
                        ],
                        [
                            -103.454824,
                            20.675191
                        ],
                        [
                            -103.454829,
                            20.675212
                        ],
                        [
                            -103.454835,
                            20.675232
                        ],
                        [
                            -103.454843,
                            20.675253
                        ],
                        [
                            -103.454852,
                            20.675273
                        ],
                        [
                            -103.454863,
                            20.675292
                        ],
                        [
                            -103.454874,
                            20.67531
                        ],
                        [
                            -103.454887,
                            20.675328
                        ],
                        [
                            -103.454901,
                            20.675345
                        ],
                        [
                            -103.454917,
                            20.675362
                        ],
                        [
                            -103.454933,
                            20.675377
                        ],
                        [
                            -103.45495,
                            20.675391
                        ],
                        [
                            -103.454969,
                            20.675404
                        ],
                        [
                            -103.454988,
                            20.675417
                        ],
                        [
                            -103.455008,
                            20.675428
                        ],
                        [
                            -103.455028,
                            20.675437
                        ],
                        [
                            -103.455049,
                            20.675446
                        ],
                        [
                            -103.455071,
                            20.675453
                        ],
                        [
                            -103.455093,
                            20.675459
                        ],
                        [
                            -103.455116,
                            20.675464
                        ],
                        [
                            -103.455139,
                            20.675467
                        ],
                        [
                            -103.455162,
                            20.675469
                        ],
                        [
                            -103.455185,
                            20.67547
                        ],
                        [
                            -103.455208,
                            20.675469
                        ],
                        [
                            -103.455231,
                            20.675467
                        ],
                        [
                            -103.455254,
                            20.675464
                        ],
                        [
                            -103.455276,
                            20.675459
                        ],
                        [
                            -103.455298,
                            20.675453
                        ],
                        [
                            -103.45532,
                            20.675446
                        ],
                        [
                            -103.455341,
                            20.675437
                        ],
                        [
                            -103.455362,
                            20.675428
                        ],
                        [
                            -103.455382,
                            20.675417
                        ],
                        [
                            -103.455401,
                            20.675404
                        ],
                        [
                            -103.455419,
                            20.675391
                        ],
                        [
                            -103.455436,
                            20.675377
                        ],
                        [
                            -103.455453,
                            20.675362
                        ],
                        [
                            -103.455468,
                            20.675345
                        ],
                        [
                            -103.455482,
                            20.675328
                        ],
                        [
                            -103.455495,
                            20.67531
                        ],
                        [
                            -103.455507,
                            20.675292
                        ],
                        [
                            -103.455517,
                            20.675273
                        ],
                        [
                            -103.455527,
                            20.675253
                        ],
                        [
                            -103.455534,
                            20.675232
                        ],
                        [
                            -103.455541,
                            20.675212
                        ],
                        [
                            -103.455546,
                            20.675191
                        ],
                        [
                            -103.45555,
                            20.675169
                        ],
                        [
                            -103.455552,
                            20.675148
                        ],
                        [
                            -103.455552,
                            20.675126
                        ],
                        [
                            -103.455552,
                            20.675105
                        ],
                        [
                            -103.45555,
                            20.675083
                        ],
                        [
                            -103.455546,
                            20.675062
                        ],
                        [
                            -103.455541,
                            20.675041
                        ],
                        [
                            -103.455534,
                            20.67502
                        ],
                        [
                            -103.455527,
                            20.675
                        ],
                        [
                            -103.455517,
                            20.67498
                        ],
                        [
                            -103.455507,
                            20.67496
                        ],
                        [
                            -103.455495,
                            20.674942
                        ],
                        [
                            -103.455482,
                            20.674924
                        ],
                        [
                            -103.455468,
                            20.674907
                        ],
                        [
                            -103.455453,
                            20.674891
                        ],
                        [
                            -103.455436,
                            20.674875
                        ],
                        [
                            -103.455419,
                            20.674861
                        ],
                        [
                            -103.455401,
                            20.674848
                        ],
                        [
                            -103.455382,
                            20.674836
                        ],
                        [
                            -103.455362,
                            20.674825
                        ],
                        [
                            -103.455341,
                            20.674815
                        ],
                        [
                            -103.45532,
                            20.674806
                        ],
                        [
                            -103.455298,
                            20.674799
                        ],
                        [
                            -103.455276,
                            20.674793
                        ],
                        [
                            -103.455254,
                            20.674788
                        ],
                        [
                            -103.455231,
                            20.674785
                        ],
                        [
                            -103.455208,
                            20.674783
                        ],
                        [
                            -103.455185,
                            20.674782
                        ],
                        [
                            -103.455162,
                            20.674783
                        ],
                        [
                            -103.455139,
                            20.674785
                        ],
                        [
                            -103.455116,
                            20.674788
                        ],
                        [
                            -103.455093,
                            20.674793
                        ],
                        [
                            -103.455071,
                            20.674799
                        ],
                        [
                            -103.455049,
                            20.674806
                        ],
                        [
                            -103.455028,
                            20.674815
                        ],
                        [
                            -103.455008,
                            20.674825
                        ],
                        [
                            -103.454988,
                            20.674836
                        ],
                        [
                            -103.454969,
                            20.674848
                        ],
                        [
                            -103.45495,
                            20.674861
                        ],
                        [
                            -103.454933,
                            20.674875
                        ],
                        [
                            -103.454917,
                            20.674891
                        ],
                        [
                            -103.454901,
                            20.674907
                        ],
                        [
                            -103.454887,
                            20.674924
                        ],
                        [
                            -103.454874,
                            20.674942
                        ],
                        [
                            -103.454863,
                            20.67496
                        ],
                        [
                            -103.454852,
                            20.67498
                        ],
                        [
                            -103.454843,
                            20.675
                        ],
                        [
                            -103.454835,
                            20.67502
                        ],
                        [
                            -103.454829,
                            20.675041
                        ],
                        [
                            -103.454824,
                            20.675062
                        ],
                        [
                            -103.45482,
                            20.675083
                        ],
                        [
                            -103.454817,
                            20.675126
                        ]
                    ]
                ]
            },
            "bbox": [
                -103.455552,
                20.674782,
                -103.454817,
                20.67547
            ]
        },
        {
            "type": "Feature",
            "properties": {
                "@circle": {
                    "type": "Mercator",
                    "center": [
                        -103.3262498,
                        20.7040146
                    ]
                },
                "name": "Demanda pax 8",
                "Grupo": "Demanda TP",
                "demanda": 1,
                "visibility": false,
                "@id": "fdc35b80-6500-11f1-bf78-dd176f6a3056"
            },
            "geometry": {
                "type": "Polygon",
                "coordinates": [
                    [
                        [
                            -103.325747,
                            20.704015
                        ],
                        [
                            -103.325748,
                            20.704044
                        ],
                        [
                            -103.325751,
                            20.704074
                        ],
                        [
                            -103.325756,
                            20.704103
                        ],
                        [
                            -103.325763,
                            20.704132
                        ],
                        [
                            -103.325771,
                            20.70416
                        ],
                        [
                            -103.325782,
                            20.704188
                        ],
                        [
                            -103.325795,
                            20.704215
                        ],
                        [
                            -103.325809,
                            20.704241
                        ],
                        [
                            -103.325825,
                            20.704267
                        ],
                        [
                            -103.325843,
                            20.704291
                        ],
                        [
                            -103.325862,
                            20.704315
                        ],
                        [
                            -103.325883,
                            20.704337
                        ],
                        [
                            -103.325905,
                            20.704358
                        ],
                        [
                            -103.325929,
                            20.704377
                        ],
                        [
                            -103.325954,
                            20.704395
                        ],
                        [
                            -103.32598,
                            20.704412
                        ],
                        [
                            -103.326007,
                            20.704427
                        ],
                        [
                            -103.326036,
                            20.70444
                        ],
                        [
                            -103.326065,
                            20.704452
                        ],
                        [
                            -103.326094,
                            20.704462
                        ],
                        [
                            -103.326125,
                            20.70447
                        ],
                        [
                            -103.326156,
                            20.704477
                        ],
                        [
                            -103.326187,
                            20.704481
                        ],
                        [
                            -103.326218,
                            20.704484
                        ],
                        [
                            -103.32625,
                            20.704485
                        ],
                        [
                            -103.326281,
                            20.704484
                        ],
                        [
                            -103.326313,
                            20.704481
                        ],
                        [
                            -103.326344,
                            20.704477
                        ],
                        [
                            -103.326375,
                            20.70447
                        ],
                        [
                            -103.326405,
                            20.704462
                        ],
                        [
                            -103.326435,
                            20.704452
                        ],
                        [
                            -103.326464,
                            20.70444
                        ],
                        [
                            -103.326492,
                            20.704427
                        ],
                        [
                            -103.326519,
                            20.704412
                        ],
                        [
                            -103.326545,
                            20.704395
                        ],
                        [
                            -103.32657,
                            20.704377
                        ],
                        [
                            -103.326594,
                            20.704358
                        ],
                        [
                            -103.326616,
                            20.704337
                        ],
                        [
                            -103.326637,
                            20.704315
                        ],
                        [
                            -103.326657,
                            20.704291
                        ],
                        [
                            -103.326674,
                            20.704267
                        ],
                        [
                            -103.326691,
                            20.704241
                        ],
                        [
                            -103.326705,
                            20.704215
                        ],
                        [
                            -103.326717,
                            20.704188
                        ],
                        [
                            -103.326728,
                            20.70416
                        ],
                        [
                            -103.326737,
                            20.704132
                        ],
                        [
                            -103.326744,
                            20.704103
                        ],
                        [
                            -103.326749,
                            20.704074
                        ],
                        [
                            -103.326752,
                            20.704044
                        ],
                        [
                            -103.326753,
                            20.704015
                        ],
                        [
                            -103.326752,
                            20.703985
                        ],
                        [
                            -103.326749,
                            20.703956
                        ],
                        [
                            -103.326744,
                            20.703926
                        ],
                        [
                            -103.326737,
                            20.703898
                        ],
                        [
                            -103.326728,
                            20.703869
                        ],
                        [
                            -103.326717,
                            20.703841
                        ],
                        [
                            -103.326705,
                            20.703814
                        ],
                        [
                            -103.326691,
                            20.703788
                        ],
                        [
                            -103.326674,
                            20.703763
                        ],
                        [
                            -103.326657,
                            20.703738
                        ],
                        [
                            -103.326637,
                            20.703715
                        ],
                        [
                            -103.326616,
                            20.703693
                        ],
                        [
                            -103.326594,
                            20.703672
                        ],
                        [
                            -103.32657,
                            20.703652
                        ],
                        [
                            -103.326545,
                            20.703634
                        ],
                        [
                            -103.326519,
                            20.703617
                        ],
                        [
                            -103.326492,
                            20.703602
                        ],
                        [
                            -103.326464,
                            20.703589
                        ],
                        [
                            -103.326435,
                            20.703577
                        ],
                        [
                            -103.326405,
                            20.703567
                        ],
                        [
                            -103.326375,
                            20.703559
                        ],
                        [
                            -103.326344,
                            20.703552
                        ],
                        [
                            -103.326313,
                            20.703548
                        ],
                        [
                            -103.326281,
                            20.703545
                        ],
                        [
                            -103.32625,
                            20.703544
                        ],
                        [
                            -103.326218,
                            20.703545
                        ],
                        [
                            -103.326187,
                            20.703548
                        ],
                        [
                            -103.326156,
                            20.703552
                        ],
                        [
                            -103.326125,
                            20.703559
                        ],
                        [
                            -103.326094,
                            20.703567
                        ],
                        [
                            -103.326065,
                            20.703577
                        ],
                        [
                            -103.326036,
                            20.703589
                        ],
                        [
                            -103.326007,
                            20.703602
                        ],
                        [
                            -103.32598,
                            20.703617
                        ],
                        [
                            -103.325954,
                            20.703634
                        ],
                        [
                            -103.325929,
                            20.703652
                        ],
                        [
                            -103.325905,
                            20.703672
                        ],
                        [
                            -103.325883,
                            20.703693
                        ],
                        [
                            -103.325862,
                            20.703715
                        ],
                        [
                            -103.325843,
                            20.703738
                        ],
                        [
                            -103.325825,
                            20.703763
                        ],
                        [
                            -103.325809,
                            20.703788
                        ],
                        [
                            -103.325795,
                            20.703814
                        ],
                        [
                            -103.325782,
                            20.703841
                        ],
                        [
                            -103.325771,
                            20.703869
                        ],
                        [
                            -103.325763,
                            20.703898
                        ],
                        [
                            -103.325756,
                            20.703926
                        ],
                        [
                            -103.325751,
                            20.703956
                        ],
                        [
                            -103.325747,
                            20.704015
                        ]
                    ]
                ]
            },
            "bbox": [
                -103.326753,
                20.703544,
                -103.325747,
                20.704485
            ]
        },
        {
            "type": "Feature",
            "properties": {
                "name": "Expo GDL",
                "Grupo": "Recintos",
                "oferta": 1,
                "Parking/Seat": 1,
                "Parking Recinto": 1,
                "@id": "ba3b0490-6513-11f1-bf78-dd176f6a3056"
            },
            "geometry": {
                "type": "Polygon",
                "coordinates": [
                    [
                        [
                            -103.392618,
                            20.654055
                        ],
                        [
                            -103.392807,
                            20.653922
                        ],
                        [
                            -103.392752,
                            20.653796
                        ],
                        [
                            -103.392811,
                            20.653741
                        ],
                        [
                            -103.392713,
                            20.653597
                        ],
                        [
                            -103.392804,
                            20.653553
                        ],
                        [
                            -103.392713,
                            20.653416
                        ],
                        [
                            -103.392792,
                            20.653361
                        ],
                        [
                            -103.392697,
                            20.653206
                        ],
                        [
                            -103.392776,
                            20.653173
                        ],
                        [
                            -103.392701,
                            20.653048
                        ],
                        [
                            -103.392772,
                            20.653
                        ],
                        [
                            -103.392484,
                            20.65255
                        ],
                        [
                            -103.392646,
                            20.652443
                        ],
                        [
                            -103.392445,
                            20.652089
                        ],
                        [
                            -103.392311,
                            20.651886
                        ],
                        [
                            -103.392134,
                            20.651971
                        ],
                        [
                            -103.392055,
                            20.651864
                        ],
                        [
                            -103.391803,
                            20.651993
                        ],
                        [
                            -103.3917,
                            20.651853
                        ],
                        [
                            -103.390865,
                            20.652284
                        ],
                        [
                            -103.390612,
                            20.65193
                        ],
                        [
                            -103.390522,
                            20.651971
                        ],
                        [
                            -103.39012,
                            20.651949
                        ],
                        [
                            -103.390017,
                            20.652011
                        ],
                        [
                            -103.389844,
                            20.652126
                        ],
                        [
                            -103.389675,
                            20.652203
                        ],
                        [
                            -103.389548,
                            20.652318
                        ],
                        [
                            -103.389749,
                            20.652653
                        ],
                        [
                            -103.38995,
                            20.653007
                        ],
                        [
                            -103.390356,
                            20.653593
                        ],
                        [
                            -103.390706,
                            20.653894
                        ],
                        [
                            -103.3909,
                            20.65401
                        ],
                        [
                            -103.391018,
                            20.654217
                        ],
                        [
                            -103.39133,
                            20.654239
                        ],
                        [
                            -103.391436,
                            20.654368
                        ],
                        [
                            -103.391759,
                            20.654527
                        ],
                        [
                            -103.392067,
                            20.654357
                        ],
                        [
                            -103.392618,
                            20.654055
                        ]
                    ]
                ]
            },
            "bbox": [
                -103.392811,
                20.651853,
                -103.389548,
                20.654527
            ]
        },
        {
            "type": "Feature",
            "properties": {
                "@circle": {
                    "type": "Mercator",
                    "center": [
                        -103.363083,
                        20.7342085
                    ]
                },
                "name": "Demand pax 9",
                "Grupo": "Demanda TP",
                "demanda": 1,
                "visibility": false,
                "@id": "ac371b80-6514-11f1-bf78-dd176f6a3056"
            },
            "geometry": {
                "type": "Polygon",
                "coordinates": [
                    [
                        [
                            -103.362726,
                            20.734209
                        ],
                        [
                            -103.362726,
                            20.73423
                        ],
                        [
                            -103.362728,
                            20.73425
                        ],
                        [
                            -103.362732,
                            20.734271
                        ],
                        [
                            -103.362737,
                            20.734292
                        ],
                        [
                            -103.362743,
                            20.734312
                        ],
                        [
                            -103.362751,
                            20.734332
                        ],
                        [
                            -103.36276,
                            20.734351
                        ],
                        [
                            -103.36277,
                            20.73437
                        ],
                        [
                            -103.362781,
                            20.734388
                        ],
                        [
                            -103.362794,
                            20.734405
                        ],
                        [
                            -103.362808,
                            20.734422
                        ],
                        [
                            -103.362822,
                            20.734437
                        ],
                        [
                            -103.362838,
                            20.734452
                        ],
                        [
                            -103.362855,
                            20.734466
                        ],
                        [
                            -103.362873,
                            20.734479
                        ],
                        [
                            -103.362891,
                            20.734491
                        ],
                        [
                            -103.362911,
                            20.734501
                        ],
                        [
                            -103.362931,
                            20.734511
                        ],
                        [
                            -103.362951,
                            20.734519
                        ],
                        [
                            -103.362973,
                            20.734526
                        ],
                        [
                            -103.362994,
                            20.734532
                        ],
                        [
                            -103.363016,
                            20.734537
                        ],
                        [
                            -103.363038,
                            20.73454
                        ],
                        [
                            -103.363061,
                            20.734542
                        ],
                        [
                            -103.363083,
                            20.734543
                        ],
                        [
                            -103.363105,
                            20.734542
                        ],
                        [
                            -103.363128,
                            20.73454
                        ],
                        [
                            -103.36315,
                            20.734537
                        ],
                        [
                            -103.363172,
                            20.734532
                        ],
                        [
                            -103.363193,
                            20.734526
                        ],
                        [
                            -103.363215,
                            20.734519
                        ],
                        [
                            -103.363235,
                            20.734511
                        ],
                        [
                            -103.363255,
                            20.734501
                        ],
                        [
                            -103.363274,
                            20.734491
                        ],
                        [
                            -103.363293,
                            20.734479
                        ],
                        [
                            -103.363311,
                            20.734466
                        ],
                        [
                            -103.363328,
                            20.734452
                        ],
                        [
                            -103.363343,
                            20.734437
                        ],
                        [
                            -103.363358,
                            20.734422
                        ],
                        [
                            -103.363372,
                            20.734405
                        ],
                        [
                            -103.363385,
                            20.734388
                        ],
                        [
                            -103.363396,
                            20.73437
                        ],
                        [
                            -103.363406,
                            20.734351
                        ],
                        [
                            -103.363415,
                            20.734332
                        ],
                        [
                            -103.363423,
                            20.734312
                        ],
                        [
                            -103.363429,
                            20.734292
                        ],
                        [
                            -103.363434,
                            20.734271
                        ],
                        [
                            -103.363438,
                            20.73425
                        ],
                        [
                            -103.36344,
                            20.73423
                        ],
                        [
                            -103.36344,
                            20.734209
                        ],
                        [
                            -103.36344,
                            20.734188
                        ],
                        [
                            -103.363438,
                            20.734167
                        ],
                        [
                            -103.363434,
                            20.734146
                        ],
                        [
                            -103.363429,
                            20.734125
                        ],
                        [
                            -103.363423,
                            20.734105
                        ],
                        [
                            -103.363415,
                            20.734086
                        ],
                        [
                            -103.363406,
                            20.734066
                        ],
                        [
                            -103.363396,
                            20.734048
                        ],
                        [
                            -103.363385,
                            20.734029
                        ],
                        [
                            -103.363372,
                            20.734012
                        ],
                        [
                            -103.363358,
                            20.733996
                        ],
                        [
                            -103.363343,
                            20.73398
                        ],
                        [
                            -103.363328,
                            20.733965
                        ],
                        [
                            -103.363311,
                            20.733951
                        ],
                        [
                            -103.363293,
                            20.733938
                        ],
                        [
                            -103.363274,
                            20.733926
                        ],
                        [
                            -103.363255,
                            20.733916
                        ],
                        [
                            -103.363235,
                            20.733906
                        ],
                        [
                            -103.363215,
                            20.733898
                        ],
                        [
                            -103.363193,
                            20.733891
                        ],
                        [
                            -103.363172,
                            20.733885
                        ],
                        [
                            -103.36315,
                            20.73388
                        ],
                        [
                            -103.363128,
                            20.733877
                        ],
                        [
                            -103.363105,
                            20.733875
                        ],
                        [
                            -103.363083,
                            20.733874
                        ],
                        [
                            -103.363061,
                            20.733875
                        ],
                        [
                            -103.363038,
                            20.733877
                        ],
                        [
                            -103.363016,
                            20.73388
                        ],
                        [
                            -103.362994,
                            20.733885
                        ],
                        [
                            -103.362973,
                            20.733891
                        ],
                        [
                            -103.362951,
                            20.733898
                        ],
                        [
                            -103.362931,
                            20.733906
                        ],
                        [
                            -103.362911,
                            20.733916
                        ],
                        [
                            -103.362891,
                            20.733926
                        ],
                        [
                            -103.362873,
                            20.733938
                        ],
                        [
                            -103.362855,
                            20.733951
                        ],
                        [
                            -103.362838,
                            20.733965
                        ],
                        [
                            -103.362822,
                            20.73398
                        ],
                        [
                            -103.362808,
                            20.733996
                        ],
                        [
                            -103.362794,
                            20.734012
                        ],
                        [
                            -103.362781,
                            20.734029
                        ],
                        [
                            -103.36277,
                            20.734048
                        ],
                        [
                            -103.36276,
                            20.734066
                        ],
                        [
                            -103.362751,
                            20.734086
                        ],
                        [
                            -103.362743,
                            20.734105
                        ],
                        [
                            -103.362737,
                            20.734125
                        ],
                        [
                            -103.362732,
                            20.734146
                        ],
                        [
                            -103.362728,
                            20.734167
                        ],
                        [
                            -103.362726,
                            20.734209
                        ]
                    ]
                ]
            },
            "bbox": [
                -103.36344,
                20.733874,
                -103.362726,
                20.734543
            ]
        },
        {
            "type": "Feature",
            "properties": {
                "name": "Estacionamiento",
                "Grupo": "Parking",
                "oferta": 1,
                "@id": "0a1d8a30-6516-11f1-bf78-dd176f6a3056"
            },
            "geometry": {
                "type": "Polygon",
                "coordinates": [
                    [
                        [
                            -103.378231,
                            20.743115
                        ],
                        [
                            -103.378121,
                            20.74315
                        ],
                        [
                            -103.378066,
                            20.743161
                        ],
                        [
                            -103.377859,
                            20.743187
                        ],
                        [
                            -103.377584,
                            20.743203
                        ],
                        [
                            -103.377471,
                            20.743756
                        ],
                        [
                            -103.377878,
                            20.743691
                        ],
                        [
                            -103.377867,
                            20.743512
                        ],
                        [
                            -103.378289,
                            20.743441
                        ],
                        [
                            -103.378231,
                            20.743115
                        ]
                    ]
                ]
            },
            "bbox": [
                -103.378289,
                20.743115,
                -103.377471,
                20.743756
            ]
        },
        {
            "type": "Feature",
            "properties": {
                "name": "Estación Mercado del Mar",
                "Grupo": "TP Estación",
                "demanda": 1,
                "@id": "b44eeb70-68e0-11f1-bb4b-ab53942c9851"
            },
            "geometry": {
                "type": "Point",
                "coordinates": [
                    -103.389297,
                    20.728806
                ]
            },
            "bbox": [
                -103.389297,
                20.728806,
                -103.389297,
                20.728806
            ]
        },
        {
            "type": "Feature",
            "properties": {
                "name": "Estación Centro Cultural Universitario",
                "Grupo": "TP Estación",
                "demanda": 1,
                "@id": "c10b6af0-68e0-11f1-bb4b-ab53942c9851"
            },
            "geometry": {
                "type": "Point",
                "coordinates": [
                    -103.38216,
                    20.739333
                ]
            },
            "bbox": [
                -103.38216,
                20.739333,
                -103.38216,
                20.739333
            ]
        },
        {
            "type": "Feature",
            "properties": {
                "name": "Estación Constitución",
                "Grupo": "TP Estación",
                "demanda": 1,
                "@id": "c6ed9ce0-68e0-11f1-bb4b-ab53942c9851"
            },
            "geometry": {
                "type": "Point",
                "coordinates": [
                    -103.376367,
                    20.737779
                ]
            },
            "bbox": [
                -103.376367,
                20.737779,
                -103.376367,
                20.737779
            ]
        },
        {
            "type": "Feature",
            "properties": {
                "name": "Estación Tabachines",
                "Grupo": "TP Estación",
                "demanda": 1,
                "@id": "ccbbf8b0-68e0-11f1-bb4b-ab53942c9851"
            },
            "geometry": {
                "type": "Point",
                "coordinates": [
                    -103.363094,
                    20.734217
                ]
            },
            "bbox": [
                -103.363094,
                20.734217,
                -103.363094,
                20.734217
            ]
        },
        {
            "type": "Feature",
            "properties": {
                "name": "Estación Monumental",
                "Grupo": "TP Estación",
                "demanda": 1,
                "@id": "d4fe3ab0-68e0-11f1-bb4b-ab53942c9851"
            },
            "geometry": {
                "type": "Point",
                "coordinates": [
                    -103.326268,
                    20.703996
                ]
            },
            "bbox": [
                -103.326268,
                20.703996,
                -103.326268,
                20.703996
            ]
        },
        {
            "type": "Feature",
            "properties": {
                "name": "Estación Estadio Chivas II",
                "Grupo": "TP Estación",
                "demanda": 1,
                "@id": "db4f3400-68e0-11f1-bb4b-ab53942c9851"
            },
            "geometry": {
                "type": "Point",
                "coordinates": [
                    -103.455308,
                    20.687387
                ]
            },
            "bbox": [
                -103.455308,
                20.687387,
                -103.455308,
                20.687387
            ]
        },
        {
            "type": "Feature",
            "properties": {
                "name": "Estación Ciudad Judicial",
                "Grupo": "TP Estación",
                "demanda": 1,
                "@id": "e1c6c820-68e0-11f1-bb4b-ab53942c9851"
            },
            "geometry": {
                "type": "Point",
                "coordinates": [
                    -103.455208,
                    20.680691
                ]
            },
            "bbox": [
                -103.455208,
                20.680691,
                -103.455208,
                20.680691
            ]
        },
        {
            "type": "Feature",
            "properties": {
                "name": "Estación Ciudad Granja",
                "Grupo": "TP Estación",
                "demanda": 1,
                "@id": "e5d0b7a0-68e0-11f1-bb4b-ab53942c9851"
            },
            "geometry": {
                "type": "Point",
                "coordinates": [
                    -103.455181,
                    20.675152
                ]
            },
            "bbox": [
                -103.455181,
                20.675152,
                -103.455181,
                20.675152
            ]
        },
        {
            "type": "Feature",
            "properties": {
                "name": "Puente Peatonal Constitución",
                "Grupo": "Puente Peatonal",
                "@id": "23dda0d0-68e6-11f1-bb4b-ab53942c9851"
            },
            "geometry": {
                "type": "Point",
                "coordinates": [
                    -103.381049,
                    20.739069
                ]
            },
            "bbox": [
                -103.381049,
                20.739069,
                -103.381049,
                20.739069
            ]
        },
        {
            "type": "Feature",
            "properties": {
                "name": "Puente Peatonal Constitución",
                "Grupo": "Puente Peatonal",
                "@id": "2b068390-68e6-11f1-bb4b-ab53942c9851"
            },
            "geometry": {
                "type": "Point",
                "coordinates": [
                    -103.377223,
                    20.738017
                ]
            },
            "bbox": [
                -103.377223,
                20.738017,
                -103.377223,
                20.738017
            ]
        },
        {
            "type": "Feature",
            "properties": {
                "name": "Puente Peatonal Constitución",
                "Grupo": "Puente Peatonal",
                "@id": "3577da90-68e6-11f1-bb4b-ab53942c9851"
            },
            "geometry": {
                "type": "Point",
                "coordinates": [
                    -103.37111,
                    20.736463
                ]
            },
            "bbox": [
                -103.37111,
                20.736463,
                -103.37111,
                20.736463
            ]
        },
        {
            "type": "Feature",
            "properties": {
                "name": "Nuevo Estadio",
                "Grupo": "Recinto",
                "oferta": 30244,
                "Parking/Seat": 0,
                "Parking Recinto": 0,
                "@id": "96608ff0-68eb-11f1-bb4b-ab53942c9851"
            },
            "geometry": {
                "type": "Polygon",
                "coordinates": [
                    [
                        [
                            -103.376297,
                            20.731954
                        ],
                        [
                            -103.374226,
                            20.731529
                        ],
                        [
                            -103.373654,
                            20.733812
                        ],
                        [
                            -103.375716,
                            20.73426
                        ],
                        [
                            -103.376297,
                            20.731954
                        ]
                    ]
                ]
            },
            "bbox": [
                -103.376297,
                20.731529,
                -103.373654,
                20.73426
            ]
        }
    ]
}
