{
    "type": "FeatureCollection",
    "features": [
        {
            "type": "Feature",
            "geometry": {
                "type": "Polygon",
                "coordinates": [
                    [
                        [
                            -103.389271,
                            20.729334
                        ],
                        [
                            -103.389272,
                            20.729324
                        ],
                        [
                            -103.389536,
                            20.729357
                        ],
                        [
                            -103.389541,
                            20.729302
                        ],
                        [
                            -103.389277,
                            20.72927
                        ],
                        [
                            -103.389311,
                            20.728903
                        ],
                        [
                            -103.389406,
                            20.728903
                        ],
                        [
                            -103.389414,
                            20.728869
                        ],
                        [
                            -103.389688,
                            20.72889
                        ],
                        [
                            -103.389698,
                            20.728751
                        ],
                        [
                            -103.389427,
                            20.728724
                        ],
                        [
                            -103.389427,
                            20.728692
                        ],
                        [
                            -103.389383,
                            20.728687
                        ],
                        [
                            -103.389391,
                            20.728587
                        ],
                        [
                            -103.389646,
                            20.728601
                        ],
                        [
                            -103.389646,
                            20.728552
                        ],
                        [
                            -103.389393,
                            20.728528
                        ],
                        [
                            -103.389393,
                            20.728516
                        ],
                        [
                            -103.389284,
                            20.728511
                        ],
                        [
                            -103.389263,
                            20.728682
                        ],
                        [
                            -103.389101,
                            20.728673
                        ],
                        [
                            -103.389096,
                            20.728705
                        ],
                        [
                            -103.3888,
                            20.728683
                        ],
                        [
                            -103.388793,
                            20.728826
                        ],
                        [
                            -103.389088,
                            20.728853
                        ],
                        [
                            -103.389088,
                            20.728885
                        ],
                        [
                            -103.389187,
                            20.728895
                        ],
                        [
                            -103.389153,
                            20.729323
                        ],
                        [
                            -103.389271,
                            20.729334
                        ]
                    ]
                ]
            },
            "properties": {
                "name": "Estación Mercado del Mar",
                "Grupo": "TP Estación",
                "demanda": 0,
                "@id": "537140d0-73d7-11f1-9fc4-1b090db46800"
            },
            "bbox": [
                -103.389698,
                20.728511,
                -103.388793,
                20.729357
            ]
        },
        {
            "type": "Feature",
            "geometry": {
                "type": "Polygon",
                "coordinates": [
                    [
                        [
                            -103.380078,
                            20.728294
                        ],
                        [
                            -103.380291,
                            20.727311
                        ],
                        [
                            -103.379593,
                            20.727183
                        ],
                        [
                            -103.379407,
                            20.728171
                        ],
                        [
                            -103.380078,
                            20.728294
                        ]
                    ]
                ]
            },
            "properties": {
                "name": "Estacionamiento",
                "Grupo": "Parking",
                "Aforo": 1,
                "@id": "537140d1-73d7-11f1-9fc4-1b090db46800"
            },
            "bbox": [
                -103.380291,
                20.727183,
                -103.379407,
                20.728294
            ]
        },
        {
            "type": "Feature",
            "geometry": {
                "type": "Polygon",
                "coordinates": [
                    [
                        [
                            -103.363391,
                            20.734316
                        ],
                        [
                            -103.363377,
                            20.734262
                        ],
                        [
                            -103.363094,
                            20.734183
                        ],
                        [
                            -103.362776,
                            20.734096
                        ],
                        [
                            -103.362792,
                            20.734153
                        ],
                        [
                            -103.363391,
                            20.734316
                        ]
                    ]
                ]
            },
            "properties": {
                "name": "Estación Tabachines",
                "Grupo": "TP Estación",
                "demanda": 0,
                "@id": "537140d2-73d7-11f1-9fc4-1b090db46800"
            },
            "bbox": [
                -103.363391,
                20.734096,
                -103.362776,
                20.734316
            ]
        },
        {
            "type": "Feature",
            "geometry": {
                "type": "Polygon",
                "coordinates": [
                    [
                        [
                            -103.376661,
                            20.737877
                        ],
                        [
                            -103.376646,
                            20.737819
                        ],
                        [
                            -103.376359,
                            20.737743
                        ],
                        [
                            -103.376037,
                            20.737652
                        ],
                        [
                            -103.376053,
                            20.737714
                        ],
                        [
                            -103.376661,
                            20.737877
                        ]
                    ]
                ]
            },
            "properties": {
                "name": "Estación Constitución",
                "Grupo": "TP Estación",
                "demanda": 0,
                "@id": "537140d3-73d7-11f1-9fc4-1b090db46800"
            },
            "bbox": [
                -103.376661,
                20.737652,
                -103.376037,
                20.737877
            ]
        },
        {
            "type": "Feature",
            "geometry": {
                "type": "Polygon",
                "coordinates": [
                    [
                        [
                            -103.375458,
                            20.742161
                        ],
                        [
                            -103.375448,
                            20.742075
                        ],
                        [
                            -103.375459,
                            20.741996
                        ],
                        [
                            -103.375461,
                            20.741947
                        ],
                        [
                            -103.375526,
                            20.741283
                        ],
                        [
                            -103.375642,
                            20.740056
                        ],
                        [
                            -103.375599,
                            20.740053
                        ],
                        [
                            -103.375618,
                            20.739785
                        ],
                        [
                            -103.375402,
                            20.73976
                        ],
                        [
                            -103.375416,
                            20.739544
                        ],
                        [
                            -103.375467,
                            20.738847
                        ],
                        [
                            -103.375192,
                            20.738782
                        ],
                        [
                            -103.375096,
                            20.74003
                        ],
                        [
                            -103.375138,
                            20.740032
                        ],
                        [
                            -103.375107,
                            20.740432
                        ],
                        [
                            -103.375133,
                            20.740432
                        ],
                        [
                            -103.374986,
                            20.742249
                        ],
                        [
                            -103.375197,
                            20.742256
                        ],
                        [
                            -103.375201,
                            20.742133
                        ],
                        [
                            -103.375458,
                            20.742161
                        ]
                    ]
                ]
            },
            "properties": {
                "name": "Estacionamiento",
                "Grupo": "Parking",
                "Aforo": 1,
                "@id": "537140d4-73d7-11f1-9fc4-1b090db46800"
            },
            "bbox": [
                -103.375642,
                20.738782,
                -103.374986,
                20.742256
            ]
        },
        {
            "type": "Feature",
            "geometry": {
                "type": "Polygon",
                "coordinates": [
                    [
                        [
                            -103.382462,
                            20.739437
                        ],
                        [
                            -103.38244,
                            20.739373
                        ],
                        [
                            -103.382168,
                            20.739303
                        ],
                        [
                            -103.381828,
                            20.739214
                        ],
                        [
                            -103.381845,
                            20.739278
                        ],
                        [
                            -103.382462,
                            20.739437
                        ]
                    ]
                ]
            },
            "properties": {
                "name": "Estación Centro Cultural Universitario",
                "Grupo": "Parking",
                "Aforo": 1,
                "@id": "537140d5-73d7-11f1-9fc4-1b090db46800"
            },
            "bbox": [
                -103.382462,
                20.739214,
                -103.381828,
                20.739437
            ]
        },
        {
            "type": "Feature",
            "geometry": {
                "type": "Polygon",
                "coordinates": [
                    [
                        [
                            -103.380337,
                            20.736686
                        ],
                        [
                            -103.38039,
                            20.736688
                        ],
                        [
                            -103.380411,
                            20.736559
                        ],
                        [
                            -103.380427,
                            20.736436
                        ],
                        [
                            -103.380459,
                            20.736436
                        ],
                        [
                            -103.380564,
                            20.735863
                        ],
                        [
                            -103.379581,
                            20.735732
                        ],
                        [
                            -103.37948,
                            20.735736
                        ],
                        [
                            -103.379388,
                            20.735857
                        ],
                        [
                            -103.379379,
                            20.735912
                        ],
                        [
                            -103.379312,
                            20.735944
                        ],
                        [
                            -103.379214,
                            20.736283
                        ],
                        [
                            -103.379312,
                            20.736312
                        ],
                        [
                            -103.379277,
                            20.736537
                        ],
                        [
                            -103.380337,
                            20.736686
                        ]
                    ]
                ]
            },
            "properties": {
                "name": "Estacionamiento",
                "Grupo": "Parking",
                "Aforo": 1,
                "@id": "537140d6-73d7-11f1-9fc4-1b090db46800"
            },
            "bbox": [
                -103.380564,
                20.735732,
                -103.379214,
                20.736688
            ]
        },
        {
            "type": "Feature",
            "geometry": {
                "type": "Polygon",
                "coordinates": [
                    [
                        [
                            -103.38222,
                            20.734886
                        ],
                        [
                            -103.382358,
                            20.734418
                        ],
                        [
                            -103.382173,
                            20.734366
                        ],
                        [
                            -103.382018,
                            20.734856
                        ],
                        [
                            -103.38222,
                            20.734886
                        ]
                    ]
                ]
            },
            "properties": {
                "name": "Estacionamiento",
                "Grupo": "Parking",
                "Aforo": 1,
                "@id": "537140d7-73d7-11f1-9fc4-1b090db46800"
            },
            "bbox": [
                -103.382358,
                20.734366,
                -103.382018,
                20.734886
            ]
        },
        {
            "type": "Feature",
            "geometry": {
                "type": "Polygon",
                "coordinates": [
                    [
                        [
                            -103.382137,
                            20.733926
                        ],
                        [
                            -103.381615,
                            20.734261
                        ],
                        [
                            -103.38179,
                            20.734281
                        ],
                        [
                            -103.382103,
                            20.734053
                        ],
                        [
                            -103.382137,
                            20.733926
                        ]
                    ]
                ]
            },
            "properties": {
                "name": "Estacionamiento",
                "Grupo": "Parking",
                "Aforo": 1,
                "@id": "537140d8-73d7-11f1-9fc4-1b090db46800"
            },
            "bbox": [
                -103.382137,
                20.733926,
                -103.381615,
                20.734281
            ]
        },
        {
            "type": "Feature",
            "geometry": {
                "type": "Polygon",
                "coordinates": [
                    [
                        [
                            -103.380187,
                            20.734682
                        ],
                        [
                            -103.380402,
                            20.733695
                        ],
                        [
                            -103.379829,
                            20.733586
                        ],
                        [
                            -103.379599,
                            20.734538
                        ],
                        [
                            -103.379435,
                            20.735199
                        ],
                        [
                            -103.379497,
                            20.735273
                        ],
                        [
                            -103.379571,
                            20.735303
                        ],
                        [
                            -103.380436,
                            20.734727
                        ],
                        [
                            -103.380187,
                            20.734682
                        ]
                    ]
                ]
            },
            "properties": {
                "name": "Estacionamiento",
                "Grupo": "Parking",
                "Aforo": 1,
                "@id": "537140d9-73d7-11f1-9fc4-1b090db46800"
            },
            "bbox": [
                -103.380436,
                20.733586,
                -103.379435,
                20.735303
            ]
        },
        {
            "type": "Feature",
            "geometry": {
                "type": "Polygon",
                "coordinates": [
                    [
                        [
                            -103.380431,
                            20.73359
                        ],
                        [
                            -103.380521,
                            20.733466
                        ],
                        [
                            -103.380424,
                            20.733115
                        ],
                        [
                            -103.380268,
                            20.732376
                        ],
                        [
                            -103.380086,
                            20.732417
                        ],
                        [
                            -103.379927,
                            20.733094
                        ],
                        [
                            -103.37983,
                            20.733512
                        ],
                        [
                            -103.380318,
                            20.733606
                        ],
                        [
                            -103.380431,
                            20.73359
                        ]
                    ]
                ]
            },
            "properties": {
                "name": "Estacionamiento",
                "Grupo": "Parking",
                "Aforo": 1,
                "@id": "537140da-73d7-11f1-9fc4-1b090db46800"
            },
            "bbox": [
                -103.380521,
                20.732376,
                -103.37983,
                20.733606
            ]
        },
        {
            "type": "Feature",
            "geometry": {
                "type": "Polygon",
                "coordinates": [
                    [
                        [
                            -103.379528,
                            20.73378
                        ],
                        [
                            -103.379902,
                            20.732072
                        ],
                        [
                            -103.379902,
                            20.732072
                        ],
                        [
                            -103.377036,
                            20.731493
                        ],
                        [
                            -103.376921,
                            20.732003
                        ],
                        [
                            -103.377101,
                            20.732051
                        ],
                        [
                            -103.377073,
                            20.732168
                        ],
                        [
                            -103.377272,
                            20.732211
                        ],
                        [
                            -103.377189,
                            20.732548
                        ],
                        [
                            -103.376824,
                            20.732479
                        ],
                        [
                            -103.376606,
                            20.733214
                        ],
                        [
                            -103.379528,
                            20.73378
                        ]
                    ]
                ]
            },
            "properties": {
                "name": "Estacionamiento",
                "Grupo": "Parking",
                "Aforo": 1,
                "@id": "537140db-73d7-11f1-9fc4-1b090db46800"
            },
            "bbox": [
                -103.379902,
                20.731493,
                -103.376606,
                20.73378
            ]
        },
        {
            "type": "Feature",
            "geometry": {
                "type": "Polygon",
                "coordinates": [
                    [
                        [
                            -103.37857,
                            20.734117
                        ],
                        [
                            -103.378601,
                            20.733999
                        ],
                        [
                            -103.377637,
                            20.733815
                        ],
                        [
                            -103.37765,
                            20.733732
                        ],
                        [
                            -103.377513,
                            20.733707
                        ],
                        [
                            -103.377492,
                            20.733789
                        ],
                        [
                            -103.377284,
                            20.733748
                        ],
                        [
                            -103.377296,
                            20.733687
                        ],
                        [
                            -103.376529,
                            20.733539
                        ],
                        [
                            -103.376499,
                            20.733681
                        ],
                        [
                            -103.377253,
                            20.733839
                        ],
                        [
                            -103.377267,
                            20.733795
                        ],
                        [
                            -103.377563,
                            20.733856
                        ],
                        [
                            -103.377548,
                            20.733909
                        ],
                        [
                            -103.378003,
                            20.734006
                        ],
                        [
                            -103.378017,
                            20.733948
                        ],
                        [
                            -103.378168,
                            20.733984
                        ],
                        [
                            -103.378159,
                            20.734036
                        ],
                        [
                            -103.37857,
                            20.734117
                        ]
                    ]
                ]
            },
            "properties": {
                "name": "Estacionamiento",
                "Grupo": "Parking",
                "Aforo": 1,
                "@id": "537140dc-73d7-11f1-9fc4-1b090db46800"
            },
            "bbox": [
                -103.378601,
                20.733539,
                -103.376499,
                20.734117
            ]
        },
        {
            "type": "Feature",
            "geometry": {
                "type": "Polygon",
                "coordinates": [
                    [
                        [
                            -103.378005,
                            20.740202
                        ],
                        [
                            -103.378101,
                            20.739646
                        ],
                        [
                            -103.377947,
                            20.739621
                        ],
                        [
                            -103.378233,
                            20.739312
                        ],
                        [
                            -103.378323,
                            20.738884
                        ],
                        [
                            -103.37752,
                            20.738677
                        ],
                        [
                            -103.377214,
                            20.740074
                        ],
                        [
                            -103.377817,
                            20.740151
                        ],
                        [
                            -103.377817,
                            20.740175
                        ],
                        [
                            -103.378005,
                            20.740202
                        ]
                    ]
                ]
            },
            "properties": {
                "name": "Estacionamiento",
                "Grupo": "Parking",
                "Aforo": 1,
                "@id": "537140dd-73d7-11f1-9fc4-1b090db46800"
            },
            "bbox": [
                -103.378323,
                20.738677,
                -103.377214,
                20.740202
            ]
        },
        {
            "type": "Feature",
            "geometry": {
                "type": "Polygon",
                "coordinates": [
                    [
                        [
                            -103.379234,
                            20.741641
                        ],
                        [
                            -103.379289,
                            20.741397
                        ],
                        [
                            -103.379383,
                            20.741009
                        ],
                        [
                            -103.379633,
                            20.740045
                        ],
                        [
                            -103.379407,
                            20.739988
                        ],
                        [
                            -103.37945,
                            20.739836
                        ],
                        [
                            -103.379612,
                            20.739252
                        ],
                        [
                            -103.378757,
                            20.739063
                        ],
                        [
                            -103.378173,
                            20.741404
                        ],
                        [
                            -103.379234,
                            20.741641
                        ]
                    ]
                ]
            },
            "properties": {
                "name": "Estacionamiento",
                "Grupo": "Parking",
                "Aforo": 1,
                "@id": "537140de-73d7-11f1-9fc4-1b090db46800"
            },
            "bbox": [
                -103.379633,
                20.739063,
                -103.378173,
                20.741641
            ]
        },
        {
            "type": "Feature",
            "geometry": {
                "type": "Polygon",
                "coordinates": [
                    [
                        [
                            -103.382658,
                            20.740538
                        ],
                        [
                            -103.382849,
                            20.739891
                        ],
                        [
                            -103.381786,
                            20.739643
                        ],
                        [
                            -103.381609,
                            20.740289
                        ],
                        [
                            -103.382658,
                            20.740538
                        ]
                    ]
                ]
            },
            "properties": {
                "name": "Estacionamiento",
                "Grupo": "Parking",
                "Aforo": 1,
                "@id": "537140df-73d7-11f1-9fc4-1b090db46800"
            },
            "bbox": [
                -103.382849,
                20.739643,
                -103.381609,
                20.740538
            ]
        },
        {
            "type": "Feature",
            "geometry": {
                "type": "Polygon",
                "coordinates": [
                    [
                        [
                            -103.381601,
                            20.740138
                        ],
                        [
                            -103.381737,
                            20.739646
                        ],
                        [
                            -103.381708,
                            20.739607
                        ],
                        [
                            -103.381615,
                            20.739653
                        ],
                        [
                            -103.381555,
                            20.739659
                        ],
                        [
                            -103.381309,
                            20.739582
                        ],
                        [
                            -103.380847,
                            20.739455
                        ],
                        [
                            -103.380723,
                            20.73992
                        ],
                        [
                            -103.381601,
                            20.740138
                        ]
                    ]
                ]
            },
            "properties": {
                "name": "Estacionamiento",
                "Grupo": "Parking",
                "Aforo": 1,
                "@id": "537140e0-73d7-11f1-9fc4-1b090db46800"
            },
            "bbox": [
                -103.381737,
                20.739455,
                -103.380723,
                20.740138
            ]
        },
        {
            "type": "Feature",
            "geometry": {
                "type": "Polygon",
                "coordinates": [
                    [
                        [
                            -103.382795,
                            20.740376
                        ],
                        [
                            -103.382748,
                            20.740517
                        ],
                        [
                            -103.383197,
                            20.740581
                        ],
                        [
                            -103.383272,
                            20.740506
                        ],
                        [
                            -103.382795,
                            20.740376
                        ]
                    ]
                ]
            },
            "properties": {
                "name": "Estacionamiento",
                "Grupo": "Parking",
                "Aforo": 1,
                "@id": "537140e1-73d7-11f1-9fc4-1b090db46800"
            },
            "bbox": [
                -103.383272,
                20.740376,
                -103.382748,
                20.740581
            ]
        },
        {
            "type": "Feature",
            "geometry": {
                "type": "Polygon",
                "coordinates": [
                    [
                        [
                            -103.377558,
                            20.742396
                        ],
                        [
                            -103.377786,
                            20.741405
                        ],
                        [
                            -103.377587,
                            20.741367
                        ],
                        [
                            -103.377366,
                            20.742362
                        ],
                        [
                            -103.377558,
                            20.742396
                        ]
                    ]
                ]
            },
            "properties": {
                "name": "Estacionamiento",
                "Grupo": "Parking",
                "Aforo": 1,
                "@id": "537140e2-73d7-11f1-9fc4-1b090db46800"
            },
            "bbox": [
                -103.377786,
                20.741367,
                -103.377366,
                20.742396
            ]
        },
        {
            "type": "Feature",
            "geometry": {
                "type": "Polygon",
                "coordinates": [
                    [
                        [
                            -103.377833,
                            20.741082
                        ],
                        [
                            -103.377962,
                            20.740361
                        ],
                        [
                            -103.37796,
                            20.740361
                        ],
                        [
                            -103.377899,
                            20.740339
                        ],
                        [
                            -103.377882,
                            20.740421
                        ],
                        [
                            -103.377757,
                            20.740412
                        ],
                        [
                            -103.377671,
                            20.741022
                        ],
                        [
                            -103.377692,
                            20.741022
                        ],
                        [
                            -103.377683,
                            20.741064
                        ],
                        [
                            -103.377833,
                            20.741082
                        ]
                    ]
                ]
            },
            "properties": {
                "name": "Estacionamiento",
                "Grupo": "Parking",
                "Aforo": 1,
                "@id": "537140e3-73d7-11f1-9fc4-1b090db46800"
            },
            "bbox": [
                -103.377962,
                20.740339,
                -103.377671,
                20.741082
            ]
        },
        {
            "type": "Feature",
            "geometry": {
                "type": "Polygon",
                "coordinates": [
                    [
                        [
                            -103.376125,
                            20.736544
                        ],
                        [
                            -103.376182,
                            20.736333
                        ],
                        [
                            -103.376427,
                            20.736393
                        ],
                        [
                            -103.37647,
                            20.736221
                        ],
                        [
                            -103.375767,
                            20.736059
                        ],
                        [
                            -103.37567,
                            20.736439
                        ],
                        [
                            -103.376125,
                            20.736544
                        ]
                    ]
                ]
            },
            "properties": {
                "name": "Estacionamiento",
                "Grupo": "Parking",
                "Aforo": 1,
                "@id": "537140e4-73d7-11f1-9fc4-1b090db46800"
            },
            "bbox": [
                -103.37647,
                20.736059,
                -103.37567,
                20.736544
            ]
        },
        {
            "type": "Feature",
            "geometry": {
                "type": "Polygon",
                "coordinates": [
                    [
                        [
                            -103.376574,
                            20.736057
                        ],
                        [
                            -103.376906,
                            20.736122
                        ],
                        [
                            -103.377037,
                            20.735586
                        ],
                        [
                            -103.376788,
                            20.735519
                        ],
                        [
                            -103.376911,
                            20.73493
                        ],
                        [
                            -103.37696,
                            20.734933
                        ],
                        [
                            -103.376989,
                            20.734791
                        ],
                        [
                            -103.376167,
                            20.73463
                        ],
                        [
                            -103.375821,
                            20.735903
                        ],
                        [
                            -103.376574,
                            20.736057
                        ]
                    ]
                ]
            },
            "properties": {
                "name": "Estacionamiento",
                "Grupo": "Parking",
                "Aforo": 1,
                "@id": "537140e5-73d7-11f1-9fc4-1b090db46800"
            },
            "bbox": [
                -103.377037,
                20.73463,
                -103.375821,
                20.736122
            ]
        },
        {
            "type": "Feature",
            "geometry": {
                "type": "Polygon",
                "coordinates": [
                    [
                        [
                            -103.380682,
                            20.732203
                        ],
                        [
                            -103.380674,
                            20.732258
                        ],
                        [
                            -103.380824,
                            20.732287
                        ],
                        [
                            -103.381046,
                            20.732333
                        ],
                        [
                            -103.381667,
                            20.732447
                        ],
                        [
                            -103.381804,
                            20.732466
                        ],
                        [
                            -103.381981,
                            20.732556
                        ],
                        [
                            -103.382017,
                            20.732477
                        ],
                        [
                            -103.381823,
                            20.732402
                        ],
                        [
                            -103.381635,
                            20.732376
                        ],
                        [
                            -103.381351,
                            20.732329
                        ],
                        [
                            -103.381032,
                            20.732272
                        ],
                        [
                            -103.380682,
                            20.732203
                        ]
                    ]
                ]
            },
            "properties": {
                "name": "Estacionamiento",
                "Grupo": "Parking",
                "Aforo": 1,
                "@id": "537140e6-73d7-11f1-9fc4-1b090db46800"
            },
            "bbox": [
                -103.382017,
                20.732203,
                -103.380674,
                20.732556
            ]
        },
        {
            "type": "Feature",
            "geometry": {
                "type": "Polygon",
                "coordinates": [
                    [
                        [
                            -103.381607,
                            20.732524
                        ],
                        [
                            -103.381502,
                            20.732973
                        ],
                        [
                            -103.381559,
                            20.732993
                        ],
                        [
                            -103.381655,
                            20.732532
                        ],
                        [
                            -103.381607,
                            20.732524
                        ]
                    ]
                ]
            },
            "properties": {
                "name": "Estacionamiento",
                "Grupo": "Parking",
                "Aforo": 1,
                "@id": "537140e7-73d7-11f1-9fc4-1b090db46800"
            },
            "bbox": [
                -103.381655,
                20.732524,
                -103.381502,
                20.732993
            ]
        },
        {
            "type": "Feature",
            "geometry": {
                "type": "Polygon",
                "coordinates": [
                    [
                        [
                            -103.381268,
                            20.732473
                        ],
                        [
                            -103.380818,
                            20.732381
                        ],
                        [
                            -103.380805,
                            20.732432
                        ],
                        [
                            -103.381253,
                            20.732514
                        ],
                        [
                            -103.381268,
                            20.732473
                        ]
                    ]
                ]
            },
            "properties": {
                "name": "Estacionamiento",
                "Grupo": "Parking",
                "Aforo": 1,
                "@id": "537140e8-73d7-11f1-9fc4-1b090db46800"
            },
            "bbox": [
                -103.381268,
                20.732381,
                -103.380805,
                20.732514
            ]
        },
        {
            "type": "Feature",
            "geometry": {
                "type": "Polygon",
                "coordinates": [
                    [
                        [
                            -103.376104,
                            20.733727
                        ],
                        [
                            -103.376139,
                            20.733605
                        ],
                        [
                            -103.376096,
                            20.733587
                        ],
                        [
                            -103.376147,
                            20.733433
                        ],
                        [
                            -103.376226,
                            20.733129
                        ],
                        [
                            -103.376487,
                            20.732207
                        ],
                        [
                            -103.376378,
                            20.732187
                        ],
                        [
                            -103.376392,
                            20.73214
                        ],
                        [
                            -103.375904,
                            20.732055
                        ],
                        [
                            -103.375521,
                            20.733585
                        ],
                        [
                            -103.376104,
                            20.733727
                        ]
                    ]
                ]
            },
            "properties": {
                "name": "Estacionamiento",
                "Grupo": "Parking",
                "Aforo": 1,
                "@id": "537140e9-73d7-11f1-9fc4-1b090db46800"
            },
            "bbox": [
                -103.376487,
                20.732055,
                -103.375521,
                20.733727
            ]
        },
        {
            "type": "Feature",
            "geometry": {
                "type": "Polygon",
                "coordinates": [
                    [
                        [
                            -103.371647,
                            20.73486
                        ],
                        [
                            -103.371642,
                            20.734766
                        ],
                        [
                            -103.371232,
                            20.734824
                        ],
                        [
                            -103.371141,
                            20.734862
                        ],
                        [
                            -103.371163,
                            20.735241
                        ],
                        [
                            -103.371182,
                            20.73525
                        ],
                        [
                            -103.371172,
                            20.735286
                        ],
                        [
                            -103.371113,
                            20.735324
                        ],
                        [
                            -103.371101,
                            20.735362
                        ],
                        [
                            -103.371048,
                            20.735373
                        ],
                        [
                            -103.371065,
                            20.735772
                        ],
                        [
                            -103.371153,
                            20.73579
                        ],
                        [
                            -103.371211,
                            20.735822
                        ],
                        [
                            -103.371235,
                            20.735866
                        ],
                        [
                            -103.371314,
                            20.735851
                        ],
                        [
                            -103.371316,
                            20.735815
                        ],
                        [
                            -103.371721,
                            20.735288
                        ],
                        [
                            -103.371652,
                            20.735225
                        ],
                        [
                            -103.371647,
                            20.73486
                        ]
                    ]
                ]
            },
            "properties": {
                "name": "Estacionamiento",
                "Grupo": "Parking",
                "Aforo": 1,
                "@id": "537140ea-73d7-11f1-9fc4-1b090db46800"
            },
            "bbox": [
                -103.371721,
                20.734766,
                -103.371048,
                20.735866
            ]
        },
        {
            "type": "Feature",
            "geometry": {
                "type": "Point",
                "coordinates": [
                    -103.391924,
                    20.729073
                ]
            },
            "properties": {
                "name": "Mi Bici",
                "Grupo": "Bici Pública",
                "demanda": "",
                "Aforo": 1,
                "@id": "537140eb-73d7-11f1-9fc4-1b090db46800"
            },
            "bbox": [
                -103.391924,
                20.729073,
                -103.391924,
                20.729073
            ]
        },
        {
            "type": "Feature",
            "geometry": {
                "type": "Point",
                "coordinates": [
                    -103.394191,
                    20.730816
                ]
            },
            "properties": {
                "name": "Mi Bici",
                "Grupo": "Bici Pública",
                "demanda": "",
                "Aforo": 1,
                "@id": "537140ec-73d7-11f1-9fc4-1b090db46800"
            },
            "bbox": [
                -103.394191,
                20.730816,
                -103.394191,
                20.730816
            ]
        },
        {
            "type": "Feature",
            "geometry": {
                "type": "Point",
                "coordinates": [
                    -103.39027,
                    20.72849
                ]
            },
            "properties": {
                "name": "Mi Bici",
                "Grupo": "Bici Pública",
                "demanda": "",
                "Aforo": 1,
                "@id": "537140ed-73d7-11f1-9fc4-1b090db46800"
            },
            "bbox": [
                -103.39027,
                20.72849,
                -103.39027,
                20.72849
            ]
        },
        {
            "type": "Feature",
            "geometry": {
                "type": "Point",
                "coordinates": [
                    -103.388186,
                    20.727841
                ]
            },
            "properties": {
                "name": "Mi Bici",
                "Grupo": "Bici Pública",
                "demanda": "",
                "Aforo": 1,
                "@id": "537140ee-73d7-11f1-9fc4-1b090db46800"
            },
            "bbox": [
                -103.388186,
                20.727841,
                -103.388186,
                20.727841
            ]
        },
        {
            "type": "Feature",
            "geometry": {
                "type": "Point",
                "coordinates": [
                    -103.386264,
                    20.727147
                ]
            },
            "properties": {
                "name": "Mi Bici",
                "Grupo": "Bici Pública",
                "demanda": "",
                "Aforo": 1,
                "@id": "537140ef-73d7-11f1-9fc4-1b090db46800"
            },
            "bbox": [
                -103.386264,
                20.727147,
                -103.386264,
                20.727147
            ]
        },
        {
            "type": "Feature",
            "geometry": {
                "type": "Point",
                "coordinates": [
                    -103.384226,
                    20.7285
                ]
            },
            "properties": {
                "name": "Mi Bici",
                "Grupo": "Bici Pública",
                "Aforo": 1,
                "@id": "537140f0-73d7-11f1-9fc4-1b090db46800"
            },
            "bbox": [
                -103.384226,
                20.7285,
                -103.384226,
                20.7285
            ]
        },
        {
            "type": "Feature",
            "geometry": {
                "type": "Polygon",
                "coordinates": [
                    [
                        [
                            -103.383246,
                            20.737015
                        ],
                        [
                            -103.383385,
                            20.736173
                        ],
                        [
                            -103.382807,
                            20.73607
                        ],
                        [
                            -103.382279,
                            20.735999
                        ],
                        [
                            -103.382157,
                            20.736889
                        ],
                        [
                            -103.383246,
                            20.737015
                        ]
                    ]
                ]
            },
            "properties": {
                "name": "Estacionamiento",
                "Grupo": "Parking",
                "Aforo": 1,
                "@id": "537140f1-73d7-11f1-9fc4-1b090db46800"
            },
            "bbox": [
                -103.383385,
                20.735999,
                -103.382157,
                20.737015
            ]
        },
        {
            "type": "Feature",
            "geometry": {
                "type": "Point",
                "coordinates": [
                    -103.381918,
                    20.723657
                ]
            },
            "properties": {
                "name": "Mi Bici",
                "Grupo": "Bici Pública",
                "Aforo": 1,
                "@id": "537140f2-73d7-11f1-9fc4-1b090db46800"
            },
            "bbox": [
                -103.381918,
                20.723657,
                -103.381918,
                20.723657
            ]
        },
        {
            "type": "Feature",
            "geometry": {
                "type": "Point",
                "coordinates": [
                    -103.383079,
                    20.722407
                ]
            },
            "properties": {
                "name": "Mi Bici",
                "Grupo": "Bici Pública",
                "Aforo": 1,
                "@id": "537140f3-73d7-11f1-9fc4-1b090db46800"
            },
            "bbox": [
                -103.383079,
                20.722407,
                -103.383079,
                20.722407
            ]
        },
        {
            "type": "Feature",
            "geometry": {
                "type": "Point",
                "coordinates": [
                    -103.38581,
                    20.723215
                ]
            },
            "properties": {
                "name": "Mi Bici",
                "Grupo": "Bici Pública",
                "Aforo": 1,
                "@id": "537140f4-73d7-11f1-9fc4-1b090db46800"
            },
            "bbox": [
                -103.38581,
                20.723215,
                -103.38581,
                20.723215
            ]
        },
        {
            "type": "Feature",
            "geometry": {
                "type": "Point",
                "coordinates": [
                    -103.389261,
                    20.726547
                ]
            },
            "properties": {
                "name": "Mi Bici",
                "Grupo": "Bici Pública",
                "Aforo": 1,
                "@id": "537140f5-73d7-11f1-9fc4-1b090db46800"
            },
            "bbox": [
                -103.389261,
                20.726547,
                -103.389261,
                20.726547
            ]
        },
        {
            "type": "Feature",
            "geometry": {
                "type": "Point",
                "coordinates": [
                    -103.387431,
                    20.725257
                ]
            },
            "properties": {
                "name": "Mi Bici",
                "Grupo": "Bici Pública",
                "Aforo": 1,
                "@id": "537140f6-73d7-11f1-9fc4-1b090db46800"
            },
            "bbox": [
                -103.387431,
                20.725257,
                -103.387431,
                20.725257
            ]
        },
        {
            "type": "Feature",
            "geometry": {
                "type": "Polygon",
                "coordinates": [
                    [
                        [
                            -103.381857,
                            20.739328
                        ],
                        [
                            -103.381857,
                            20.739346
                        ],
                        [
                            -103.381859,
                            20.739363
                        ],
                        [
                            -103.381862,
                            20.73938
                        ],
                        [
                            -103.381866,
                            20.739397
                        ],
                        [
                            -103.381871,
                            20.739414
                        ],
                        [
                            -103.381878,
                            20.739431
                        ],
                        [
                            -103.381885,
                            20.739447
                        ],
                        [
                            -103.381894,
                            20.739462
                        ],
                        [
                            -103.381903,
                            20.739478
                        ],
                        [
                            -103.381914,
                            20.739492
                        ],
                        [
                            -103.381925,
                            20.739506
                        ],
                        [
                            -103.381938,
                            20.739519
                        ],
                        [
                            -103.381951,
                            20.739531
                        ],
                        [
                            -103.381965,
                            20.739543
                        ],
                        [
                            -103.38198,
                            20.739554
                        ],
                        [
                            -103.381995,
                            20.739564
                        ],
                        [
                            -103.382011,
                            20.739573
                        ],
                        [
                            -103.382028,
                            20.739581
                        ],
                        [
                            -103.382045,
                            20.739587
                        ],
                        [
                            -103.382063,
                            20.739593
                        ],
                        [
                            -103.382081,
                            20.739598
                        ],
                        [
                            -103.382099,
                            20.739602
                        ],
                        [
                            -103.382118,
                            20.739605
                        ],
                        [
                            -103.382136,
                            20.739607
                        ],
                        [
                            -103.382155,
                            20.739607
                        ],
                        [
                            -103.382174,
                            20.739607
                        ],
                        [
                            -103.382192,
                            20.739605
                        ],
                        [
                            -103.382211,
                            20.739602
                        ],
                        [
                            -103.382229,
                            20.739598
                        ],
                        [
                            -103.382247,
                            20.739593
                        ],
                        [
                            -103.382265,
                            20.739587
                        ],
                        [
                            -103.382282,
                            20.739581
                        ],
                        [
                            -103.382299,
                            20.739573
                        ],
                        [
                            -103.382315,
                            20.739564
                        ],
                        [
                            -103.38233,
                            20.739554
                        ],
                        [
                            -103.382345,
                            20.739543
                        ],
                        [
                            -103.382359,
                            20.739531
                        ],
                        [
                            -103.382373,
                            20.739519
                        ],
                        [
                            -103.382385,
                            20.739506
                        ],
                        [
                            -103.382396,
                            20.739492
                        ],
                        [
                            -103.382407,
                            20.739478
                        ],
                        [
                            -103.382416,
                            20.739462
                        ],
                        [
                            -103.382425,
                            20.739447
                        ],
                        [
                            -103.382432,
                            20.739431
                        ],
                        [
                            -103.382439,
                            20.739414
                        ],
                        [
                            -103.382444,
                            20.739397
                        ],
                        [
                            -103.382448,
                            20.73938
                        ],
                        [
                            -103.382451,
                            20.739363
                        ],
                        [
                            -103.382453,
                            20.739346
                        ],
                        [
                            -103.382453,
                            20.739328
                        ],
                        [
                            -103.382453,
                            20.739311
                        ],
                        [
                            -103.382451,
                            20.739293
                        ],
                        [
                            -103.382448,
                            20.739276
                        ],
                        [
                            -103.382444,
                            20.739259
                        ],
                        [
                            -103.382439,
                            20.739242
                        ],
                        [
                            -103.382432,
                            20.739225
                        ],
                        [
                            -103.382425,
                            20.739209
                        ],
                        [
                            -103.382416,
                            20.739194
                        ],
                        [
                            -103.382407,
                            20.739179
                        ],
                        [
                            -103.382396,
                            20.739164
                        ],
                        [
                            -103.382385,
                            20.73915
                        ],
                        [
                            -103.382373,
                            20.739137
                        ],
                        [
                            -103.382359,
                            20.739125
                        ],
                        [
                            -103.382345,
                            20.739113
                        ],
                        [
                            -103.38233,
                            20.739102
                        ],
                        [
                            -103.382315,
                            20.739092
                        ],
                        [
                            -103.382299,
                            20.739084
                        ],
                        [
                            -103.382282,
                            20.739076
                        ],
                        [
                            -103.382265,
                            20.739069
                        ],
                        [
                            -103.382247,
                            20.739063
                        ],
                        [
                            -103.382229,
                            20.739058
                        ],
                        [
                            -103.382211,
                            20.739054
                        ],
                        [
                            -103.382192,
                            20.739051
                        ],
                        [
                            -103.382174,
                            20.73905
                        ],
                        [
                            -103.382155,
                            20.739049
                        ],
                        [
                            -103.382136,
                            20.73905
                        ],
                        [
                            -103.382118,
                            20.739051
                        ],
                        [
                            -103.382099,
                            20.739054
                        ],
                        [
                            -103.382081,
                            20.739058
                        ],
                        [
                            -103.382063,
                            20.739063
                        ],
                        [
                            -103.382045,
                            20.739069
                        ],
                        [
                            -103.382028,
                            20.739076
                        ],
                        [
                            -103.382011,
                            20.739084
                        ],
                        [
                            -103.381995,
                            20.739092
                        ],
                        [
                            -103.38198,
                            20.739102
                        ],
                        [
                            -103.381965,
                            20.739113
                        ],
                        [
                            -103.381951,
                            20.739125
                        ],
                        [
                            -103.381938,
                            20.739137
                        ],
                        [
                            -103.381925,
                            20.73915
                        ],
                        [
                            -103.381914,
                            20.739164
                        ],
                        [
                            -103.381903,
                            20.739179
                        ],
                        [
                            -103.381894,
                            20.739194
                        ],
                        [
                            -103.381885,
                            20.739209
                        ],
                        [
                            -103.381878,
                            20.739225
                        ],
                        [
                            -103.381871,
                            20.739242
                        ],
                        [
                            -103.381866,
                            20.739259
                        ],
                        [
                            -103.381862,
                            20.739276
                        ],
                        [
                            -103.381859,
                            20.739293
                        ],
                        [
                            -103.381857,
                            20.739328
                        ]
                    ]
                ]
            },
            "properties": {
                "@circle": {
                    "type": "Mercator",
                    "center": [
                        -103.382155,
                        20.739328
                    ]
                },
                "name": "Demanda pax 3",
                "Grupo": "Demanda TP",
                "demanda": 1,
                "visibility": true,
                "@id": "537140f7-73d7-11f1-9fc4-1b090db46800"
            },
            "bbox": [
                -103.382453,
                20.739049,
                -103.381857,
                20.739607
            ]
        },
        {
            "type": "Feature",
            "geometry": {
                "type": "Polygon",
                "coordinates": [
                    [
                        [
                            -103.37605,
                            20.737777
                        ],
                        [
                            -103.37605,
                            20.737796
                        ],
                        [
                            -103.376052,
                            20.737815
                        ],
                        [
                            -103.376055,
                            20.737834
                        ],
                        [
                            -103.37606,
                            20.737852
                        ],
                        [
                            -103.376065,
                            20.73787
                        ],
                        [
                            -103.376072,
                            20.737888
                        ],
                        [
                            -103.37608,
                            20.737906
                        ],
                        [
                            -103.376089,
                            20.737923
                        ],
                        [
                            -103.3761,
                            20.737939
                        ],
                        [
                            -103.376111,
                            20.737955
                        ],
                        [
                            -103.376124,
                            20.73797
                        ],
                        [
                            -103.376137,
                            20.737984
                        ],
                        [
                            -103.376151,
                            20.737997
                        ],
                        [
                            -103.376167,
                            20.73801
                        ],
                        [
                            -103.376183,
                            20.738022
                        ],
                        [
                            -103.3762,
                            20.738032
                        ],
                        [
                            -103.376217,
                            20.738042
                        ],
                        [
                            -103.376235,
                            20.73805
                        ],
                        [
                            -103.376254,
                            20.738058
                        ],
                        [
                            -103.376273,
                            20.738064
                        ],
                        [
                            -103.376292,
                            20.73807
                        ],
                        [
                            -103.376312,
                            20.738074
                        ],
                        [
                            -103.376332,
                            20.738077
                        ],
                        [
                            -103.376352,
                            20.738079
                        ],
                        [
                            -103.376373,
                            20.738079
                        ],
                        [
                            -103.376393,
                            20.738079
                        ],
                        [
                            -103.376413,
                            20.738077
                        ],
                        [
                            -103.376433,
                            20.738074
                        ],
                        [
                            -103.376453,
                            20.73807
                        ],
                        [
                            -103.376473,
                            20.738064
                        ],
                        [
                            -103.376492,
                            20.738058
                        ],
                        [
                            -103.37651,
                            20.73805
                        ],
                        [
                            -103.376528,
                            20.738042
                        ],
                        [
                            -103.376546,
                            20.738032
                        ],
                        [
                            -103.376563,
                            20.738022
                        ],
                        [
                            -103.376579,
                            20.73801
                        ],
                        [
                            -103.376594,
                            20.737997
                        ],
                        [
                            -103.376608,
                            20.737984
                        ],
                        [
                            -103.376622,
                            20.73797
                        ],
                        [
                            -103.376634,
                            20.737955
                        ],
                        [
                            -103.376646,
                            20.737939
                        ],
                        [
                            -103.376656,
                            20.737923
                        ],
                        [
                            -103.376665,
                            20.737906
                        ],
                        [
                            -103.376673,
                            20.737888
                        ],
                        [
                            -103.37668,
                            20.73787
                        ],
                        [
                            -103.376686,
                            20.737852
                        ],
                        [
                            -103.37669,
                            20.737834
                        ],
                        [
                            -103.376693,
                            20.737815
                        ],
                        [
                            -103.376695,
                            20.737796
                        ],
                        [
                            -103.376696,
                            20.737777
                        ],
                        [
                            -103.376695,
                            20.737758
                        ],
                        [
                            -103.376693,
                            20.737739
                        ],
                        [
                            -103.37669,
                            20.73772
                        ],
                        [
                            -103.376686,
                            20.737702
                        ],
                        [
                            -103.37668,
                            20.737684
                        ],
                        [
                            -103.376673,
                            20.737666
                        ],
                        [
                            -103.376665,
                            20.737648
                        ],
                        [
                            -103.376656,
                            20.737631
                        ],
                        [
                            -103.376646,
                            20.737615
                        ],
                        [
                            -103.376634,
                            20.737599
                        ],
                        [
                            -103.376622,
                            20.737584
                        ],
                        [
                            -103.376608,
                            20.73757
                        ],
                        [
                            -103.376594,
                            20.737557
                        ],
                        [
                            -103.376579,
                            20.737544
                        ],
                        [
                            -103.376563,
                            20.737532
                        ],
                        [
                            -103.376546,
                            20.737522
                        ],
                        [
                            -103.376528,
                            20.737512
                        ],
                        [
                            -103.37651,
                            20.737504
                        ],
                        [
                            -103.376492,
                            20.737496
                        ],
                        [
                            -103.376473,
                            20.73749
                        ],
                        [
                            -103.376453,
                            20.737484
                        ],
                        [
                            -103.376433,
                            20.73748
                        ],
                        [
                            -103.376413,
                            20.737477
                        ],
                        [
                            -103.376393,
                            20.737475
                        ],
                        [
                            -103.376373,
                            20.737475
                        ],
                        [
                            -103.376352,
                            20.737475
                        ],
                        [
                            -103.376332,
                            20.737477
                        ],
                        [
                            -103.376312,
                            20.73748
                        ],
                        [
                            -103.376292,
                            20.737484
                        ],
                        [
                            -103.376273,
                            20.73749
                        ],
                        [
                            -103.376254,
                            20.737496
                        ],
                        [
                            -103.376235,
                            20.737504
                        ],
                        [
                            -103.376217,
                            20.737512
                        ],
                        [
                            -103.3762,
                            20.737522
                        ],
                        [
                            -103.376183,
                            20.737532
                        ],
                        [
                            -103.376167,
                            20.737544
                        ],
                        [
                            -103.376151,
                            20.737557
                        ],
                        [
                            -103.376137,
                            20.73757
                        ],
                        [
                            -103.376124,
                            20.737584
                        ],
                        [
                            -103.376111,
                            20.737599
                        ],
                        [
                            -103.3761,
                            20.737615
                        ],
                        [
                            -103.376089,
                            20.737631
                        ],
                        [
                            -103.37608,
                            20.737648
                        ],
                        [
                            -103.376072,
                            20.737666
                        ],
                        [
                            -103.376065,
                            20.737684
                        ],
                        [
                            -103.37606,
                            20.737702
                        ],
                        [
                            -103.376055,
                            20.73772
                        ],
                        [
                            -103.376052,
                            20.737739
                        ],
                        [
                            -103.37605,
                            20.737777
                        ]
                    ]
                ]
            },
            "properties": {
                "@circle": {
                    "type": "Mercator",
                    "center": [
                        -103.3763727,
                        20.737777
                    ]
                },
                "name": "Demanda pax 2",
                "Grupo": "Demanda TP",
                "demanda": 1,
                "visibility": true,
                "@id": "537140f8-73d7-11f1-9fc4-1b090db46800"
            },
            "bbox": [
                -103.376696,
                20.737475,
                -103.37605,
                20.738079
            ]
        },
        {
            "type": "Feature",
            "geometry": {
                "type": "Polygon",
                "coordinates": [
                    [
                        [
                            -103.36275,
                            20.734212
                        ],
                        [
                            -103.362751,
                            20.734232
                        ],
                        [
                            -103.362753,
                            20.734251
                        ],
                        [
                            -103.362756,
                            20.734271
                        ],
                        [
                            -103.362761,
                            20.73429
                        ],
                        [
                            -103.362766,
                            20.734309
                        ],
                        [
                            -103.362773,
                            20.734327
                        ],
                        [
                            -103.362782,
                            20.734345
                        ],
                        [
                            -103.362791,
                            20.734363
                        ],
                        [
                            -103.362802,
                            20.734379
                        ],
                        [
                            -103.362814,
                            20.734396
                        ],
                        [
                            -103.362827,
                            20.734411
                        ],
                        [
                            -103.362841,
                            20.734426
                        ],
                        [
                            -103.362855,
                            20.73444
                        ],
                        [
                            -103.362871,
                            20.734453
                        ],
                        [
                            -103.362888,
                            20.734465
                        ],
                        [
                            -103.362905,
                            20.734476
                        ],
                        [
                            -103.362923,
                            20.734486
                        ],
                        [
                            -103.362942,
                            20.734495
                        ],
                        [
                            -103.362961,
                            20.734503
                        ],
                        [
                            -103.362981,
                            20.734509
                        ],
                        [
                            -103.363001,
                            20.734515
                        ],
                        [
                            -103.363022,
                            20.734519
                        ],
                        [
                            -103.363042,
                            20.734522
                        ],
                        [
                            -103.363063,
                            20.734524
                        ],
                        [
                            -103.363084,
                            20.734525
                        ],
                        [
                            -103.363105,
                            20.734524
                        ],
                        [
                            -103.363126,
                            20.734522
                        ],
                        [
                            -103.363147,
                            20.734519
                        ],
                        [
                            -103.363167,
                            20.734515
                        ],
                        [
                            -103.363187,
                            20.734509
                        ],
                        [
                            -103.363207,
                            20.734503
                        ],
                        [
                            -103.363226,
                            20.734495
                        ],
                        [
                            -103.363245,
                            20.734486
                        ],
                        [
                            -103.363263,
                            20.734476
                        ],
                        [
                            -103.363281,
                            20.734465
                        ],
                        [
                            -103.363297,
                            20.734453
                        ],
                        [
                            -103.363313,
                            20.73444
                        ],
                        [
                            -103.363328,
                            20.734426
                        ],
                        [
                            -103.363342,
                            20.734411
                        ],
                        [
                            -103.363354,
                            20.734396
                        ],
                        [
                            -103.363366,
                            20.734379
                        ],
                        [
                            -103.363377,
                            20.734363
                        ],
                        [
                            -103.363386,
                            20.734345
                        ],
                        [
                            -103.363395,
                            20.734327
                        ],
                        [
                            -103.363402,
                            20.734309
                        ],
                        [
                            -103.363408,
                            20.73429
                        ],
                        [
                            -103.363412,
                            20.734271
                        ],
                        [
                            -103.363416,
                            20.734251
                        ],
                        [
                            -103.363418,
                            20.734232
                        ],
                        [
                            -103.363418,
                            20.734212
                        ],
                        [
                            -103.363418,
                            20.734192
                        ],
                        [
                            -103.363416,
                            20.734173
                        ],
                        [
                            -103.363412,
                            20.734154
                        ],
                        [
                            -103.363408,
                            20.734134
                        ],
                        [
                            -103.363402,
                            20.734116
                        ],
                        [
                            -103.363395,
                            20.734097
                        ],
                        [
                            -103.363386,
                            20.734079
                        ],
                        [
                            -103.363377,
                            20.734062
                        ],
                        [
                            -103.363366,
                            20.734045
                        ],
                        [
                            -103.363354,
                            20.734028
                        ],
                        [
                            -103.363342,
                            20.734013
                        ],
                        [
                            -103.363328,
                            20.733998
                        ],
                        [
                            -103.363313,
                            20.733984
                        ],
                        [
                            -103.363297,
                            20.733971
                        ],
                        [
                            -103.363281,
                            20.733959
                        ],
                        [
                            -103.363263,
                            20.733948
                        ],
                        [
                            -103.363245,
                            20.733938
                        ],
                        [
                            -103.363226,
                            20.733929
                        ],
                        [
                            -103.363207,
                            20.733922
                        ],
                        [
                            -103.363187,
                            20.733915
                        ],
                        [
                            -103.363167,
                            20.733909
                        ],
                        [
                            -103.363147,
                            20.733905
                        ],
                        [
                            -103.363126,
                            20.733902
                        ],
                        [
                            -103.363105,
                            20.7339
                        ],
                        [
                            -103.363084,
                            20.7339
                        ],
                        [
                            -103.363063,
                            20.7339
                        ],
                        [
                            -103.363042,
                            20.733902
                        ],
                        [
                            -103.363022,
                            20.733905
                        ],
                        [
                            -103.363001,
                            20.733909
                        ],
                        [
                            -103.362981,
                            20.733915
                        ],
                        [
                            -103.362961,
                            20.733922
                        ],
                        [
                            -103.362942,
                            20.733929
                        ],
                        [
                            -103.362923,
                            20.733938
                        ],
                        [
                            -103.362905,
                            20.733948
                        ],
                        [
                            -103.362888,
                            20.733959
                        ],
                        [
                            -103.362871,
                            20.733971
                        ],
                        [
                            -103.362855,
                            20.733984
                        ],
                        [
                            -103.362841,
                            20.733998
                        ],
                        [
                            -103.362827,
                            20.734013
                        ],
                        [
                            -103.362814,
                            20.734028
                        ],
                        [
                            -103.362802,
                            20.734045
                        ],
                        [
                            -103.362791,
                            20.734062
                        ],
                        [
                            -103.362782,
                            20.734079
                        ],
                        [
                            -103.362773,
                            20.734097
                        ],
                        [
                            -103.362766,
                            20.734116
                        ],
                        [
                            -103.362761,
                            20.734134
                        ],
                        [
                            -103.362756,
                            20.734154
                        ],
                        [
                            -103.362753,
                            20.734173
                        ],
                        [
                            -103.36275,
                            20.734212
                        ]
                    ]
                ]
            },
            "properties": {
                "@circle": {
                    "type": "Mercator",
                    "center": [
                        -103.3630841,
                        20.7342121
                    ]
                },
                "visibility": true,
                "name": "Demanda pax 3",
                "Grupo": "Demanda TP",
                "demanda": 1,
                "@id": "537140f9-73d7-11f1-9fc4-1b090db46800"
            },
            "bbox": [
                -103.363418,
                20.7339,
                -103.36275,
                20.734525
            ]
        },
        {
            "type": "Feature",
            "geometry": {
                "type": "Polygon",
                "coordinates": [
                    [
                        [
                            -103.388335,
                            20.728806
                        ],
                        [
                            -103.388337,
                            20.72886
                        ],
                        [
                            -103.388342,
                            20.728915
                        ],
                        [
                            -103.388352,
                            20.728969
                        ],
                        [
                            -103.388364,
                            20.729023
                        ],
                        [
                            -103.388381,
                            20.729076
                        ],
                        [
                            -103.388401,
                            20.729127
                        ],
                        [
                            -103.388424,
                            20.729178
                        ],
                        [
                            -103.388451,
                            20.729227
                        ],
                        [
                            -103.38848,
                            20.729274
                        ],
                        [
                            -103.388513,
                            20.729319
                        ],
                        [
                            -103.388549,
                            20.729363
                        ],
                        [
                            -103.388588,
                            20.729404
                        ],
                        [
                            -103.38863,
                            20.729443
                        ],
                        [
                            -103.388674,
                            20.729479
                        ],
                        [
                            -103.38872,
                            20.729513
                        ],
                        [
                            -103.388769,
                            20.729544
                        ],
                        [
                            -103.388819,
                            20.729571
                        ],
                        [
                            -103.388872,
                            20.729596
                        ],
                        [
                            -103.388925,
                            20.729618
                        ],
                        [
                            -103.388981,
                            20.729637
                        ],
                        [
                            -103.389037,
                            20.729652
                        ],
                        [
                            -103.389094,
                            20.729664
                        ],
                        [
                            -103.389152,
                            20.729673
                        ],
                        [
                            -103.389211,
                            20.729678
                        ],
                        [
                            -103.389269,
                            20.72968
                        ],
                        [
                            -103.389328,
                            20.729678
                        ],
                        [
                            -103.389387,
                            20.729673
                        ],
                        [
                            -103.389445,
                            20.729664
                        ],
                        [
                            -103.389502,
                            20.729652
                        ],
                        [
                            -103.389558,
                            20.729637
                        ],
                        [
                            -103.389614,
                            20.729618
                        ],
                        [
                            -103.389667,
                            20.729596
                        ],
                        [
                            -103.38972,
                            20.729571
                        ],
                        [
                            -103.38977,
                            20.729544
                        ],
                        [
                            -103.389819,
                            20.729513
                        ],
                        [
                            -103.389865,
                            20.729479
                        ],
                        [
                            -103.389909,
                            20.729443
                        ],
                        [
                            -103.389951,
                            20.729404
                        ],
                        [
                            -103.38999,
                            20.729363
                        ],
                        [
                            -103.390026,
                            20.729319
                        ],
                        [
                            -103.390059,
                            20.729274
                        ],
                        [
                            -103.390088,
                            20.729227
                        ],
                        [
                            -103.390115,
                            20.729178
                        ],
                        [
                            -103.390138,
                            20.729127
                        ],
                        [
                            -103.390158,
                            20.729076
                        ],
                        [
                            -103.390175,
                            20.729023
                        ],
                        [
                            -103.390187,
                            20.728969
                        ],
                        [
                            -103.390197,
                            20.728915
                        ],
                        [
                            -103.390202,
                            20.72886
                        ],
                        [
                            -103.390204,
                            20.728806
                        ],
                        [
                            -103.390202,
                            20.728751
                        ],
                        [
                            -103.390197,
                            20.728696
                        ],
                        [
                            -103.390187,
                            20.728642
                        ],
                        [
                            -103.390175,
                            20.728588
                        ],
                        [
                            -103.390158,
                            20.728536
                        ],
                        [
                            -103.390138,
                            20.728484
                        ],
                        [
                            -103.390115,
                            20.728433
                        ],
                        [
                            -103.390088,
                            20.728385
                        ],
                        [
                            -103.390059,
                            20.728337
                        ],
                        [
                            -103.390026,
                            20.728292
                        ],
                        [
                            -103.38999,
                            20.728248
                        ],
                        [
                            -103.389951,
                            20.728207
                        ],
                        [
                            -103.389909,
                            20.728168
                        ],
                        [
                            -103.389865,
                            20.728132
                        ],
                        [
                            -103.389819,
                            20.728099
                        ],
                        [
                            -103.38977,
                            20.728068
                        ],
                        [
                            -103.38972,
                            20.72804
                        ],
                        [
                            -103.389667,
                            20.728015
                        ],
                        [
                            -103.389614,
                            20.727993
                        ],
                        [
                            -103.389558,
                            20.727974
                        ],
                        [
                            -103.389502,
                            20.727959
                        ],
                        [
                            -103.389445,
                            20.727947
                        ],
                        [
                            -103.389387,
                            20.727938
                        ],
                        [
                            -103.389328,
                            20.727933
                        ],
                        [
                            -103.389269,
                            20.727932
                        ],
                        [
                            -103.389211,
                            20.727933
                        ],
                        [
                            -103.389152,
                            20.727938
                        ],
                        [
                            -103.389094,
                            20.727947
                        ],
                        [
                            -103.389037,
                            20.727959
                        ],
                        [
                            -103.388981,
                            20.727974
                        ],
                        [
                            -103.388925,
                            20.727993
                        ],
                        [
                            -103.388872,
                            20.728015
                        ],
                        [
                            -103.388819,
                            20.72804
                        ],
                        [
                            -103.388769,
                            20.728068
                        ],
                        [
                            -103.38872,
                            20.728099
                        ],
                        [
                            -103.388674,
                            20.728132
                        ],
                        [
                            -103.38863,
                            20.728168
                        ],
                        [
                            -103.388588,
                            20.728207
                        ],
                        [
                            -103.388549,
                            20.728248
                        ],
                        [
                            -103.388513,
                            20.728292
                        ],
                        [
                            -103.38848,
                            20.728337
                        ],
                        [
                            -103.388451,
                            20.728385
                        ],
                        [
                            -103.388424,
                            20.728433
                        ],
                        [
                            -103.388401,
                            20.728484
                        ],
                        [
                            -103.388381,
                            20.728536
                        ],
                        [
                            -103.388364,
                            20.728588
                        ],
                        [
                            -103.388352,
                            20.728642
                        ],
                        [
                            -103.388342,
                            20.728696
                        ],
                        [
                            -103.388335,
                            20.728806
                        ]
                    ]
                ]
            },
            "properties": {
                "@circle": {
                    "type": "Mercator",
                    "center": [
                        -103.3892695,
                        20.7288056
                    ]
                },
                "name": "Demanda pax 4",
                "Grupo": "Demanda TP",
                "demanda": 1,
                "visibility": false,
                "@id": "537140fa-73d7-11f1-9fc4-1b090db46800"
            },
            "bbox": [
                -103.390204,
                20.727932,
                -103.388335,
                20.72968
            ]
        },
        {
            "type": "Feature",
            "geometry": {
                "type": "Polygon",
                "coordinates": [
                    [
                        [
                            -103.381918,
                            20.743109
                        ],
                        [
                            -103.380886,
                            20.743198
                        ],
                        [
                            -103.380933,
                            20.743527
                        ],
                        [
                            -103.381079,
                            20.743519
                        ],
                        [
                            -103.38114,
                            20.743928
                        ],
                        [
                            -103.380964,
                            20.74397
                        ],
                        [
                            -103.380972,
                            20.744713
                        ],
                        [
                            -103.38135,
                            20.744778
                        ],
                        [
                            -103.381594,
                            20.743909
                        ],
                        [
                            -103.381778,
                            20.743302
                        ],
                        [
                            -103.381854,
                            20.743305
                        ],
                        [
                            -103.381918,
                            20.743109
                        ]
                    ]
                ]
            },
            "properties": {
                "name": "Estacionamiento",
                "Grupo": "Parking",
                "Aforo": 1,
                "@id": "537140fb-73d7-11f1-9fc4-1b090db46800"
            },
            "bbox": [
                -103.381918,
                20.743109,
                -103.380886,
                20.744778
            ]
        },
        {
            "type": "Feature",
            "geometry": {
                "type": "Polygon",
                "coordinates": [
                    [
                        [
                            -103.381106,
                            20.745585
                        ],
                        [
                            -103.381969,
                            20.742949
                        ],
                        [
                            -103.382946,
                            20.739539
                        ],
                        [
                            -103.383467,
                            20.736129
                        ],
                        [
                            -103.384295,
                            20.733499
                        ],
                        [
                            -103.385527,
                            20.733675
                        ],
                        [
                            -103.387511,
                            20.734534
                        ],
                        [
                            -103.388806,
                            20.73469
                        ],
                        [
                            -103.390935,
                            20.734905
                        ],
                        [
                            -103.391205,
                            20.729563
                        ],
                        [
                            -103.391804,
                            20.729915
                        ],
                        [
                            -103.392485,
                            20.726173
                        ],
                        [
                            -103.38682,
                            20.725194
                        ],
                        [
                            -103.380349,
                            20.724473
                        ],
                        [
                            -103.371903,
                            20.724064
                        ],
                        [
                            -103.369673,
                            20.724108
                        ],
                        [
                            -103.368692,
                            20.728419
                        ],
                        [
                            -103.367613,
                            20.734969
                        ],
                        [
                            -103.36751,
                            20.735887
                        ],
                        [
                            -103.368144,
                            20.736021
                        ],
                        [
                            -103.368178,
                            20.743846
                        ],
                        [
                            -103.376736,
                            20.745254
                        ],
                        [
                            -103.377197,
                            20.744781
                        ],
                        [
                            -103.378013,
                            20.744734
                        ],
                        [
                            -103.378785,
                            20.745248
                        ],
                        [
                            -103.381106,
                            20.745585
                        ]
                    ]
                ]
            },
            "properties": {
                "name": "Área de Estudio",
                "Grupo": "Área de Estudio",
                "visibility": false,
                "@id": "537140fc-73d7-11f1-9fc4-1b090db46800"
            },
            "bbox": [
                -103.392485,
                20.724064,
                -103.36751,
                20.745585
            ]
        },
        {
            "type": "Feature",
            "geometry": {
                "type": "Point",
                "coordinates": [
                    -103.392694,
                    20.726198
                ]
            },
            "properties": {
                "name": "Mi Bici",
                "Grupo": "Bici Pública",
                "Aforo": 1,
                "@id": "537140fd-73d7-11f1-9fc4-1b090db46800"
            },
            "bbox": [
                -103.392694,
                20.726198,
                -103.392694,
                20.726198
            ]
        },
        {
            "type": "Feature",
            "geometry": {
                "type": "Polygon",
                "coordinates": [
                    [
                        [
                            -103.382048,
                            20.733178
                        ],
                        [
                            -103.3815,
                            20.732976
                        ],
                        [
                            -103.381558,
                            20.732752
                        ],
                        [
                            -103.380907,
                            20.732623
                        ],
                        [
                            -103.380842,
                            20.732941
                        ],
                        [
                            -103.380578,
                            20.733014
                        ],
                        [
                            -103.380705,
                            20.733409
                        ],
                        [
                            -103.380519,
                            20.733636
                        ],
                        [
                            -103.380643,
                            20.733716
                        ],
                        [
                            -103.380773,
                            20.733771
                        ],
                        [
                            -103.380931,
                            20.733822
                        ],
                        [
                            -103.381034,
                            20.733838
                        ],
                        [
                            -103.381239,
                            20.733848
                        ],
                        [
                            -103.381418,
                            20.733803
                        ],
                        [
                            -103.381585,
                            20.733745
                        ],
                        [
                            -103.381733,
                            20.733659
                        ],
                        [
                            -103.381846,
                            20.733553
                        ],
                        [
                            -103.381918,
                            20.73347
                        ],
                        [
                            -103.382017,
                            20.7333
                        ],
                        [
                            -103.382048,
                            20.733178
                        ]
                    ]
                ]
            },
            "properties": {
                "name": "Auditorio Telmex",
                "Grupo": "Recintos",
                "Aforo": 8712,
                "Parking": 3500,
                "Parking/Seat": 0.4,
                "@id": "537140fe-73d7-11f1-9fc4-1b090db46800"
            },
            "bbox": [
                -103.382048,
                20.732623,
                -103.380519,
                20.733848
            ]
        },
        {
            "type": "Feature",
            "geometry": {
                "type": "Polygon",
                "coordinates": [
                    [
                        [
                            -103.381595,
                            20.738322
                        ],
                        [
                            -103.381653,
                            20.737881
                        ],
                        [
                            -103.380516,
                            20.737739
                        ],
                        [
                            -103.380448,
                            20.738178
                        ],
                        [
                            -103.381595,
                            20.738322
                        ]
                    ]
                ]
            },
            "properties": {
                "name": "Biblioteca Pública del Estado de Jalisco",
                "Grupo": "Recintos",
                "visibility": "",
                "Aforo": 1,
                "Parking": 1,
                "@id": "537140ff-73d7-11f1-9fc4-1b090db46800"
            },
            "bbox": [
                -103.381653,
                20.737739,
                -103.380448,
                20.738322
            ]
        },
        {
            "type": "Feature",
            "geometry": {
                "type": "Polygon",
                "coordinates": [
                    [
                        [
                            -103.380076,
                            20.738147
                        ],
                        [
                            -103.380249,
                            20.737087
                        ],
                        [
                            -103.379239,
                            20.736935
                        ],
                        [
                            -103.379077,
                            20.738011
                        ],
                        [
                            -103.380076,
                            20.738147
                        ]
                    ]
                ]
            },
            "properties": {
                "name": "Pabellón Cultural Universitario",
                "Grupo": "Recintos",
                "Aforo": 1,
                "Parking": 1,
                "@id": "53714100-73d7-11f1-9fc4-1b090db46800"
            },
            "bbox": [
                -103.380249,
                20.736935,
                -103.379077,
                20.738147
            ]
        },
        {
            "type": "Feature",
            "geometry": {
                "type": "Polygon",
                "coordinates": [
                    [
                        [
                            -103.382146,
                            20.736881
                        ],
                        [
                            -103.382269,
                            20.736078
                        ],
                        [
                            -103.381643,
                            20.735993
                        ],
                        [
                            -103.381668,
                            20.735883
                        ],
                        [
                            -103.38102,
                            20.735795
                        ],
                        [
                            -103.380897,
                            20.73672
                        ],
                        [
                            -103.382146,
                            20.736881
                        ]
                    ]
                ]
            },
            "properties": {
                "name": "Conjunto Santander de Artes Escénicas",
                "Grupo": "Recintos",
                "Aforo": 1,
                "Parking": 1,
                "@id": "53714101-73d7-11f1-9fc4-1b090db46800"
            },
            "bbox": [
                -103.382269,
                20.735795,
                -103.380897,
                20.736881
            ]
        },
        {
            "type": "Feature",
            "geometry": {
                "type": "Polygon",
                "coordinates": [
                    [
                        [
                            -103.381269,
                            20.735718
                        ],
                        [
                            -103.381678,
                            20.734994
                        ],
                        [
                            -103.381045,
                            20.734682
                        ],
                        [
                            -103.380641,
                            20.735439
                        ],
                        [
                            -103.381269,
                            20.735718
                        ]
                    ]
                ]
            },
            "properties": {
                "name": "Museo de Cienas Ambientales",
                "Grupo": "Recintos",
                "Aforo": 1,
                "Parking": 1,
                "@id": "53714102-73d7-11f1-9fc4-1b090db46800"
            },
            "bbox": [
                -103.381678,
                20.734682,
                -103.380641,
                20.735718
            ]
        },
        {
            "type": "Feature",
            "geometry": {
                "type": "Polygon",
                "coordinates": [
                    [
                        [
                            -103.381437,
                            20.72843
                        ],
                        [
                            -103.381687,
                            20.728333
                        ],
                        [
                            -103.38192,
                            20.728177
                        ],
                        [
                            -103.382112,
                            20.727959
                        ],
                        [
                            -103.382283,
                            20.727636
                        ],
                        [
                            -103.382349,
                            20.727317
                        ],
                        [
                            -103.382299,
                            20.726947
                        ],
                        [
                            -103.382128,
                            20.726588
                        ],
                        [
                            -103.381887,
                            20.72632
                        ],
                        [
                            -103.381583,
                            20.726207
                        ],
                        [
                            -103.381321,
                            20.726168
                        ],
                        [
                            -103.380929,
                            20.726327
                        ],
                        [
                            -103.380646,
                            20.726588
                        ],
                        [
                            -103.380459,
                            20.726923
                        ],
                        [
                            -103.380367,
                            20.727321
                        ],
                        [
                            -103.380359,
                            20.727558
                        ],
                        [
                            -103.380488,
                            20.727965
                        ],
                        [
                            -103.380663,
                            20.728218
                        ],
                        [
                            -103.380821,
                            20.72835
                        ],
                        [
                            -103.381054,
                            20.728475
                        ],
                        [
                            -103.381267,
                            20.728483
                        ],
                        [
                            -103.381437,
                            20.72843
                        ]
                    ]
                ]
            },
            "properties": {
                "name": "Estadio Charros",
                "Grupo": "Recintos",
                "Aforo": 16500,
                "Parking": 850,
                "Parking/Seat": 0.05,
                "@id": "53714103-73d7-11f1-9fc4-1b090db46800"
            },
            "bbox": [
                -103.382349,
                20.726168,
                -103.380359,
                20.728483
            ]
        },
        {
            "type": "Feature",
            "geometry": {
                "type": "Polygon",
                "coordinates": [
                    [
                        [
                            -103.375103,
                            20.737117
                        ],
                        [
                            -103.374763,
                            20.736715
                        ],
                        [
                            -103.374424,
                            20.736355
                        ],
                        [
                            -103.374053,
                            20.735994
                        ],
                        [
                            -103.373887,
                            20.735802
                        ],
                        [
                            -103.373722,
                            20.735592
                        ],
                        [
                            -103.373388,
                            20.735169
                        ],
                        [
                            -103.373087,
                            20.734768
                        ],
                        [
                            -103.372528,
                            20.736567
                        ],
                        [
                            -103.373576,
                            20.736793
                        ],
                        [
                            -103.374551,
                            20.736988
                        ],
                        [
                            -103.375103,
                            20.737117
                        ]
                    ]
                ]
            },
            "properties": {
                "name": "Zona Industrial",
                "Grupo": "Industrial-Comercial",
                "@id": "53714104-73d7-11f1-9fc4-1b090db46800"
            },
            "bbox": [
                -103.375103,
                20.734768,
                -103.372528,
                20.737117
            ]
        },
        {
            "type": "Feature",
            "geometry": {
                "type": "Polygon",
                "coordinates": [
                    [
                        [
                            -103.378511,
                            20.737864
                        ],
                        [
                            -103.378639,
                            20.737278
                        ],
                        [
                            -103.377021,
                            20.736945
                        ],
                        [
                            -103.377008,
                            20.736983
                        ],
                        [
                            -103.376546,
                            20.736885
                        ],
                        [
                            -103.376542,
                            20.736949
                        ],
                        [
                            -103.376327,
                            20.736911
                        ],
                        [
                            -103.376258,
                            20.737282
                        ],
                        [
                            -103.376505,
                            20.737338
                        ],
                        [
                            -103.376482,
                            20.737428
                        ],
                        [
                            -103.378511,
                            20.737864
                        ]
                    ]
                ]
            },
            "properties": {
                "name": "Dep. Ing. Proyectos",
                "Grupo": "Industrial-Comercial",
                "@id": "53714105-73d7-11f1-9fc4-1b090db46800"
            },
            "bbox": [
                -103.378639,
                20.736885,
                -103.376258,
                20.737864
            ]
        },
        {
            "type": "Feature",
            "geometry": {
                "type": "Polygon",
                "coordinates": [
                    [
                        [
                            -103.378643,
                            20.737197
                        ],
                        [
                            -103.378767,
                            20.736671
                        ],
                        [
                            -103.376866,
                            20.736274
                        ],
                        [
                            -103.376724,
                            20.736808
                        ],
                        [
                            -103.378643,
                            20.737197
                        ]
                    ]
                ]
            },
            "properties": {
                "name": "Teatro Estudio Cavaret",
                "Grupo": "Recintos",
                "Aforo": 1,
                "Parking": 1,
                "@id": "53714106-73d7-11f1-9fc4-1b090db46800"
            },
            "bbox": [
                -103.378767,
                20.736274,
                -103.376724,
                20.737197
            ]
        },
        {
            "type": "Feature",
            "geometry": {
                "type": "Polygon",
                "coordinates": [
                    [
                        [
                            -103.378821,
                            20.736441
                        ],
                        [
                            -103.378895,
                            20.736197
                        ],
                        [
                            -103.378949,
                            20.735979
                        ],
                        [
                            -103.378949,
                            20.735979
                        ],
                        [
                            -103.377053,
                            20.735586
                        ],
                        [
                            -103.376948,
                            20.736061
                        ],
                        [
                            -103.378821,
                            20.736441
                        ]
                    ]
                ]
            },
            "properties": {
                "name": "Obras Públicas Zapopan",
                "Grupo": "Industrial-Comercial",
                "@id": "53714107-73d7-11f1-9fc4-1b090db46800"
            },
            "bbox": [
                -103.378949,
                20.735586,
                -103.376948,
                20.736441
            ]
        },
        {
            "type": "Feature",
            "geometry": {
                "type": "Polygon",
                "coordinates": [
                    [
                        [
                            -103.37894,
                            20.735894
                        ],
                        [
                            -103.379045,
                            20.735484
                        ],
                        [
                            -103.377136,
                            20.735095
                        ],
                        [
                            -103.377145,
                            20.735031
                        ],
                        [
                            -103.376985,
                            20.734997
                        ],
                        [
                            -103.376875,
                            20.735479
                        ],
                        [
                            -103.37894,
                            20.735894
                        ]
                    ]
                ]
            },
            "properties": {
                "name": "Canal 44 y Radio Universidad",
                "Grupo": "Industrial-Comercial",
                "@id": "53714108-73d7-11f1-9fc4-1b090db46800"
            },
            "bbox": [
                -103.379045,
                20.734997,
                -103.376875,
                20.735894
            ]
        },
        {
            "type": "Feature",
            "geometry": {
                "type": "Polygon",
                "coordinates": [
                    [
                        [
                            -103.379118,
                            20.735112
                        ],
                        [
                            -103.379223,
                            20.73471
                        ],
                        [
                            -103.378556,
                            20.734561
                        ],
                        [
                            -103.378579,
                            20.734411
                        ],
                        [
                            -103.378378,
                            20.734369
                        ],
                        [
                            -103.378406,
                            20.73421
                        ],
                        [
                            -103.376848,
                            20.733864
                        ],
                        [
                            -103.376715,
                            20.73448
                        ],
                        [
                            -103.378296,
                            20.734787
                        ],
                        [
                            -103.378401,
                            20.734839
                        ],
                        [
                            -103.378387,
                            20.734907
                        ],
                        [
                            -103.378552,
                            20.734928
                        ],
                        [
                            -103.378538,
                            20.734997
                        ],
                        [
                            -103.379118,
                            20.735112
                        ]
                    ]
                ]
            },
            "properties": {
                "name": "Nave-Bodega",
                "Grupo": "Industrial-Comercial",
                "@id": "53714109-73d7-11f1-9fc4-1b090db46800"
            },
            "bbox": [
                -103.379223,
                20.733864,
                -103.376715,
                20.735112
            ]
        },
        {
            "type": "Feature",
            "geometry": {
                "type": "Point",
                "coordinates": [
                    -103.384402,
                    20.733487
                ]
            },
            "properties": {
                "name": "int 6",
                "Grupo": "Intersecciones",
                "@id": "5371410a-73d7-11f1-9fc4-1b090db46800"
            },
            "bbox": [
                -103.384402,
                20.733487,
                -103.384402,
                20.733487
            ]
        },
        {
            "type": "Feature",
            "geometry": {
                "type": "Point",
                "coordinates": [
                    -103.383299,
                    20.732974
                ]
            },
            "properties": {
                "name": "int 7",
                "Grupo": "Intersecciones",
                "@id": "5371410b-73d7-11f1-9fc4-1b090db46800"
            },
            "bbox": [
                -103.383299,
                20.732974,
                -103.383299,
                20.732974
            ]
        },
        {
            "type": "Feature",
            "geometry": {
                "type": "Point",
                "coordinates": [
                    -103.38076,
                    20.731427
                ]
            },
            "properties": {
                "name": "int 10",
                "Grupo": "Intersecciones",
                "@id": "5371410c-73d7-11f1-9fc4-1b090db46800"
            },
            "bbox": [
                -103.38076,
                20.731427,
                -103.38076,
                20.731427
            ]
        },
        {
            "type": "Feature",
            "geometry": {
                "type": "Point",
                "coordinates": [
                    -103.381595,
                    20.73226
                ]
            },
            "properties": {
                "name": "int 9",
                "Grupo": "Intersecciones",
                "@id": "5371410d-73d7-11f1-9fc4-1b090db46800"
            },
            "bbox": [
                -103.381595,
                20.73226,
                -103.381595,
                20.73226
            ]
        },
        {
            "type": "Feature",
            "geometry": {
                "type": "Point",
                "coordinates": [
                    -103.380202,
                    20.731952
                ]
            },
            "properties": {
                "name": "int 11",
                "Grupo": "Intersecciones",
                "@id": "5371410e-73d7-11f1-9fc4-1b090db46800"
            },
            "bbox": [
                -103.380202,
                20.731952,
                -103.380202,
                20.731952
            ]
        },
        {
            "type": "Feature",
            "geometry": {
                "type": "Point",
                "coordinates": [
                    -103.376933,
                    20.731346
                ]
            },
            "properties": {
                "name": "int 16",
                "Grupo": "Intersecciones",
                "@id": "5371410f-73d7-11f1-9fc4-1b090db46800"
            },
            "bbox": [
                -103.376933,
                20.731346,
                -103.376933,
                20.731346
            ]
        },
        {
            "type": "Feature",
            "geometry": {
                "type": "Point",
                "coordinates": [
                    -103.370663,
                    20.731305
                ]
            },
            "properties": {
                "name": "int 18",
                "Grupo": "Intersecciones",
                "@id": "53714110-73d7-11f1-9fc4-1b090db46800"
            },
            "bbox": [
                -103.370663,
                20.731305,
                -103.370663,
                20.731305
            ]
        },
        {
            "type": "Feature",
            "geometry": {
                "type": "Point",
                "coordinates": [
                    -103.371441,
                    20.730727
                ]
            },
            "properties": {
                "name": "int 17",
                "Grupo": "Intersecciones",
                "@id": "53714111-73d7-11f1-9fc4-1b090db46800"
            },
            "bbox": [
                -103.371441,
                20.730727,
                -103.371441,
                20.730727
            ]
        },
        {
            "type": "Feature",
            "geometry": {
                "type": "Point",
                "coordinates": [
                    -103.375249,
                    20.737485
                ]
            },
            "properties": {
                "name": "int 14",
                "Grupo": "Intersecciones",
                "@id": "53714112-73d7-11f1-9fc4-1b090db46800"
            },
            "bbox": [
                -103.375249,
                20.737485,
                -103.375249,
                20.737485
            ]
        },
        {
            "type": "Feature",
            "geometry": {
                "type": "Point",
                "coordinates": [
                    -103.378645,
                    20.738093
                ]
            },
            "properties": {
                "name": "int 12",
                "Grupo": "Intersecciones",
                "@id": "53714113-73d7-11f1-9fc4-1b090db46800"
            },
            "bbox": [
                -103.378645,
                20.738093,
                -103.378645,
                20.738093
            ]
        },
        {
            "type": "Feature",
            "geometry": {
                "type": "Point",
                "coordinates": [
                    -103.378594,
                    20.738671
                ]
            },
            "properties": {
                "name": "int 13",
                "Grupo": "Intersecciones",
                "@id": "53714114-73d7-11f1-9fc4-1b090db46800"
            },
            "bbox": [
                -103.378594,
                20.738671,
                -103.378594,
                20.738671
            ]
        },
        {
            "type": "Feature",
            "geometry": {
                "type": "Point",
                "coordinates": [
                    -103.383005,
                    20.73916
                ]
            },
            "properties": {
                "name": "int 8",
                "Grupo": "Intersecciones",
                "@id": "53714115-73d7-11f1-9fc4-1b090db46800"
            },
            "bbox": [
                -103.383005,
                20.73916,
                -103.383005,
                20.73916
            ]
        },
        {
            "type": "Feature",
            "geometry": {
                "type": "Point",
                "coordinates": [
                    -103.379347,
                    20.735381
                ]
            },
            "properties": {
                "name": "int 20",
                "Grupo": "Intersecciones",
                "@id": "53714116-73d7-11f1-9fc4-1b090db46800"
            },
            "bbox": [
                -103.379347,
                20.735381,
                -103.379347,
                20.735381
            ]
        },
        {
            "type": "Feature",
            "geometry": {
                "type": "Point",
                "coordinates": [
                    -103.382206,
                    20.729862
                ]
            },
            "properties": {
                "name": "int 21",
                "Grupo": "Intersecciones",
                "@id": "53714117-73d7-11f1-9fc4-1b090db46800"
            },
            "bbox": [
                -103.382206,
                20.729862,
                -103.382206,
                20.729862
            ]
        },
        {
            "type": "Feature",
            "geometry": {
                "type": "Point",
                "coordinates": [
                    -103.38548,
                    20.73037
                ]
            },
            "properties": {
                "name": "int 3",
                "Grupo": "Intersecciones",
                "@id": "53714118-73d7-11f1-9fc4-1b090db46800"
            },
            "bbox": [
                -103.38548,
                20.73037,
                -103.38548,
                20.73037
            ]
        },
        {
            "type": "Feature",
            "geometry": {
                "type": "Point",
                "coordinates": [
                    -103.377588,
                    20.729056
                ]
            },
            "properties": {
                "name": "int 22",
                "Grupo": "Intersecciones",
                "@id": "53714119-73d7-11f1-9fc4-1b090db46800"
            },
            "bbox": [
                -103.377588,
                20.729056,
                -103.377588,
                20.729056
            ]
        },
        {
            "type": "Feature",
            "geometry": {
                "type": "Point",
                "coordinates": [
                    -103.385275,
                    20.731781
                ]
            },
            "properties": {
                "name": "int 4",
                "Grupo": "Intersecciones",
                "@id": "5371411a-73d7-11f1-9fc4-1b090db46800"
            },
            "bbox": [
                -103.385275,
                20.731781,
                -103.385275,
                20.731781
            ]
        },
        {
            "type": "Feature",
            "geometry": {
                "type": "Point",
                "coordinates": [
                    -103.384806,
                    20.732096
                ]
            },
            "properties": {
                "name": "int 5",
                "Grupo": "Intersecciones",
                "@id": "5371411b-73d7-11f1-9fc4-1b090db46800"
            },
            "bbox": [
                -103.384806,
                20.732096,
                -103.384806,
                20.732096
            ]
        },
        {
            "type": "Feature",
            "geometry": {
                "type": "Point",
                "coordinates": [
                    -103.387903,
                    20.729929
                ]
            },
            "properties": {
                "name": "int 2",
                "Grupo": "Intersecciones",
                "@id": "5371411c-73d7-11f1-9fc4-1b090db46800"
            },
            "bbox": [
                -103.387903,
                20.729929,
                -103.387903,
                20.729929
            ]
        },
        {
            "type": "Feature",
            "geometry": {
                "type": "Point",
                "coordinates": [
                    -103.388951,
                    20.729188
                ]
            },
            "properties": {
                "name": "int 1",
                "Grupo": "Intersecciones",
                "@id": "5371411d-73d7-11f1-9fc4-1b090db46800"
            },
            "bbox": [
                -103.388951,
                20.729188,
                -103.388951,
                20.729188
            ]
        },
        {
            "type": "Feature",
            "geometry": {
                "type": "Point",
                "coordinates": [
                    -103.372042,
                    20.740338
                ]
            },
            "properties": {
                "name": "int 19",
                "Grupo": "Intersecciones",
                "@id": "5371411e-73d7-11f1-9fc4-1b090db46800"
            },
            "bbox": [
                -103.372042,
                20.740338,
                -103.372042,
                20.740338
            ]
        },
        {
            "type": "Feature",
            "geometry": {
                "type": "Point",
                "coordinates": [
                    -103.376343,
                    20.733575
                ]
            },
            "properties": {
                "name": "int 15",
                "Grupo": "Intersecciones",
                "@id": "5371411f-73d7-11f1-9fc4-1b090db46800"
            },
            "bbox": [
                -103.376343,
                20.733575,
                -103.376343,
                20.733575
            ]
        },
        {
            "type": "Feature",
            "geometry": {
                "type": "Polygon",
                "coordinates": [
                    [
                        [
                            -103.328511,
                            20.706006
                        ],
                        [
                            -103.32878,
                            20.70581
                        ],
                        [
                            -103.329014,
                            20.705508
                        ],
                        [
                            -103.329197,
                            20.705143
                        ],
                        [
                            -103.329257,
                            20.704844
                        ],
                        [
                            -103.329253,
                            20.704623
                        ],
                        [
                            -103.32916,
                            20.704442
                        ],
                        [
                            -103.32901,
                            20.704277
                        ],
                        [
                            -103.32886,
                            20.704168
                        ],
                        [
                            -103.328471,
                            20.703987
                        ],
                        [
                            -103.328144,
                            20.703944
                        ],
                        [
                            -103.327934,
                            20.703993
                        ],
                        [
                            -103.327781,
                            20.704068
                        ],
                        [
                            -103.327658,
                            20.704162
                        ],
                        [
                            -103.327471,
                            20.704386
                        ],
                        [
                            -103.327321,
                            20.704688
                        ],
                        [
                            -103.327215,
                            20.704938
                        ],
                        [
                            -103.327158,
                            20.705193
                        ],
                        [
                            -103.327165,
                            20.705358
                        ],
                        [
                            -103.327218,
                            20.705517
                        ],
                        [
                            -103.327321,
                            20.705651
                        ],
                        [
                            -103.327488,
                            20.705791
                        ],
                        [
                            -103.327681,
                            20.705907
                        ],
                        [
                            -103.327924,
                            20.706
                        ],
                        [
                            -103.328147,
                            20.706047
                        ],
                        [
                            -103.328311,
                            20.706053
                        ],
                        [
                            -103.328511,
                            20.706006
                        ]
                    ]
                ]
            },
            "properties": {
                "name": "Estadio Jalisco",
                "Grupo": "Recintos",
                "Aforo": 56713,
                "Parking": 577,
                "Parking/Seat": 0.01,
                "@id": "53714120-73d7-11f1-9fc4-1b090db46800"
            },
            "bbox": [
                -103.329257,
                20.703944,
                -103.327158,
                20.706053
            ]
        },
        {
            "type": "Feature",
            "geometry": {
                "type": "Polygon",
                "coordinates": [
                    [
                        [
                            -103.326838,
                            20.705349
                        ],
                        [
                            -103.327681,
                            20.70381
                        ],
                        [
                            -103.326795,
                            20.703361
                        ],
                        [
                            -103.326585,
                            20.703813
                        ],
                        [
                            -103.326598,
                            20.703834
                        ],
                        [
                            -103.326685,
                            20.70399
                        ],
                        [
                            -103.326685,
                            20.704187
                        ],
                        [
                            -103.326625,
                            20.704327
                        ],
                        [
                            -103.326515,
                            20.704436
                        ],
                        [
                            -103.326365,
                            20.704511
                        ],
                        [
                            -103.326205,
                            20.704532
                        ],
                        [
                            -103.325992,
                            20.70495
                        ],
                        [
                            -103.326838,
                            20.705349
                        ]
                    ]
                ]
            },
            "properties": {
                "name": "Estacionamiento",
                "Grupo": "Parking",
                "Aforo": 1,
                "@id": "53714121-73d7-11f1-9fc4-1b090db46800"
            },
            "bbox": [
                -103.327681,
                20.703361,
                -103.325992,
                20.705349
            ]
        },
        {
            "type": "Feature",
            "geometry": {
                "type": "Polygon",
                "coordinates": [
                    [
                        [
                            -103.326573,
                            20.703336
                        ],
                        [
                            -103.325929,
                            20.704512
                        ],
                        [
                            -103.32599,
                            20.704553
                        ],
                        [
                            -103.326662,
                            20.703375
                        ],
                        [
                            -103.326573,
                            20.703336
                        ]
                    ]
                ]
            },
            "properties": {
                "name": "Estación Monumental",
                "Grupo": "TP Estación",
                "demanda": 1,
                "@id": "53714122-73d7-11f1-9fc4-1b090db46800"
            },
            "bbox": [
                -103.326662,
                20.703336,
                -103.325929,
                20.704553
            ]
        },
        {
            "type": "Feature",
            "geometry": {
                "type": "Polygon",
                "coordinates": [
                    [
                        [
                            -103.324782,
                            20.702018
                        ],
                        [
                            -103.324783,
                            20.70205
                        ],
                        [
                            -103.324786,
                            20.702081
                        ],
                        [
                            -103.324791,
                            20.702113
                        ],
                        [
                            -103.324799,
                            20.702144
                        ],
                        [
                            -103.324808,
                            20.702174
                        ],
                        [
                            -103.32482,
                            20.702204
                        ],
                        [
                            -103.324833,
                            20.702233
                        ],
                        [
                            -103.324848,
                            20.702261
                        ],
                        [
                            -103.324866,
                            20.702289
                        ],
                        [
                            -103.324885,
                            20.702315
                        ],
                        [
                            -103.324906,
                            20.70234
                        ],
                        [
                            -103.324928,
                            20.702364
                        ],
                        [
                            -103.324952,
                            20.702386
                        ],
                        [
                            -103.324977,
                            20.702407
                        ],
                        [
                            -103.325004,
                            20.702427
                        ],
                        [
                            -103.325032,
                            20.702445
                        ],
                        [
                            -103.325062,
                            20.702461
                        ],
                        [
                            -103.325092,
                            20.702475
                        ],
                        [
                            -103.325123,
                            20.702488
                        ],
                        [
                            -103.325155,
                            20.702499
                        ],
                        [
                            -103.325187,
                            20.702508
                        ],
                        [
                            -103.325221,
                            20.702514
                        ],
                        [
                            -103.325254,
                            20.702519
                        ],
                        [
                            -103.325288,
                            20.702522
                        ],
                        [
                            -103.325322,
                            20.702523
                        ],
                        [
                            -103.325356,
                            20.702522
                        ],
                        [
                            -103.325389,
                            20.702519
                        ],
                        [
                            -103.325423,
                            20.702514
                        ],
                        [
                            -103.325456,
                            20.702508
                        ],
                        [
                            -103.325489,
                            20.702499
                        ],
                        [
                            -103.325521,
                            20.702488
                        ],
                        [
                            -103.325552,
                            20.702475
                        ],
                        [
                            -103.325582,
                            20.702461
                        ],
                        [
                            -103.325611,
                            20.702445
                        ],
                        [
                            -103.325639,
                            20.702427
                        ],
                        [
                            -103.325666,
                            20.702407
                        ],
                        [
                            -103.325692,
                            20.702386
                        ],
                        [
                            -103.325716,
                            20.702364
                        ],
                        [
                            -103.325738,
                            20.70234
                        ],
                        [
                            -103.325759,
                            20.702315
                        ],
                        [
                            -103.325778,
                            20.702289
                        ],
                        [
                            -103.325795,
                            20.702261
                        ],
                        [
                            -103.325811,
                            20.702233
                        ],
                        [
                            -103.325824,
                            20.702204
                        ],
                        [
                            -103.325836,
                            20.702174
                        ],
                        [
                            -103.325845,
                            20.702144
                        ],
                        [
                            -103.325852,
                            20.702113
                        ],
                        [
                            -103.325858,
                            20.702081
                        ],
                        [
                            -103.325861,
                            20.70205
                        ],
                        [
                            -103.325862,
                            20.702018
                        ],
                        [
                            -103.325861,
                            20.701986
                        ],
                        [
                            -103.325858,
                            20.701955
                        ],
                        [
                            -103.325852,
                            20.701923
                        ],
                        [
                            -103.325845,
                            20.701892
                        ],
                        [
                            -103.325836,
                            20.701862
                        ],
                        [
                            -103.325824,
                            20.701832
                        ],
                        [
                            -103.325811,
                            20.701803
                        ],
                        [
                            -103.325795,
                            20.701775
                        ],
                        [
                            -103.325778,
                            20.701747
                        ],
                        [
                            -103.325759,
                            20.701721
                        ],
                        [
                            -103.325738,
                            20.701696
                        ],
                        [
                            -103.325716,
                            20.701672
                        ],
                        [
                            -103.325692,
                            20.70165
                        ],
                        [
                            -103.325666,
                            20.701629
                        ],
                        [
                            -103.325639,
                            20.701609
                        ],
                        [
                            -103.325611,
                            20.701591
                        ],
                        [
                            -103.325582,
                            20.701575
                        ],
                        [
                            -103.325552,
                            20.701561
                        ],
                        [
                            -103.325521,
                            20.701548
                        ],
                        [
                            -103.325489,
                            20.701537
                        ],
                        [
                            -103.325456,
                            20.701529
                        ],
                        [
                            -103.325423,
                            20.701522
                        ],
                        [
                            -103.325389,
                            20.701517
                        ],
                        [
                            -103.325356,
                            20.701514
                        ],
                        [
                            -103.325322,
                            20.701513
                        ],
                        [
                            -103.325288,
                            20.701514
                        ],
                        [
                            -103.325254,
                            20.701517
                        ],
                        [
                            -103.325221,
                            20.701522
                        ],
                        [
                            -103.325187,
                            20.701529
                        ],
                        [
                            -103.325155,
                            20.701537
                        ],
                        [
                            -103.325123,
                            20.701548
                        ],
                        [
                            -103.325092,
                            20.701561
                        ],
                        [
                            -103.325062,
                            20.701575
                        ],
                        [
                            -103.325032,
                            20.701591
                        ],
                        [
                            -103.325004,
                            20.701609
                        ],
                        [
                            -103.324977,
                            20.701629
                        ],
                        [
                            -103.324952,
                            20.70165
                        ],
                        [
                            -103.324928,
                            20.701672
                        ],
                        [
                            -103.324906,
                            20.701696
                        ],
                        [
                            -103.324885,
                            20.701721
                        ],
                        [
                            -103.324866,
                            20.701747
                        ],
                        [
                            -103.324848,
                            20.701775
                        ],
                        [
                            -103.324833,
                            20.701803
                        ],
                        [
                            -103.32482,
                            20.701832
                        ],
                        [
                            -103.324808,
                            20.701862
                        ],
                        [
                            -103.324799,
                            20.701892
                        ],
                        [
                            -103.324791,
                            20.701923
                        ],
                        [
                            -103.324786,
                            20.701955
                        ],
                        [
                            -103.324782,
                            20.702018
                        ]
                    ]
                ]
            },
            "properties": {
                "@circle": {
                    "type": "Mercator",
                    "center": [
                        -103.3253218,
                        20.702018
                    ]
                },
                "name": "Plaza de Toros",
                "Grupo": "Recintos",
                "Aforo": 16500,
                "Parking": 400,
                "Parking/Seat": 0.02,
                "@id": "53714123-73d7-11f1-9fc4-1b090db46800"
            },
            "bbox": [
                -103.325862,
                20.701513,
                -103.324782,
                20.702523
            ]
        },
        {
            "type": "Feature",
            "geometry": {
                "type": "Polygon",
                "coordinates": [
                    [
                        [
                            -103.32545,
                            20.700953
                        ],
                        [
                            -103.324631,
                            20.700554
                        ],
                        [
                            -103.323617,
                            20.701544
                        ],
                        [
                            -103.324113,
                            20.702311
                        ],
                        [
                            -103.324189,
                            20.702275
                        ],
                        [
                            -103.324174,
                            20.702186
                        ],
                        [
                            -103.324177,
                            20.70204
                        ],
                        [
                            -103.324276,
                            20.701748
                        ],
                        [
                            -103.324387,
                            20.701548
                        ],
                        [
                            -103.324524,
                            20.701348
                        ],
                        [
                            -103.324684,
                            20.701202
                        ],
                        [
                            -103.32492,
                            20.701063
                        ],
                        [
                            -103.325122,
                            20.700996
                        ],
                        [
                            -103.325374,
                            20.700967
                        ],
                        [
                            -103.32545,
                            20.700953
                        ]
                    ]
                ]
            },
            "properties": {
                "name": "Estacionamiento",
                "Grupo": "Parking",
                "visibility": "",
                "Aforo": 1,
                "@id": "53714124-73d7-11f1-9fc4-1b090db46800"
            },
            "bbox": [
                -103.32545,
                20.700554,
                -103.323617,
                20.702311
            ]
        },
        {
            "type": "Feature",
            "geometry": {
                "type": "Polygon",
                "coordinates": [
                    [
                        [
                            -103.326654,
                            20.70158
                        ],
                        [
                            -103.326178,
                            20.701341
                        ],
                        [
                            -103.325553,
                            20.701024
                        ],
                        [
                            -103.325522,
                            20.701038
                        ],
                        [
                            -103.325518,
                            20.701316
                        ],
                        [
                            -103.325576,
                            20.701338
                        ],
                        [
                            -103.325827,
                            20.701455
                        ],
                        [
                            -103.326044,
                            20.701733
                        ],
                        [
                            -103.326113,
                            20.701744
                        ],
                        [
                            -103.326654,
                            20.70158
                        ]
                    ]
                ]
            },
            "properties": {
                "name": "Estacionamiento",
                "Grupo": "Parking",
                "Aforo": 1,
                "@id": "53714125-73d7-11f1-9fc4-1b090db46800"
            },
            "bbox": [
                -103.326654,
                20.701024,
                -103.325518,
                20.701744
            ]
        },
        {
            "type": "Feature",
            "geometry": {
                "type": "Polygon",
                "coordinates": [
                    [
                        [
                            -103.32545,
                            20.701067
                        ],
                        [
                            -103.325271,
                            20.701063
                        ],
                        [
                            -103.325038,
                            20.701113
                        ],
                        [
                            -103.324837,
                            20.70122
                        ],
                        [
                            -103.324616,
                            20.701395
                        ],
                        [
                            -103.324429,
                            20.701623
                        ],
                        [
                            -103.324307,
                            20.701908
                        ],
                        [
                            -103.324299,
                            20.702079
                        ],
                        [
                            -103.324593,
                            20.701983
                        ],
                        [
                            -103.324585,
                            20.701922
                        ],
                        [
                            -103.324612,
                            20.701812
                        ],
                        [
                            -103.324646,
                            20.701691
                        ],
                        [
                            -103.324806,
                            20.701505
                        ],
                        [
                            -103.325038,
                            20.701373
                        ],
                        [
                            -103.325248,
                            20.701323
                        ],
                        [
                            -103.325423,
                            20.701309
                        ],
                        [
                            -103.32545,
                            20.701067
                        ]
                    ]
                ]
            },
            "properties": {
                "name": "Estacionamiento",
                "Grupo": "Parking",
                "Aforo": 1,
                "@id": "53714126-73d7-11f1-9fc4-1b090db46800"
            },
            "bbox": [
                -103.32545,
                20.701063,
                -103.324299,
                20.702079
            ]
        },
        {
            "type": "Feature",
            "geometry": {
                "type": "Polygon",
                "coordinates": [
                    [
                        [
                            -103.326601,
                            20.701652
                        ],
                        [
                            -103.3261,
                            20.701818
                        ],
                        [
                            -103.326088,
                            20.701906
                        ],
                        [
                            -103.326119,
                            20.702014
                        ],
                        [
                            -103.326075,
                            20.702143
                        ],
                        [
                            -103.326022,
                            20.702237
                        ],
                        [
                            -103.326216,
                            20.702336
                        ],
                        [
                            -103.326601,
                            20.701652
                        ]
                    ]
                ]
            },
            "properties": {
                "name": "Estacionamiento",
                "Grupo": "Parking",
                "Aforo": 1,
                "@id": "53714127-73d7-11f1-9fc4-1b090db46800"
            },
            "bbox": [
                -103.326601,
                20.701652,
                -103.326022,
                20.702336
            ]
        },
        {
            "type": "Feature",
            "geometry": {
                "type": "Polygon",
                "coordinates": [
                    [
                        [
                            -103.326191,
                            20.702406
                        ],
                        [
                            -103.326035,
                            20.70233
                        ],
                        [
                            -103.325763,
                            20.70264
                        ],
                        [
                            -103.325376,
                            20.702793
                        ],
                        [
                            -103.32533,
                            20.702871
                        ],
                        [
                            -103.32543,
                            20.703193
                        ],
                        [
                            -103.32548,
                            20.703269
                        ],
                        [
                            -103.325617,
                            20.703178
                        ],
                        [
                            -103.325773,
                            20.703108
                        ],
                        [
                            -103.325823,
                            20.703087
                        ],
                        [
                            -103.326191,
                            20.702406
                        ]
                    ]
                ]
            },
            "properties": {
                "name": "Estacionamiento",
                "Grupo": "Parking",
                "Aforo": 1,
                "@id": "53714128-73d7-11f1-9fc4-1b090db46800"
            },
            "bbox": [
                -103.326191,
                20.70233,
                -103.32533,
                20.703269
            ]
        },
        {
            "type": "Feature",
            "geometry": {
                "type": "Polygon",
                "coordinates": [
                    [
                        [
                            -103.325395,
                            20.703327
                        ],
                        [
                            -103.325295,
                            20.703175
                        ],
                        [
                            -103.325217,
                            20.703082
                        ],
                        [
                            -103.325236,
                            20.702816
                        ],
                        [
                            -103.325264,
                            20.702737
                        ],
                        [
                            -103.325129,
                            20.702622
                        ],
                        [
                            -103.324701,
                            20.702956
                        ],
                        [
                            -103.32517,
                            20.703684
                        ],
                        [
                            -103.325395,
                            20.703327
                        ]
                    ]
                ]
            },
            "properties": {
                "name": "Estacionamiento",
                "Grupo": "Parking",
                "Aforo": 1,
                "@id": "53714129-73d7-11f1-9fc4-1b090db46800"
            },
            "bbox": [
                -103.325395,
                20.702622,
                -103.324701,
                20.703684
            ]
        },
        {
            "type": "Feature",
            "geometry": {
                "type": "Polygon",
                "coordinates": [
                    [
                        [
                            -103.463668,
                            20.682616
                        ],
                        [
                            -103.463791,
                            20.682336
                        ],
                        [
                            -103.463812,
                            20.681991
                        ],
                        [
                            -103.463695,
                            20.68133
                        ],
                        [
                            -103.463513,
                            20.680925
                        ],
                        [
                            -103.463304,
                            20.68072
                        ],
                        [
                            -103.463037,
                            20.680625
                        ],
                        [
                            -103.46277,
                            20.68059
                        ],
                        [
                            -103.462331,
                            20.68065
                        ],
                        [
                            -103.461989,
                            20.680745
                        ],
                        [
                            -103.46178,
                            20.680885
                        ],
                        [
                            -103.461609,
                            20.681125
                        ],
                        [
                            -103.461539,
                            20.681305
                        ],
                        [
                            -103.461545,
                            20.681691
                        ],
                        [
                            -103.461641,
                            20.682246
                        ],
                        [
                            -103.461753,
                            20.682551
                        ],
                        [
                            -103.461866,
                            20.682761
                        ],
                        [
                            -103.462085,
                            20.682912
                        ],
                        [
                            -103.462358,
                            20.683007
                        ],
                        [
                            -103.462609,
                            20.683012
                        ],
                        [
                            -103.463096,
                            20.682932
                        ],
                        [
                            -103.463385,
                            20.682856
                        ],
                        [
                            -103.463668,
                            20.682616
                        ]
                    ]
                ]
            },
            "properties": {
                "name": "Estadio Akron",
                "Grupo": "Recintos",
                "Aforo": 46355,
                "Parking": 6950,
                "Parking/Seat": 0.15,
                "@id": "5371412a-73d7-11f1-9fc4-1b090db46800"
            },
            "bbox": [
                -103.463812,
                20.68059,
                -103.461539,
                20.683012
            ]
        },
        {
            "type": "Feature",
            "geometry": {
                "type": "Polygon",
                "coordinates": [
                    [
                        [
                            -103.46747,
                            20.684742
                        ],
                        [
                            -103.467576,
                            20.684453
                        ],
                        [
                            -103.467677,
                            20.684135
                        ],
                        [
                            -103.467684,
                            20.683275
                        ],
                        [
                            -103.467713,
                            20.681792
                        ],
                        [
                            -103.467663,
                            20.680756
                        ],
                        [
                            -103.467142,
                            20.680681
                        ],
                        [
                            -103.466077,
                            20.680688
                        ],
                        [
                            -103.465904,
                            20.680789
                        ],
                        [
                            -103.465093,
                            20.681528
                        ],
                        [
                            -103.46505,
                            20.683796
                        ],
                        [
                            -103.465086,
                            20.685137
                        ],
                        [
                            -103.465209,
                            20.685198
                        ],
                        [
                            -103.466692,
                            20.685171
                        ],
                        [
                            -103.467083,
                            20.684988
                        ],
                        [
                            -103.46747,
                            20.684742
                        ]
                    ]
                ]
            },
            "properties": {
                "name": "Estacionamiento",
                "Grupo": "Parking",
                "Aforo": 1,
                "@id": "5371412b-73d7-11f1-9fc4-1b090db46800"
            },
            "bbox": [
                -103.467713,
                20.680681,
                -103.46505,
                20.685198
            ]
        },
        {
            "type": "Feature",
            "geometry": {
                "type": "Polygon",
                "coordinates": [
                    [
                        [
                            -103.464731,
                            20.684663
                        ],
                        [
                            -103.464825,
                            20.684507
                        ],
                        [
                            -103.464854,
                            20.68425
                        ],
                        [
                            -103.464702,
                            20.683959
                        ],
                        [
                            -103.464456,
                            20.683891
                        ],
                        [
                            -103.464181,
                            20.683979
                        ],
                        [
                            -103.463942,
                            20.684013
                        ],
                        [
                            -103.461466,
                            20.683979
                        ],
                        [
                            -103.460706,
                            20.683993
                        ],
                        [
                            -103.460634,
                            20.684155
                        ],
                        [
                            -103.460569,
                            20.684447
                        ],
                        [
                            -103.460692,
                            20.684677
                        ],
                        [
                            -103.462538,
                            20.684663
                        ],
                        [
                            -103.46434,
                            20.684684
                        ],
                        [
                            -103.464731,
                            20.684663
                        ]
                    ]
                ]
            },
            "properties": {
                "name": "Estacionamiento",
                "Grupo": "Parking",
                "Aforo": 1,
                "@id": "5371412c-73d7-11f1-9fc4-1b090db46800"
            },
            "bbox": [
                -103.464854,
                20.683891,
                -103.460569,
                20.684684
            ]
        },
        {
            "type": "Feature",
            "geometry": {
                "type": "Polygon",
                "coordinates": [
                    [
                        [
                            -103.455244,
                            20.680978
                        ],
                        [
                            -103.455238,
                            20.680387
                        ],
                        [
                            -103.455182,
                            20.680419
                        ],
                        [
                            -103.455187,
                            20.681006
                        ],
                        [
                            -103.455244,
                            20.680978
                        ]
                    ]
                ]
            },
            "properties": {
                "name": "Estación Estadio Chivas II",
                "Grupo": "Parking",
                "Aforo": 1,
                "@id": "5371412d-73d7-11f1-9fc4-1b090db46800"
            },
            "bbox": [
                -103.455244,
                20.680387,
                -103.455182,
                20.681006
            ]
        },
        {
            "type": "Feature",
            "geometry": {
                "type": "Polygon",
                "coordinates": [
                    [
                        [
                            -103.455347,
                            20.687673
                        ],
                        [
                            -103.455315,
                            20.687076
                        ],
                        [
                            -103.455251,
                            20.687122
                        ],
                        [
                            -103.455288,
                            20.687706
                        ],
                        [
                            -103.455347,
                            20.687673
                        ]
                    ]
                ]
            },
            "properties": {
                "name": "Estación Estadio Chivas",
                "Grupo": "Parking",
                "Aforo": 1,
                "@id": "5371412e-73d7-11f1-9fc4-1b090db46800"
            },
            "bbox": [
                -103.455347,
                20.687076,
                -103.455251,
                20.687706
            ]
        },
        {
            "type": "Feature",
            "geometry": {
                "type": "Polygon",
                "coordinates": [
                    [
                        [
                            -103.455219,
                            20.675427
                        ],
                        [
                            -103.455215,
                            20.674833
                        ],
                        [
                            -103.455147,
                            20.674863
                        ],
                        [
                            -103.455154,
                            20.675454
                        ],
                        [
                            -103.455219,
                            20.675427
                        ]
                    ]
                ]
            },
            "properties": {
                "name": "Estación Cd. Granja",
                "Grupo": "TP Estación",
                "demanda": 1,
                "@id": "5371412f-73d7-11f1-9fc4-1b090db46800"
            },
            "bbox": [
                -103.455219,
                20.674833,
                -103.455147,
                20.675454
            ]
        },
        {
            "type": "Feature",
            "geometry": {
                "type": "LineString",
                "coordinates": [
                    [
                        -103.389015,
                        20.728886
                    ],
                    [
                        -103.388974,
                        20.729043
                    ],
                    [
                        -103.388945,
                        20.729171
                    ],
                    [
                        -103.387655,
                        20.730037
                    ],
                    [
                        -103.386153,
                        20.730998
                    ],
                    [
                        -103.384656,
                        20.732
                    ],
                    [
                        -103.382024,
                        20.733773
                    ],
                    [
                        -103.380853,
                        20.734554
                    ],
                    [
                        -103.380215,
                        20.734969
                    ],
                    [
                        -103.379947,
                        20.735146
                    ],
                    [
                        -103.379576,
                        20.735402
                    ],
                    [
                        -103.379342,
                        20.735597
                    ],
                    [
                        -103.379194,
                        20.735764
                    ],
                    [
                        -103.379095,
                        20.735934
                    ],
                    [
                        -103.379033,
                        20.736156
                    ],
                    [
                        -103.378909,
                        20.736633
                    ],
                    [
                        -103.378787,
                        20.737104
                    ],
                    [
                        -103.378681,
                        20.737611
                    ],
                    [
                        -103.378564,
                        20.738102
                    ]
                ]
            },
            "properties": {
                "name": "Av. José Parres Arias",
                "Grupo": "Avenidas y Calles",
                "@id": "53714130-73d7-11f1-9fc4-1b090db46800"
            },
            "bbox": [
                -103.389015,
                20.728886,
                -103.378564,
                20.738102
            ]
        },
        {
            "type": "Feature",
            "geometry": {
                "type": "LineString",
                "coordinates": [
                    [
                        -103.388873,
                        20.734645
                    ],
                    [
                        -103.388593,
                        20.734619
                    ],
                    [
                        -103.388425,
                        20.734606
                    ],
                    [
                        -103.388184,
                        20.734593
                    ],
                    [
                        -103.387645,
                        20.734456
                    ],
                    [
                        -103.387355,
                        20.734371
                    ],
                    [
                        -103.387068,
                        20.734272
                    ],
                    [
                        -103.386882,
                        20.734119
                    ],
                    [
                        -103.386512,
                        20.733926
                    ],
                    [
                        -103.386015,
                        20.733742
                    ],
                    [
                        -103.385149,
                        20.733448
                    ],
                    [
                        -103.384955,
                        20.733406
                    ],
                    [
                        -103.384726,
                        20.733481
                    ],
                    [
                        -103.384523,
                        20.733433
                    ],
                    [
                        -103.384221,
                        20.733326
                    ],
                    [
                        -103.383843,
                        20.733195
                    ],
                    [
                        -103.383725,
                        20.733118
                    ],
                    [
                        -103.3837,
                        20.732991
                    ],
                    [
                        -103.383686,
                        20.73292
                    ],
                    [
                        -103.383655,
                        20.732831
                    ],
                    [
                        -103.383576,
                        20.732733
                    ],
                    [
                        -103.383451,
                        20.732636
                    ],
                    [
                        -103.383209,
                        20.732601
                    ],
                    [
                        -103.383029,
                        20.732565
                    ],
                    [
                        -103.382823,
                        20.732524
                    ],
                    [
                        -103.382499,
                        20.732451
                    ],
                    [
                        -103.38206,
                        20.73231
                    ],
                    [
                        -103.381501,
                        20.731941
                    ],
                    [
                        -103.381069,
                        20.731598
                    ],
                    [
                        -103.380611,
                        20.731257
                    ],
                    [
                        -103.379912,
                        20.730663
                    ],
                    [
                        -103.379548,
                        20.730396
                    ],
                    [
                        -103.37919,
                        20.730109
                    ],
                    [
                        -103.378455,
                        20.729534
                    ],
                    [
                        -103.377971,
                        20.729196
                    ],
                    [
                        -103.377722,
                        20.729048
                    ],
                    [
                        -103.377073,
                        20.728795
                    ],
                    [
                        -103.375833,
                        20.728565
                    ],
                    [
                        -103.374574,
                        20.728372
                    ],
                    [
                        -103.371951,
                        20.727935
                    ],
                    [
                        -103.370342,
                        20.727654
                    ],
                    [
                        -103.368032,
                        20.727257
                    ]
                ]
            },
            "properties": {
                "name": "Av. Venustiano Carranza",
                "Grupo": "Avenidas y Calles",
                "@id": "53714131-73d7-11f1-9fc4-1b090db46800"
            },
            "bbox": [
                -103.388873,
                20.727257,
                -103.368032,
                20.734645
            ]
        },
        {
            "type": "Feature",
            "geometry": {
                "type": "LineString",
                "coordinates": [
                    [
                        -103.36774,
                        20.730901
                    ],
                    [
                        -103.370225,
                        20.731294
                    ],
                    [
                        -103.370651,
                        20.731337
                    ],
                    [
                        -103.370978,
                        20.731201
                    ],
                    [
                        -103.371196,
                        20.73098
                    ],
                    [
                        -103.371396,
                        20.730827
                    ],
                    [
                        -103.372286,
                        20.730827
                    ],
                    [
                        -103.373477,
                        20.730874
                    ],
                    [
                        -103.374538,
                        20.73089
                    ],
                    [
                        -103.376963,
                        20.731331
                    ],
                    [
                        -103.380196,
                        20.731945
                    ],
                    [
                        -103.380403,
                        20.732015
                    ],
                    [
                        -103.381323,
                        20.732228
                    ],
                    [
                        -103.381882,
                        20.732359
                    ],
                    [
                        -103.382435,
                        20.732545
                    ],
                    [
                        -103.382876,
                        20.732689
                    ],
                    [
                        -103.382943,
                        20.732772
                    ],
                    [
                        -103.382928,
                        20.73302
                    ],
                    [
                        -103.383134,
                        20.733289
                    ],
                    [
                        -103.383377,
                        20.733323
                    ],
                    [
                        -103.383635,
                        20.733261
                    ],
                    [
                        -103.384429,
                        20.733525
                    ],
                    [
                        -103.384731,
                        20.733601
                    ],
                    [
                        -103.384875,
                        20.733609
                    ],
                    [
                        -103.385043,
                        20.733596
                    ],
                    [
                        -103.385838,
                        20.733864
                    ],
                    [
                        -103.386517,
                        20.734103
                    ],
                    [
                        -103.387009,
                        20.734398
                    ],
                    [
                        -103.387669,
                        20.734609
                    ],
                    [
                        -103.38827,
                        20.734737
                    ],
                    [
                        -103.388904,
                        20.734744
                    ]
                ]
            },
            "properties": {
                "name": "Av. Obreros de Cananea",
                "Grupo": "Avenidas y Calles",
                "@id": "53714132-73d7-11f1-9fc4-1b090db46800"
            },
            "bbox": [
                -103.388904,
                20.730827,
                -103.36774,
                20.734744
            ]
        },
        {
            "type": "Feature",
            "geometry": {
                "type": "LineString",
                "coordinates": [
                    [
                        -103.386256,
                        20.740076
                    ],
                    [
                        -103.385774,
                        20.739997
                    ],
                    [
                        -103.385127,
                        20.739806
                    ],
                    [
                        -103.383977,
                        20.739481
                    ],
                    [
                        -103.383067,
                        20.739251
                    ],
                    [
                        -103.380164,
                        20.738485
                    ],
                    [
                        -103.378552,
                        20.738105
                    ],
                    [
                        -103.37717,
                        20.737747
                    ],
                    [
                        -103.375466,
                        20.737261
                    ],
                    [
                        -103.375186,
                        20.737203
                    ],
                    [
                        -103.374626,
                        20.737097
                    ],
                    [
                        -103.374009,
                        20.736977
                    ],
                    [
                        -103.373669,
                        20.736875
                    ],
                    [
                        -103.372949,
                        20.736723
                    ],
                    [
                        -103.372687,
                        20.736709
                    ],
                    [
                        -103.372297,
                        20.736659
                    ],
                    [
                        -103.370788,
                        20.73628
                    ],
                    [
                        -103.369482,
                        20.735951
                    ],
                    [
                        -103.367583,
                        20.735425
                    ]
                ]
            },
            "properties": {
                "name": "C. José Guadalupe Zuno",
                "Grupo": "Avenidas y Calles",
                "@id": "53714133-73d7-11f1-9fc4-1b090db46800"
            },
            "bbox": [
                -103.386256,
                20.735425,
                -103.367583,
                20.740076
            ]
        },
        {
            "type": "Feature",
            "geometry": {
                "type": "LineString",
                "coordinates": [
                    [
                        -103.371131,
                        20.736786
                    ],
                    [
                        -103.371173,
                        20.736651
                    ],
                    [
                        -103.371062,
                        20.736616
                    ],
                    [
                        -103.371167,
                        20.736248
                    ],
                    [
                        -103.371238,
                        20.736265
                    ],
                    [
                        -103.371283,
                        20.736071
                    ],
                    [
                        -103.371343,
                        20.735916
                    ]
                ]
            },
            "properties": {
                "name": "Puente Peatonal U. Tec Milenio",
                "Grupo": "Puente Peatonal",
                "@id": "53714134-73d7-11f1-9fc4-1b090db46800"
            },
            "bbox": [
                -103.371343,
                20.735916,
                -103.371062,
                20.736786
            ]
        },
        {
            "type": "Feature",
            "geometry": {
                "type": "LineString",
                "coordinates": [
                    [
                        -103.377116,
                        20.738359
                    ],
                    [
                        -103.377169,
                        20.738164
                    ],
                    [
                        -103.377215,
                        20.737994
                    ],
                    [
                        -103.377254,
                        20.737842
                    ],
                    [
                        -103.377307,
                        20.737686
                    ]
                ]
            },
            "properties": {
                "name": "Puente Peatonal Constitución",
                "Grupo": "Puente Peatonal",
                "@id": "53714135-73d7-11f1-9fc4-1b090db46800"
            },
            "bbox": [
                -103.377307,
                20.737686,
                -103.377116,
                20.738359
            ]
        },
        {
            "type": "Feature",
            "geometry": {
                "type": "LineString",
                "coordinates": [
                    [
                        -103.376674,
                        20.737897
                    ],
                    [
                        -103.377103,
                        20.738017
                    ],
                    [
                        -103.37711,
                        20.738001
                    ],
                    [
                        -103.376724,
                        20.737893
                    ],
                    [
                        -103.376726,
                        20.737879
                    ],
                    [
                        -103.377209,
                        20.738008
                    ]
                ]
            },
            "properties": {
                "name": "Puente Peatonal Constitución",
                "Grupo": "Puente Peatonal",
                "@id": "53714136-73d7-11f1-9fc4-1b090db46800"
            },
            "bbox": [
                -103.377209,
                20.737879,
                -103.376674,
                20.738017
            ]
        },
        {
            "type": "Feature",
            "geometry": {
                "type": "LineString",
                "coordinates": [
                    [
                        -103.381841,
                        20.739257
                    ],
                    [
                        -103.381203,
                        20.739079
                    ],
                    [
                        -103.381197,
                        20.739096
                    ],
                    [
                        -103.381527,
                        20.739191
                    ],
                    [
                        -103.381522,
                        20.73921
                    ],
                    [
                        -103.38104,
                        20.739072
                    ],
                    [
                        -103.381005,
                        20.73911
                    ],
                    [
                        -103.380936,
                        20.739117
                    ],
                    [
                        -103.380881,
                        20.739127
                    ],
                    [
                        -103.38083,
                        20.739304
                    ]
                ]
            },
            "properties": {
                "name": "Puente Peatonal Centro Cultural Universitario",
                "Grupo": "Puente Peatonal",
                "@id": "53714137-73d7-11f1-9fc4-1b090db46800"
            },
            "bbox": [
                -103.381841,
                20.739072,
                -103.38083,
                20.739304
            ]
        },
        {
            "type": "Feature",
            "geometry": {
                "type": "LineString",
                "coordinates": [
                    [
                        -103.381045,
                        20.739079
                    ],
                    [
                        -103.38105,
                        20.739006
                    ],
                    [
                        -103.381076,
                        20.738925
                    ],
                    [
                        -103.381144,
                        20.738646
                    ]
                ]
            },
            "properties": {
                "name": "Paso Peatonal a nivel",
                "Grupo": "Puente Peatonal",
                "@id": "53714138-73d7-11f1-9fc4-1b090db46800"
            },
            "bbox": [
                -103.381144,
                20.738646,
                -103.381045,
                20.739079
            ]
        },
        {
            "type": "Feature",
            "geometry": {
                "type": "LineString",
                "coordinates": [
                    [
                        -103.379997,
                        20.732057
                    ],
                    [
                        -103.379294,
                        20.735113
                    ],
                    [
                        -103.379129,
                        20.735755
                    ],
                    [
                        -103.379115,
                        20.735895
                    ]
                ]
            },
            "properties": {
                "name": "Calle A",
                "Grupo": "Avenidas y Calles",
                "@id": "53714139-73d7-11f1-9fc4-1b090db46800"
            },
            "bbox": [
                -103.379997,
                20.732057,
                -103.379115,
                20.735895
            ]
        },
        {
            "type": "Feature",
            "geometry": {
                "type": "LineString",
                "coordinates": [
                    [
                        -103.376916,
                        20.731329
                    ],
                    [
                        -103.37674,
                        20.731975
                    ],
                    [
                        -103.376333,
                        20.73354
                    ],
                    [
                        -103.37614,
                        20.734182
                    ],
                    [
                        -103.375669,
                        20.735848
                    ],
                    [
                        -103.375324,
                        20.737132
                    ],
                    [
                        -103.375233,
                        20.737456
                    ],
                    [
                        -103.375193,
                        20.73777
                    ],
                    [
                        -103.375034,
                        20.740169
                    ]
                ]
            },
            "properties": {
                "name": "Av. Enrique Diaz de León Norte",
                "Grupo": "Avenidas y Calles",
                "@id": "5371413a-73d7-11f1-9fc4-1b090db46800"
            },
            "bbox": [
                -103.376916,
                20.731329,
                -103.375034,
                20.740169
            ]
        },
        {
            "type": "Feature",
            "geometry": {
                "type": "LineString",
                "coordinates": [
                    [
                        -103.379546,
                        20.73404
                    ],
                    [
                        -103.379386,
                        20.733997
                    ],
                    [
                        -103.37932,
                        20.733983
                    ],
                    [
                        -103.379287,
                        20.734028
                    ],
                    [
                        -103.379269,
                        20.734107
                    ],
                    [
                        -103.379205,
                        20.734144
                    ],
                    [
                        -103.379127,
                        20.734135
                    ],
                    [
                        -103.376336,
                        20.733551
                    ]
                ]
            },
            "properties": {
                "name": "C. Industrial Los Belenes",
                "Grupo": "Avenidas y Calles",
                "@id": "5371413b-73d7-11f1-9fc4-1b090db46800"
            },
            "bbox": [
                -103.379546,
                20.733551,
                -103.376336,
                20.734144
            ]
        },
        {
            "type": "Feature",
            "geometry": {
                "type": "LineString",
                "coordinates": [
                    [
                        -103.378948,
                        20.736575
                    ],
                    [
                        -103.378111,
                        20.736407
                    ],
                    [
                        -103.376495,
                        20.736117
                    ],
                    [
                        -103.376213,
                        20.736067
                    ],
                    [
                        -103.376066,
                        20.736033
                    ],
                    [
                        -103.375903,
                        20.736025
                    ],
                    [
                        -103.37565,
                        20.735972
                    ]
                ]
            },
            "properties": {
                "name": "C. Ingeniero Hugo Vázquez Reyes",
                "Grupo": "Avenidas y Calles",
                "@id": "5371413c-73d7-11f1-9fc4-1b090db46800"
            },
            "bbox": [
                -103.378948,
                20.735972,
                -103.37565,
                20.736575
            ]
        },
        {
            "type": "Feature",
            "geometry": {
                "type": "LineString",
                "coordinates": [
                    [
                        -103.375156,
                        20.737198
                    ],
                    [
                        -103.375096,
                        20.737068
                    ],
                    [
                        -103.37477,
                        20.736673
                    ],
                    [
                        -103.373873,
                        20.735768
                    ],
                    [
                        -103.373044,
                        20.734678
                    ],
                    [
                        -103.371802,
                        20.732851
                    ],
                    [
                        -103.370882,
                        20.731602
                    ],
                    [
                        -103.368032,
                        20.727267
                    ]
                ]
            },
            "properties": {
                "name": "Calzada Constituyentes",
                "Grupo": "Avenidas y Calles",
                "@id": "5371413d-73d7-11f1-9fc4-1b090db46800"
            },
            "bbox": [
                -103.375156,
                20.727267,
                -103.368032,
                20.737198
            ]
        },
        {
            "type": "Feature",
            "geometry": {
                "type": "LineString",
                "coordinates": [
                    [
                        -103.375666,
                        20.735977
                    ],
                    [
                        -103.375631,
                        20.735961
                    ],
                    [
                        -103.37562,
                        20.73591
                    ],
                    [
                        -103.375525,
                        20.735875
                    ],
                    [
                        -103.374352,
                        20.735636
                    ],
                    [
                        -103.374119,
                        20.735432
                    ],
                    [
                        -103.374062,
                        20.735429
                    ],
                    [
                        -103.374041,
                        20.735456
                    ],
                    [
                        -103.373981,
                        20.73576
                    ],
                    [
                        -103.373972,
                        20.735819
                    ],
                    [
                        -103.373955,
                        20.735843
                    ]
                ]
            },
            "properties": {
                "name": "Privada Ingeniero Hugo Vázquez Reyes",
                "Grupo": "Avenidas y Calles",
                "@id": "5371413e-73d7-11f1-9fc4-1b090db46800"
            },
            "bbox": [
                -103.375666,
                20.735429,
                -103.373955,
                20.735977
            ]
        },
        {
            "type": "Feature",
            "geometry": {
                "type": "LineString",
                "coordinates": [
                    [
                        -103.37794,
                        20.727917
                    ],
                    [
                        -103.377594,
                        20.729045
                    ],
                    [
                        -103.376951,
                        20.731346
                    ]
                ]
            },
            "properties": {
                "name": "Av. Enrique Diaz de León Norte ",
                "Grupo": "Avenidas y Calles",
                "@id": "5371413f-73d7-11f1-9fc4-1b090db46800"
            },
            "bbox": [
                -103.37794,
                20.727917,
                -103.376951,
                20.731346
            ]
        },
        {
            "type": "Feature",
            "geometry": {
                "type": "LineString",
                "coordinates": [
                    [
                        -103.386344,
                        20.726992
                    ],
                    [
                        -103.385212,
                        20.731648
                    ]
                ]
            },
            "properties": {
                "name": "Prolongación Los Laureles",
                "Grupo": "Avenidas y Calles",
                "@id": "53714140-73d7-11f1-9fc4-1b090db46800"
            },
            "bbox": [
                -103.386344,
                20.726992,
                -103.385212,
                20.731648
            ]
        },
        {
            "type": "Feature",
            "geometry": {
                "type": "LineString",
                "coordinates": [
                    [
                        -103.377969,
                        20.727943
                    ],
                    [
                        -103.379258,
                        20.728247
                    ],
                    [
                        -103.379994,
                        20.728461
                    ],
                    [
                        -103.380385,
                        20.728631
                    ],
                    [
                        -103.381588,
                        20.72956
                    ],
                    [
                        -103.382209,
                        20.729836
                    ],
                    [
                        -103.3843,
                        20.730176
                    ],
                    [
                        -103.385513,
                        20.730372
                    ]
                ]
            },
            "properties": {
                "name": "Av. Doctor Luis Farah",
                "Grupo": "Avenidas y Calles",
                "@id": "53714141-73d7-11f1-9fc4-1b090db46800"
            },
            "bbox": [
                -103.385513,
                20.727943,
                -103.377969,
                20.730372
            ]
        },
        {
            "type": "Feature",
            "geometry": {
                "type": "LineString",
                "coordinates": [
                    [
                        -103.380237,
                        20.731959
                    ],
                    [
                        -103.3808,
                        20.731414
                    ],
                    [
                        -103.381564,
                        20.730557
                    ],
                    [
                        -103.382204,
                        20.729869
                    ]
                ]
            },
            "properties": {
                "name": "Av. Dr. J. Simeón Uría",
                "Grupo": "Avenidas y Calles",
                "@id": "53714142-73d7-11f1-9fc4-1b090db46800"
            },
            "bbox": [
                -103.382204,
                20.729869,
                -103.380237,
                20.731959
            ]
        },
        {
            "type": "Feature",
            "geometry": {
                "type": "LineString",
                "coordinates": [
                    [
                        -103.368132,
                        20.735768
                    ],
                    [
                        -103.372586,
                        20.736955
                    ],
                    [
                        -103.373009,
                        20.737131
                    ],
                    [
                        -103.37425,
                        20.7375
                    ],
                    [
                        -103.375623,
                        20.737875
                    ],
                    [
                        -103.37699,
                        20.738229
                    ],
                    [
                        -103.378768,
                        20.738683
                    ],
                    [
                        -103.380537,
                        20.739165
                    ],
                    [
                        -103.382302,
                        20.739678
                    ],
                    [
                        -103.382765,
                        20.73981
                    ],
                    [
                        -103.383463,
                        20.740005
                    ],
                    [
                        -103.38389,
                        20.740124
                    ]
                ]
            },
            "properties": {
                "name": "Anillo Periférico Norte Oeste",
                "Grupo": "Periférico",
                "@id": "53714143-73d7-11f1-9fc4-1b090db46800"
            },
            "bbox": [
                -103.38389,
                20.735768,
                -103.368132,
                20.740124
            ]
        },
        {
            "type": "Feature",
            "geometry": {
                "type": "LineString",
                "coordinates": [
                    [
                        -103.372591,
                        20.736933
                    ],
                    [
                        -103.373266,
                        20.737143
                    ],
                    [
                        -103.373983,
                        20.737343
                    ],
                    [
                        -103.375698,
                        20.737733
                    ],
                    [
                        -103.37871,
                        20.738544
                    ],
                    [
                        -103.3812,
                        20.739205
                    ],
                    [
                        -103.383418,
                        20.739791
                    ],
                    [
                        -103.384687,
                        20.740126
                    ]
                ]
            },
            "properties": {
                "name": "Anillo Periférico Norte Oeste",
                "Grupo": "Periférico",
                "@id": "53714144-73d7-11f1-9fc4-1b090db46800"
            },
            "bbox": [
                -103.384687,
                20.736933,
                -103.372591,
                20.740126
            ]
        },
        {
            "type": "Feature",
            "geometry": {
                "type": "LineString",
                "coordinates": [
                    [
                        -103.384975,
                        20.74001
                    ],
                    [
                        -103.383717,
                        20.739688
                    ],
                    [
                        -103.382707,
                        20.739387
                    ],
                    [
                        -103.381143,
                        20.738988
                    ],
                    [
                        -103.380455,
                        20.738799
                    ],
                    [
                        -103.377624,
                        20.737997
                    ],
                    [
                        -103.376942,
                        20.737805
                    ],
                    [
                        -103.375907,
                        20.737511
                    ],
                    [
                        -103.374869,
                        20.737279
                    ],
                    [
                        -103.37392,
                        20.737082
                    ],
                    [
                        -103.373079,
                        20.736864
                    ],
                    [
                        -103.372327,
                        20.736665
                    ]
                ]
            },
            "properties": {
                "name": "Anillo Periférico Norte Este",
                "Grupo": "Periférico",
                "@id": "53714145-73d7-11f1-9fc4-1b090db46800"
            },
            "bbox": [
                -103.384975,
                20.736665,
                -103.372327,
                20.74001
            ]
        },
        {
            "type": "Feature",
            "geometry": {
                "type": "LineString",
                "coordinates": [
                    [
                        -103.385388,
                        20.739893
                    ],
                    [
                        -103.38521,
                        20.739881
                    ],
                    [
                        -103.384814,
                        20.739804
                    ],
                    [
                        -103.383685,
                        20.739518
                    ],
                    [
                        -103.383359,
                        20.739452
                    ],
                    [
                        -103.383198,
                        20.739475
                    ],
                    [
                        -103.383123,
                        20.739614
                    ],
                    [
                        -103.383119,
                        20.739761
                    ],
                    [
                        -103.383206,
                        20.739862
                    ],
                    [
                        -103.383425,
                        20.739912
                    ],
                    [
                        -103.38409,
                        20.740055
                    ],
                    [
                        -103.384607,
                        20.74019
                    ]
                ]
            },
            "properties": {
                "name": "Retorno 1",
                "Grupo": "Rampas",
                "@id": "53714146-73d7-11f1-9fc4-1b090db46800"
            },
            "bbox": [
                -103.385388,
                20.739452,
                -103.383119,
                20.74019
            ]
        },
        {
            "type": "Feature",
            "geometry": {
                "type": "LineString",
                "coordinates": [
                    [
                        -103.380284,
                        20.739097
                    ],
                    [
                        -103.380406,
                        20.739107
                    ],
                    [
                        -103.380525,
                        20.739069
                    ],
                    [
                        -103.380607,
                        20.73901
                    ],
                    [
                        -103.380645,
                        20.738923
                    ],
                    [
                        -103.380663,
                        20.738829
                    ],
                    [
                        -103.380584,
                        20.738711
                    ],
                    [
                        -103.380428,
                        20.738595
                    ],
                    [
                        -103.380292,
                        20.738521
                    ]
                ]
            },
            "properties": {
                "name": "Retorno  2",
                "Grupo": "Rampas",
                "@id": "53714147-73d7-11f1-9fc4-1b090db46800"
            },
            "bbox": [
                -103.380663,
                20.738521,
                -103.380284,
                20.739107
            ]
        },
        {
            "type": "Feature",
            "geometry": {
                "type": "LineString",
                "coordinates": [
                    [
                        -103.376004,
                        20.737414
                    ],
                    [
                        -103.375795,
                        20.73736
                    ],
                    [
                        -103.375661,
                        20.737356
                    ],
                    [
                        -103.375548,
                        20.737388
                    ],
                    [
                        -103.375445,
                        20.737462
                    ],
                    [
                        -103.3754,
                        20.737565
                    ],
                    [
                        -103.375424,
                        20.737645
                    ],
                    [
                        -103.375466,
                        20.737725
                    ],
                    [
                        -103.375599,
                        20.737828
                    ],
                    [
                        -103.375754,
                        20.737911
                    ]
                ]
            },
            "properties": {
                "name": "Retorno 3",
                "Grupo": "Rampas",
                "@id": "53714148-73d7-11f1-9fc4-1b090db46800"
            },
            "bbox": [
                -103.376004,
                20.737356,
                -103.3754,
                20.737911
            ]
        },
        {
            "type": "Feature",
            "geometry": {
                "type": "LineString",
                "coordinates": [
                    [
                        -103.382934,
                        20.739223
                    ],
                    [
                        -103.382184,
                        20.739128
                    ],
                    [
                        -103.381657,
                        20.739026
                    ],
                    [
                        -103.381281,
                        20.739026
                    ]
                ]
            },
            "properties": {
                "name": "Rampa 1",
                "Grupo": "Rampas",
                "@id": "53714149-73d7-11f1-9fc4-1b090db46800"
            },
            "bbox": [
                -103.382934,
                20.739026,
                -103.381281,
                20.739223
            ]
        },
        {
            "type": "Feature",
            "geometry": {
                "type": "LineString",
                "coordinates": [
                    [
                        -103.38113,
                        20.739202
                    ],
                    [
                        -103.381367,
                        20.739304
                    ],
                    [
                        -103.381785,
                        20.739431
                    ],
                    [
                        -103.382128,
                        20.739515
                    ],
                    [
                        -103.382407,
                        20.739656
                    ],
                    [
                        -103.382719,
                        20.73979
                    ]
                ]
            },
            "properties": {
                "name": "Rampa 2",
                "Grupo": "Rampas",
                "@id": "5371414a-73d7-11f1-9fc4-1b090db46800"
            },
            "bbox": [
                -103.382719,
                20.739202,
                -103.38113,
                20.73979
            ]
        },
        {
            "type": "Feature",
            "geometry": {
                "type": "LineString",
                "coordinates": [
                    [
                        -103.377494,
                        20.738349
                    ],
                    [
                        -103.377644,
                        20.738359
                    ],
                    [
                        -103.377882,
                        20.738386
                    ],
                    [
                        -103.378257,
                        20.738483
                    ],
                    [
                        -103.378611,
                        20.738583
                    ],
                    [
                        -103.379081,
                        20.738688
                    ],
                    [
                        -103.379493,
                        20.738753
                    ]
                ]
            },
            "properties": {
                "name": "Rampa 3",
                "Grupo": "Rampas",
                "@id": "5371414b-73d7-11f1-9fc4-1b090db46800"
            },
            "bbox": [
                -103.379493,
                20.738349,
                -103.377494,
                20.738753
            ]
        },
        {
            "type": "Feature",
            "geometry": {
                "type": "LineString",
                "coordinates": [
                    [
                        -103.384828,
                        20.731926
                    ],
                    [
                        -103.384792,
                        20.732247
                    ],
                    [
                        -103.384314,
                        20.733528
                    ],
                    [
                        -103.383952,
                        20.734607
                    ],
                    [
                        -103.3837,
                        20.735215
                    ],
                    [
                        -103.383492,
                        20.735982
                    ],
                    [
                        -103.383117,
                        20.738472
                    ],
                    [
                        -103.38299,
                        20.739223
                    ]
                ]
            },
            "properties": {
                "name": "Prolongación los Laureles",
                "Grupo": "Avenidas y Calles",
                "@id": "5371414c-73d7-11f1-9fc4-1b090db46800"
            },
            "bbox": [
                -103.384828,
                20.731926,
                -103.38299,
                20.739223
            ]
        },
        {
            "type": "Feature",
            "geometry": {
                "type": "LineString",
                "coordinates": [
                    [
                        -103.378572,
                        20.738638
                    ],
                    [
                        -103.37848,
                        20.738988
                    ],
                    [
                        -103.378056,
                        20.740852
                    ],
                    [
                        -103.377798,
                        20.742082
                    ],
                    [
                        -103.377406,
                        20.743654
                    ],
                    [
                        -103.377148,
                        20.74467
                    ],
                    [
                        -103.376924,
                        20.744964
                    ]
                ]
            },
            "properties": {
                "name": "Prolongación José Parres",
                "Grupo": "Avenidas y Calles",
                "@id": "5371414d-73d7-11f1-9fc4-1b090db46800"
            },
            "bbox": [
                -103.378572,
                20.738638,
                -103.376924,
                20.744964
            ]
        },
        {
            "type": "Feature",
            "geometry": {
                "type": "LineString",
                "coordinates": [
                    [
                        -103.382007,
                        20.742731
                    ],
                    [
                        -103.381525,
                        20.742693
                    ],
                    [
                        -103.380567,
                        20.742604
                    ],
                    [
                        -103.38001,
                        20.742509
                    ],
                    [
                        -103.379833,
                        20.742458
                    ],
                    [
                        -103.379752,
                        20.742172
                    ],
                    [
                        -103.379657,
                        20.741842
                    ],
                    [
                        -103.37946,
                        20.741696
                    ],
                    [
                        -103.378896,
                        20.741518
                    ],
                    [
                        -103.378135,
                        20.74134
                    ],
                    [
                        -103.377979,
                        20.741295
                    ]
                ]
            },
            "properties": {
                "name": "C. Peri CUCeA",
                "Grupo": "Avenidas y Calles",
                "@id": "5371414e-73d7-11f1-9fc4-1b090db46800"
            },
            "bbox": [
                -103.382007,
                20.741295,
                -103.377979,
                20.742731
            ]
        },
        {
            "type": "Feature",
            "geometry": {
                "type": "LineString",
                "coordinates": [
                    [
                        -103.375028,
                        20.740303
                    ],
                    [
                        -103.374608,
                        20.740306
                    ],
                    [
                        -103.372555,
                        20.740309
                    ],
                    [
                        -103.371987,
                        20.740322
                    ],
                    [
                        -103.371933,
                        20.737055
                    ]
                ]
            },
            "properties": {
                "name": "Av. Tabachines",
                "Grupo": "Avenidas y Calles",
                "@id": "5371414f-73d7-11f1-9fc4-1b090db46800"
            },
            "bbox": [
                -103.375028,
                20.737055,
                -103.371933,
                20.740322
            ]
        },
        {
            "type": "Feature",
            "geometry": {
                "type": "LineString",
                "coordinates": [
                    [
                        -103.368137,
                        20.736028
                    ],
                    [
                        -103.370464,
                        20.736609
                    ],
                    [
                        -103.371953,
                        20.737024
                    ],
                    [
                        -103.373319,
                        20.737402
                    ],
                    [
                        -103.37379,
                        20.737438
                    ],
                    [
                        -103.374251,
                        20.737517
                    ]
                ]
            },
            "properties": {
                "name": "C. Municipal",
                "Grupo": "Avenidas y Calles",
                "@id": "53714150-73d7-11f1-9fc4-1b090db46800"
            },
            "bbox": [
                -103.374251,
                20.736028,
                -103.368137,
                20.737517
            ]
        },
        {
            "type": "Feature",
            "geometry": {
                "type": "Polygon",
                "coordinates": [
                    [
                        [
                            -103.454918,
                            20.687395
                        ],
                        [
                            -103.454919,
                            20.687417
                        ],
                        [
                            -103.454921,
                            20.68744
                        ],
                        [
                            -103.454925,
                            20.687462
                        ],
                        [
                            -103.45493,
                            20.687484
                        ],
                        [
                            -103.454937,
                            20.687505
                        ],
                        [
                            -103.454945,
                            20.687526
                        ],
                        [
                            -103.454954,
                            20.687547
                        ],
                        [
                            -103.454965,
                            20.687567
                        ],
                        [
                            -103.454978,
                            20.687586
                        ],
                        [
                            -103.454991,
                            20.687605
                        ],
                        [
                            -103.455006,
                            20.687622
                        ],
                        [
                            -103.455022,
                            20.687639
                        ],
                        [
                            -103.455038,
                            20.687655
                        ],
                        [
                            -103.455056,
                            20.68767
                        ],
                        [
                            -103.455075,
                            20.687684
                        ],
                        [
                            -103.455095,
                            20.687696
                        ],
                        [
                            -103.455116,
                            20.687708
                        ],
                        [
                            -103.455137,
                            20.687718
                        ],
                        [
                            -103.455159,
                            20.687727
                        ],
                        [
                            -103.455182,
                            20.687734
                        ],
                        [
                            -103.455205,
                            20.687741
                        ],
                        [
                            -103.455228,
                            20.687745
                        ],
                        [
                            -103.455252,
                            20.687749
                        ],
                        [
                            -103.455276,
                            20.687751
                        ],
                        [
                            -103.4553,
                            20.687752
                        ],
                        [
                            -103.455323,
                            20.687751
                        ],
                        [
                            -103.455347,
                            20.687749
                        ],
                        [
                            -103.455371,
                            20.687745
                        ],
                        [
                            -103.455394,
                            20.687741
                        ],
                        [
                            -103.455417,
                            20.687734
                        ],
                        [
                            -103.45544,
                            20.687727
                        ],
                        [
                            -103.455462,
                            20.687718
                        ],
                        [
                            -103.455483,
                            20.687708
                        ],
                        [
                            -103.455504,
                            20.687696
                        ],
                        [
                            -103.455524,
                            20.687684
                        ],
                        [
                            -103.455543,
                            20.68767
                        ],
                        [
                            -103.455561,
                            20.687655
                        ],
                        [
                            -103.455577,
                            20.687639
                        ],
                        [
                            -103.455593,
                            20.687622
                        ],
                        [
                            -103.455608,
                            20.687605
                        ],
                        [
                            -103.455621,
                            20.687586
                        ],
                        [
                            -103.455634,
                            20.687567
                        ],
                        [
                            -103.455645,
                            20.687547
                        ],
                        [
                            -103.455654,
                            20.687526
                        ],
                        [
                            -103.455662,
                            20.687505
                        ],
                        [
                            -103.455669,
                            20.687484
                        ],
                        [
                            -103.455674,
                            20.687462
                        ],
                        [
                            -103.455678,
                            20.68744
                        ],
                        [
                            -103.45568,
                            20.687417
                        ],
                        [
                            -103.455681,
                            20.687395
                        ],
                        [
                            -103.45568,
                            20.687373
                        ],
                        [
                            -103.455678,
                            20.68735
                        ],
                        [
                            -103.455674,
                            20.687328
                        ],
                        [
                            -103.455669,
                            20.687306
                        ],
                        [
                            -103.455662,
                            20.687285
                        ],
                        [
                            -103.455654,
                            20.687264
                        ],
                        [
                            -103.455645,
                            20.687243
                        ],
                        [
                            -103.455634,
                            20.687223
                        ],
                        [
                            -103.455621,
                            20.687204
                        ],
                        [
                            -103.455608,
                            20.687185
                        ],
                        [
                            -103.455593,
                            20.687168
                        ],
                        [
                            -103.455577,
                            20.687151
                        ],
                        [
                            -103.455561,
                            20.687135
                        ],
                        [
                            -103.455543,
                            20.68712
                        ],
                        [
                            -103.455524,
                            20.687106
                        ],
                        [
                            -103.455504,
                            20.687094
                        ],
                        [
                            -103.455483,
                            20.687082
                        ],
                        [
                            -103.455462,
                            20.687072
                        ],
                        [
                            -103.45544,
                            20.687063
                        ],
                        [
                            -103.455417,
                            20.687056
                        ],
                        [
                            -103.455394,
                            20.687049
                        ],
                        [
                            -103.455371,
                            20.687045
                        ],
                        [
                            -103.455347,
                            20.687041
                        ],
                        [
                            -103.455323,
                            20.687039
                        ],
                        [
                            -103.4553,
                            20.687038
                        ],
                        [
                            -103.455276,
                            20.687039
                        ],
                        [
                            -103.455252,
                            20.687041
                        ],
                        [
                            -103.455228,
                            20.687045
                        ],
                        [
                            -103.455205,
                            20.687049
                        ],
                        [
                            -103.455182,
                            20.687056
                        ],
                        [
                            -103.455159,
                            20.687063
                        ],
                        [
                            -103.455137,
                            20.687072
                        ],
                        [
                            -103.455116,
                            20.687082
                        ],
                        [
                            -103.455095,
                            20.687094
                        ],
                        [
                            -103.455075,
                            20.687106
                        ],
                        [
                            -103.455056,
                            20.68712
                        ],
                        [
                            -103.455038,
                            20.687135
                        ],
                        [
                            -103.455022,
                            20.687151
                        ],
                        [
                            -103.455006,
                            20.687168
                        ],
                        [
                            -103.454991,
                            20.687185
                        ],
                        [
                            -103.454978,
                            20.687204
                        ],
                        [
                            -103.454965,
                            20.687223
                        ],
                        [
                            -103.454954,
                            20.687243
                        ],
                        [
                            -103.454945,
                            20.687264
                        ],
                        [
                            -103.454937,
                            20.687285
                        ],
                        [
                            -103.45493,
                            20.687306
                        ],
                        [
                            -103.454925,
                            20.687328
                        ],
                        [
                            -103.454921,
                            20.68735
                        ],
                        [
                            -103.454918,
                            20.687395
                        ]
                    ]
                ]
            },
            "properties": {
                "@circle": {
                    "type": "Mercator",
                    "center": [
                        -103.4552995,
                        20.687395
                    ]
                },
                "name": "Demanda pax 5",
                "Grupo": "Demanda TP",
                "demanda": 1,
                "visibility": true,
                "@id": "53714151-73d7-11f1-9fc4-1b090db46800"
            },
            "bbox": [
                -103.455681,
                20.687038,
                -103.454918,
                20.687752
            ]
        },
        {
            "type": "Feature",
            "geometry": {
                "type": "Polygon",
                "coordinates": [
                    [
                        [
                            -103.454802,
                            20.680697
                        ],
                        [
                            -103.454803,
                            20.680721
                        ],
                        [
                            -103.454805,
                            20.680745
                        ],
                        [
                            -103.454809,
                            20.680769
                        ],
                        [
                            -103.454815,
                            20.680793
                        ],
                        [
                            -103.454822,
                            20.680816
                        ],
                        [
                            -103.454831,
                            20.680839
                        ],
                        [
                            -103.454841,
                            20.680861
                        ],
                        [
                            -103.454853,
                            20.680882
                        ],
                        [
                            -103.454866,
                            20.680903
                        ],
                        [
                            -103.454881,
                            20.680923
                        ],
                        [
                            -103.454897,
                            20.680943
                        ],
                        [
                            -103.454914,
                            20.680961
                        ],
                        [
                            -103.454932,
                            20.680978
                        ],
                        [
                            -103.454952,
                            20.680994
                        ],
                        [
                            -103.454972,
                            20.681009
                        ],
                        [
                            -103.454993,
                            20.681022
                        ],
                        [
                            -103.455016,
                            20.681035
                        ],
                        [
                            -103.455039,
                            20.681046
                        ],
                        [
                            -103.455063,
                            20.681055
                        ],
                        [
                            -103.455087,
                            20.681064
                        ],
                        [
                            -103.455112,
                            20.68107
                        ],
                        [
                            -103.455137,
                            20.681076
                        ],
                        [
                            -103.455163,
                            20.681079
                        ],
                        [
                            -103.455189,
                            20.681082
                        ],
                        [
                            -103.455214,
                            20.681082
                        ],
                        [
                            -103.45524,
                            20.681082
                        ],
                        [
                            -103.455266,
                            20.681079
                        ],
                        [
                            -103.455292,
                            20.681076
                        ],
                        [
                            -103.455317,
                            20.68107
                        ],
                        [
                            -103.455342,
                            20.681064
                        ],
                        [
                            -103.455366,
                            20.681055
                        ],
                        [
                            -103.45539,
                            20.681046
                        ],
                        [
                            -103.455413,
                            20.681035
                        ],
                        [
                            -103.455435,
                            20.681022
                        ],
                        [
                            -103.455457,
                            20.681009
                        ],
                        [
                            -103.455477,
                            20.680994
                        ],
                        [
                            -103.455497,
                            20.680978
                        ],
                        [
                            -103.455515,
                            20.680961
                        ],
                        [
                            -103.455532,
                            20.680943
                        ],
                        [
                            -103.455548,
                            20.680923
                        ],
                        [
                            -103.455563,
                            20.680903
                        ],
                        [
                            -103.455576,
                            20.680882
                        ],
                        [
                            -103.455588,
                            20.680861
                        ],
                        [
                            -103.455598,
                            20.680839
                        ],
                        [
                            -103.455607,
                            20.680816
                        ],
                        [
                            -103.455614,
                            20.680793
                        ],
                        [
                            -103.45562,
                            20.680769
                        ],
                        [
                            -103.455624,
                            20.680745
                        ],
                        [
                            -103.455626,
                            20.680721
                        ],
                        [
                            -103.455627,
                            20.680697
                        ],
                        [
                            -103.455626,
                            20.680672
                        ],
                        [
                            -103.455624,
                            20.680648
                        ],
                        [
                            -103.45562,
                            20.680624
                        ],
                        [
                            -103.455614,
                            20.680601
                        ],
                        [
                            -103.455607,
                            20.680577
                        ],
                        [
                            -103.455598,
                            20.680555
                        ],
                        [
                            -103.455588,
                            20.680532
                        ],
                        [
                            -103.455576,
                            20.680511
                        ],
                        [
                            -103.455563,
                            20.68049
                        ],
                        [
                            -103.455548,
                            20.68047
                        ],
                        [
                            -103.455532,
                            20.680451
                        ],
                        [
                            -103.455515,
                            20.680432
                        ],
                        [
                            -103.455497,
                            20.680415
                        ],
                        [
                            -103.455477,
                            20.680399
                        ],
                        [
                            -103.455457,
                            20.680384
                        ],
                        [
                            -103.455435,
                            20.680371
                        ],
                        [
                            -103.455413,
                            20.680358
                        ],
                        [
                            -103.45539,
                            20.680347
                        ],
                        [
                            -103.455366,
                            20.680338
                        ],
                        [
                            -103.455342,
                            20.68033
                        ],
                        [
                            -103.455317,
                            20.680323
                        ],
                        [
                            -103.455292,
                            20.680318
                        ],
                        [
                            -103.455266,
                            20.680314
                        ],
                        [
                            -103.45524,
                            20.680312
                        ],
                        [
                            -103.455214,
                            20.680311
                        ],
                        [
                            -103.455189,
                            20.680312
                        ],
                        [
                            -103.455163,
                            20.680314
                        ],
                        [
                            -103.455137,
                            20.680318
                        ],
                        [
                            -103.455112,
                            20.680323
                        ],
                        [
                            -103.455087,
                            20.68033
                        ],
                        [
                            -103.455063,
                            20.680338
                        ],
                        [
                            -103.455039,
                            20.680347
                        ],
                        [
                            -103.455016,
                            20.680358
                        ],
                        [
                            -103.454993,
                            20.680371
                        ],
                        [
                            -103.454972,
                            20.680384
                        ],
                        [
                            -103.454952,
                            20.680399
                        ],
                        [
                            -103.454932,
                            20.680415
                        ],
                        [
                            -103.454914,
                            20.680432
                        ],
                        [
                            -103.454897,
                            20.680451
                        ],
                        [
                            -103.454881,
                            20.68047
                        ],
                        [
                            -103.454866,
                            20.68049
                        ],
                        [
                            -103.454853,
                            20.680511
                        ],
                        [
                            -103.454841,
                            20.680532
                        ],
                        [
                            -103.454831,
                            20.680555
                        ],
                        [
                            -103.454822,
                            20.680577
                        ],
                        [
                            -103.454815,
                            20.680601
                        ],
                        [
                            -103.454809,
                            20.680624
                        ],
                        [
                            -103.454805,
                            20.680648
                        ],
                        [
                            -103.454802,
                            20.680697
                        ]
                    ]
                ]
            },
            "properties": {
                "@circle": {
                    "type": "Mercator",
                    "center": [
                        -103.4552144,
                        20.6806966
                    ]
                },
                "name": "Demanda pax 6",
                "Grupo": "Demanda TP",
                "demanda": 1,
                "visibility": true,
                "@id": "53714152-73d7-11f1-9fc4-1b090db46800"
            },
            "bbox": [
                -103.455627,
                20.680311,
                -103.454802,
                20.681082
            ]
        },
        {
            "type": "Feature",
            "geometry": {
                "type": "Polygon",
                "coordinates": [
                    [
                        [
                            -103.454817,
                            20.675126
                        ],
                        [
                            -103.454818,
                            20.675148
                        ],
                        [
                            -103.45482,
                            20.675169
                        ],
                        [
                            -103.454824,
                            20.675191
                        ],
                        [
                            -103.454829,
                            20.675212
                        ],
                        [
                            -103.454835,
                            20.675232
                        ],
                        [
                            -103.454843,
                            20.675253
                        ],
                        [
                            -103.454852,
                            20.675273
                        ],
                        [
                            -103.454863,
                            20.675292
                        ],
                        [
                            -103.454874,
                            20.67531
                        ],
                        [
                            -103.454887,
                            20.675328
                        ],
                        [
                            -103.454901,
                            20.675345
                        ],
                        [
                            -103.454917,
                            20.675362
                        ],
                        [
                            -103.454933,
                            20.675377
                        ],
                        [
                            -103.45495,
                            20.675391
                        ],
                        [
                            -103.454969,
                            20.675404
                        ],
                        [
                            -103.454988,
                            20.675417
                        ],
                        [
                            -103.455008,
                            20.675428
                        ],
                        [
                            -103.455028,
                            20.675437
                        ],
                        [
                            -103.455049,
                            20.675446
                        ],
                        [
                            -103.455071,
                            20.675453
                        ],
                        [
                            -103.455093,
                            20.675459
                        ],
                        [
                            -103.455116,
                            20.675464
                        ],
                        [
                            -103.455139,
                            20.675467
                        ],
                        [
                            -103.455162,
                            20.675469
                        ],
                        [
                            -103.455185,
                            20.67547
                        ],
                        [
                            -103.455208,
                            20.675469
                        ],
                        [
                            -103.455231,
                            20.675467
                        ],
                        [
                            -103.455254,
                            20.675464
                        ],
                        [
                            -103.455276,
                            20.675459
                        ],
                        [
                            -103.455298,
                            20.675453
                        ],
                        [
                            -103.45532,
                            20.675446
                        ],
                        [
                            -103.455341,
                            20.675437
                        ],
                        [
                            -103.455362,
                            20.675428
                        ],
                        [
                            -103.455382,
                            20.675417
                        ],
                        [
                            -103.455401,
                            20.675404
                        ],
                        [
                            -103.455419,
                            20.675391
                        ],
                        [
                            -103.455436,
                            20.675377
                        ],
                        [
                            -103.455453,
                            20.675362
                        ],
                        [
                            -103.455468,
                            20.675345
                        ],
                        [
                            -103.455482,
                            20.675328
                        ],
                        [
                            -103.455495,
                            20.67531
                        ],
                        [
                            -103.455507,
                            20.675292
                        ],
                        [
                            -103.455517,
                            20.675273
                        ],
                        [
                            -103.455527,
                            20.675253
                        ],
                        [
                            -103.455534,
                            20.675232
                        ],
                        [
                            -103.455541,
                            20.675212
                        ],
                        [
                            -103.455546,
                            20.675191
                        ],
                        [
                            -103.45555,
                            20.675169
                        ],
                        [
                            -103.455552,
                            20.675148
                        ],
                        [
                            -103.455552,
                            20.675126
                        ],
                        [
                            -103.455552,
                            20.675105
                        ],
                        [
                            -103.45555,
                            20.675083
                        ],
                        [
                            -103.455546,
                            20.675062
                        ],
                        [
                            -103.455541,
                            20.675041
                        ],
                        [
                            -103.455534,
                            20.67502
                        ],
                        [
                            -103.455527,
                            20.675
                        ],
                        [
                            -103.455517,
                            20.67498
                        ],
                        [
                            -103.455507,
                            20.67496
                        ],
                        [
                            -103.455495,
                            20.674942
                        ],
                        [
                            -103.455482,
                            20.674924
                        ],
                        [
                            -103.455468,
                            20.674907
                        ],
                        [
                            -103.455453,
                            20.674891
                        ],
                        [
                            -103.455436,
                            20.674875
                        ],
                        [
                            -103.455419,
                            20.674861
                        ],
                        [
                            -103.455401,
                            20.674848
                        ],
                        [
                            -103.455382,
                            20.674836
                        ],
                        [
                            -103.455362,
                            20.674825
                        ],
                        [
                            -103.455341,
                            20.674815
                        ],
                        [
                            -103.45532,
                            20.674806
                        ],
                        [
                            -103.455298,
                            20.674799
                        ],
                        [
                            -103.455276,
                            20.674793
                        ],
                        [
                            -103.455254,
                            20.674788
                        ],
                        [
                            -103.455231,
                            20.674785
                        ],
                        [
                            -103.455208,
                            20.674783
                        ],
                        [
                            -103.455185,
                            20.674782
                        ],
                        [
                            -103.455162,
                            20.674783
                        ],
                        [
                            -103.455139,
                            20.674785
                        ],
                        [
                            -103.455116,
                            20.674788
                        ],
                        [
                            -103.455093,
                            20.674793
                        ],
                        [
                            -103.455071,
                            20.674799
                        ],
                        [
                            -103.455049,
                            20.674806
                        ],
                        [
                            -103.455028,
                            20.674815
                        ],
                        [
                            -103.455008,
                            20.674825
                        ],
                        [
                            -103.454988,
                            20.674836
                        ],
                        [
                            -103.454969,
                            20.674848
                        ],
                        [
                            -103.45495,
                            20.674861
                        ],
                        [
                            -103.454933,
                            20.674875
                        ],
                        [
                            -103.454917,
                            20.674891
                        ],
                        [
                            -103.454901,
                            20.674907
                        ],
                        [
                            -103.454887,
                            20.674924
                        ],
                        [
                            -103.454874,
                            20.674942
                        ],
                        [
                            -103.454863,
                            20.67496
                        ],
                        [
                            -103.454852,
                            20.67498
                        ],
                        [
                            -103.454843,
                            20.675
                        ],
                        [
                            -103.454835,
                            20.67502
                        ],
                        [
                            -103.454829,
                            20.675041
                        ],
                        [
                            -103.454824,
                            20.675062
                        ],
                        [
                            -103.45482,
                            20.675083
                        ],
                        [
                            -103.454817,
                            20.675126
                        ]
                    ]
                ]
            },
            "properties": {
                "@circle": {
                    "type": "Mercator",
                    "center": [
                        -103.4551847,
                        20.6751262
                    ]
                },
                "name": "Demanda pax 7",
                "Grupo": "Demanda TP",
                "demanda": 1,
                "visibility": true,
                "@id": "53714153-73d7-11f1-9fc4-1b090db46800"
            },
            "bbox": [
                -103.455552,
                20.674782,
                -103.454817,
                20.67547
            ]
        },
        {
            "type": "Feature",
            "geometry": {
                "type": "Polygon",
                "coordinates": [
                    [
                        [
                            -103.325747,
                            20.704015
                        ],
                        [
                            -103.325748,
                            20.704044
                        ],
                        [
                            -103.325751,
                            20.704074
                        ],
                        [
                            -103.325756,
                            20.704103
                        ],
                        [
                            -103.325763,
                            20.704132
                        ],
                        [
                            -103.325771,
                            20.70416
                        ],
                        [
                            -103.325782,
                            20.704188
                        ],
                        [
                            -103.325795,
                            20.704215
                        ],
                        [
                            -103.325809,
                            20.704241
                        ],
                        [
                            -103.325825,
                            20.704267
                        ],
                        [
                            -103.325843,
                            20.704291
                        ],
                        [
                            -103.325862,
                            20.704315
                        ],
                        [
                            -103.325883,
                            20.704337
                        ],
                        [
                            -103.325905,
                            20.704358
                        ],
                        [
                            -103.325929,
                            20.704377
                        ],
                        [
                            -103.325954,
                            20.704395
                        ],
                        [
                            -103.32598,
                            20.704412
                        ],
                        [
                            -103.326007,
                            20.704427
                        ],
                        [
                            -103.326036,
                            20.70444
                        ],
                        [
                            -103.326065,
                            20.704452
                        ],
                        [
                            -103.326094,
                            20.704462
                        ],
                        [
                            -103.326125,
                            20.70447
                        ],
                        [
                            -103.326156,
                            20.704477
                        ],
                        [
                            -103.326187,
                            20.704481
                        ],
                        [
                            -103.326218,
                            20.704484
                        ],
                        [
                            -103.32625,
                            20.704485
                        ],
                        [
                            -103.326281,
                            20.704484
                        ],
                        [
                            -103.326313,
                            20.704481
                        ],
                        [
                            -103.326344,
                            20.704477
                        ],
                        [
                            -103.326375,
                            20.70447
                        ],
                        [
                            -103.326405,
                            20.704462
                        ],
                        [
                            -103.326435,
                            20.704452
                        ],
                        [
                            -103.326464,
                            20.70444
                        ],
                        [
                            -103.326492,
                            20.704427
                        ],
                        [
                            -103.326519,
                            20.704412
                        ],
                        [
                            -103.326545,
                            20.704395
                        ],
                        [
                            -103.32657,
                            20.704377
                        ],
                        [
                            -103.326594,
                            20.704358
                        ],
                        [
                            -103.326616,
                            20.704337
                        ],
                        [
                            -103.326637,
                            20.704315
                        ],
                        [
                            -103.326657,
                            20.704291
                        ],
                        [
                            -103.326674,
                            20.704267
                        ],
                        [
                            -103.326691,
                            20.704241
                        ],
                        [
                            -103.326705,
                            20.704215
                        ],
                        [
                            -103.326717,
                            20.704188
                        ],
                        [
                            -103.326728,
                            20.70416
                        ],
                        [
                            -103.326737,
                            20.704132
                        ],
                        [
                            -103.326744,
                            20.704103
                        ],
                        [
                            -103.326749,
                            20.704074
                        ],
                        [
                            -103.326752,
                            20.704044
                        ],
                        [
                            -103.326753,
                            20.704015
                        ],
                        [
                            -103.326752,
                            20.703985
                        ],
                        [
                            -103.326749,
                            20.703956
                        ],
                        [
                            -103.326744,
                            20.703926
                        ],
                        [
                            -103.326737,
                            20.703898
                        ],
                        [
                            -103.326728,
                            20.703869
                        ],
                        [
                            -103.326717,
                            20.703841
                        ],
                        [
                            -103.326705,
                            20.703814
                        ],
                        [
                            -103.326691,
                            20.703788
                        ],
                        [
                            -103.326674,
                            20.703763
                        ],
                        [
                            -103.326657,
                            20.703738
                        ],
                        [
                            -103.326637,
                            20.703715
                        ],
                        [
                            -103.326616,
                            20.703693
                        ],
                        [
                            -103.326594,
                            20.703672
                        ],
                        [
                            -103.32657,
                            20.703652
                        ],
                        [
                            -103.326545,
                            20.703634
                        ],
                        [
                            -103.326519,
                            20.703617
                        ],
                        [
                            -103.326492,
                            20.703602
                        ],
                        [
                            -103.326464,
                            20.703589
                        ],
                        [
                            -103.326435,
                            20.703577
                        ],
                        [
                            -103.326405,
                            20.703567
                        ],
                        [
                            -103.326375,
                            20.703559
                        ],
                        [
                            -103.326344,
                            20.703552
                        ],
                        [
                            -103.326313,
                            20.703548
                        ],
                        [
                            -103.326281,
                            20.703545
                        ],
                        [
                            -103.32625,
                            20.703544
                        ],
                        [
                            -103.326218,
                            20.703545
                        ],
                        [
                            -103.326187,
                            20.703548
                        ],
                        [
                            -103.326156,
                            20.703552
                        ],
                        [
                            -103.326125,
                            20.703559
                        ],
                        [
                            -103.326094,
                            20.703567
                        ],
                        [
                            -103.326065,
                            20.703577
                        ],
                        [
                            -103.326036,
                            20.703589
                        ],
                        [
                            -103.326007,
                            20.703602
                        ],
                        [
                            -103.32598,
                            20.703617
                        ],
                        [
                            -103.325954,
                            20.703634
                        ],
                        [
                            -103.325929,
                            20.703652
                        ],
                        [
                            -103.325905,
                            20.703672
                        ],
                        [
                            -103.325883,
                            20.703693
                        ],
                        [
                            -103.325862,
                            20.703715
                        ],
                        [
                            -103.325843,
                            20.703738
                        ],
                        [
                            -103.325825,
                            20.703763
                        ],
                        [
                            -103.325809,
                            20.703788
                        ],
                        [
                            -103.325795,
                            20.703814
                        ],
                        [
                            -103.325782,
                            20.703841
                        ],
                        [
                            -103.325771,
                            20.703869
                        ],
                        [
                            -103.325763,
                            20.703898
                        ],
                        [
                            -103.325756,
                            20.703926
                        ],
                        [
                            -103.325751,
                            20.703956
                        ],
                        [
                            -103.325747,
                            20.704015
                        ]
                    ]
                ]
            },
            "properties": {
                "@circle": {
                    "type": "Mercator",
                    "center": [
                        -103.3262498,
                        20.7040146
                    ]
                },
                "name": "Demanda pax 8",
                "Grupo": "Demanda TP",
                "demanda": 1,
                "visibility": true,
                "@id": "53714154-73d7-11f1-9fc4-1b090db46800"
            },
            "bbox": [
                -103.326753,
                20.703544,
                -103.325747,
                20.704485
            ]
        },
        {
            "type": "Feature",
            "geometry": {
                "type": "Polygon",
                "coordinates": [
                    [
                        [
                            -103.392618,
                            20.654055
                        ],
                        [
                            -103.392807,
                            20.653922
                        ],
                        [
                            -103.392752,
                            20.653796
                        ],
                        [
                            -103.392811,
                            20.653741
                        ],
                        [
                            -103.392713,
                            20.653597
                        ],
                        [
                            -103.392804,
                            20.653553
                        ],
                        [
                            -103.392713,
                            20.653416
                        ],
                        [
                            -103.392792,
                            20.653361
                        ],
                        [
                            -103.392697,
                            20.653206
                        ],
                        [
                            -103.392776,
                            20.653173
                        ],
                        [
                            -103.392701,
                            20.653048
                        ],
                        [
                            -103.392772,
                            20.653
                        ],
                        [
                            -103.392484,
                            20.65255
                        ],
                        [
                            -103.392646,
                            20.652443
                        ],
                        [
                            -103.392445,
                            20.652089
                        ],
                        [
                            -103.392311,
                            20.651886
                        ],
                        [
                            -103.392134,
                            20.651971
                        ],
                        [
                            -103.392055,
                            20.651864
                        ],
                        [
                            -103.391803,
                            20.651993
                        ],
                        [
                            -103.3917,
                            20.651853
                        ],
                        [
                            -103.390865,
                            20.652284
                        ],
                        [
                            -103.390612,
                            20.65193
                        ],
                        [
                            -103.390522,
                            20.651971
                        ],
                        [
                            -103.39012,
                            20.651949
                        ],
                        [
                            -103.390017,
                            20.652011
                        ],
                        [
                            -103.389844,
                            20.652126
                        ],
                        [
                            -103.389675,
                            20.652203
                        ],
                        [
                            -103.389548,
                            20.652318
                        ],
                        [
                            -103.389749,
                            20.652653
                        ],
                        [
                            -103.38995,
                            20.653007
                        ],
                        [
                            -103.390356,
                            20.653593
                        ],
                        [
                            -103.390706,
                            20.653894
                        ],
                        [
                            -103.3909,
                            20.65401
                        ],
                        [
                            -103.391018,
                            20.654217
                        ],
                        [
                            -103.39133,
                            20.654239
                        ],
                        [
                            -103.391436,
                            20.654368
                        ],
                        [
                            -103.391759,
                            20.654527
                        ],
                        [
                            -103.392067,
                            20.654357
                        ],
                        [
                            -103.392618,
                            20.654055
                        ]
                    ]
                ]
            },
            "properties": {
                "name": "Expo GDL",
                "Grupo": "Recintos",
                "Aforo": 50000,
                "Parking": 1912,
                "Parking/Seat": 0.03,
                "@id": "53714155-73d7-11f1-9fc4-1b090db46800"
            },
            "bbox": [
                -103.392811,
                20.651853,
                -103.389548,
                20.654527
            ]
        },
        {
            "type": "Feature",
            "geometry": {
                "type": "Polygon",
                "coordinates": [
                    [
                        [
                            -103.362726,
                            20.734209
                        ],
                        [
                            -103.362726,
                            20.73423
                        ],
                        [
                            -103.362728,
                            20.73425
                        ],
                        [
                            -103.362732,
                            20.734271
                        ],
                        [
                            -103.362737,
                            20.734292
                        ],
                        [
                            -103.362743,
                            20.734312
                        ],
                        [
                            -103.362751,
                            20.734332
                        ],
                        [
                            -103.36276,
                            20.734351
                        ],
                        [
                            -103.36277,
                            20.73437
                        ],
                        [
                            -103.362781,
                            20.734388
                        ],
                        [
                            -103.362794,
                            20.734405
                        ],
                        [
                            -103.362808,
                            20.734422
                        ],
                        [
                            -103.362822,
                            20.734437
                        ],
                        [
                            -103.362838,
                            20.734452
                        ],
                        [
                            -103.362855,
                            20.734466
                        ],
                        [
                            -103.362873,
                            20.734479
                        ],
                        [
                            -103.362891,
                            20.734491
                        ],
                        [
                            -103.362911,
                            20.734501
                        ],
                        [
                            -103.362931,
                            20.734511
                        ],
                        [
                            -103.362951,
                            20.734519
                        ],
                        [
                            -103.362973,
                            20.734526
                        ],
                        [
                            -103.362994,
                            20.734532
                        ],
                        [
                            -103.363016,
                            20.734537
                        ],
                        [
                            -103.363038,
                            20.73454
                        ],
                        [
                            -103.363061,
                            20.734542
                        ],
                        [
                            -103.363083,
                            20.734543
                        ],
                        [
                            -103.363105,
                            20.734542
                        ],
                        [
                            -103.363128,
                            20.73454
                        ],
                        [
                            -103.36315,
                            20.734537
                        ],
                        [
                            -103.363172,
                            20.734532
                        ],
                        [
                            -103.363193,
                            20.734526
                        ],
                        [
                            -103.363215,
                            20.734519
                        ],
                        [
                            -103.363235,
                            20.734511
                        ],
                        [
                            -103.363255,
                            20.734501
                        ],
                        [
                            -103.363274,
                            20.734491
                        ],
                        [
                            -103.363293,
                            20.734479
                        ],
                        [
                            -103.363311,
                            20.734466
                        ],
                        [
                            -103.363328,
                            20.734452
                        ],
                        [
                            -103.363343,
                            20.734437
                        ],
                        [
                            -103.363358,
                            20.734422
                        ],
                        [
                            -103.363372,
                            20.734405
                        ],
                        [
                            -103.363385,
                            20.734388
                        ],
                        [
                            -103.363396,
                            20.73437
                        ],
                        [
                            -103.363406,
                            20.734351
                        ],
                        [
                            -103.363415,
                            20.734332
                        ],
                        [
                            -103.363423,
                            20.734312
                        ],
                        [
                            -103.363429,
                            20.734292
                        ],
                        [
                            -103.363434,
                            20.734271
                        ],
                        [
                            -103.363438,
                            20.73425
                        ],
                        [
                            -103.36344,
                            20.73423
                        ],
                        [
                            -103.36344,
                            20.734209
                        ],
                        [
                            -103.36344,
                            20.734188
                        ],
                        [
                            -103.363438,
                            20.734167
                        ],
                        [
                            -103.363434,
                            20.734146
                        ],
                        [
                            -103.363429,
                            20.734125
                        ],
                        [
                            -103.363423,
                            20.734105
                        ],
                        [
                            -103.363415,
                            20.734086
                        ],
                        [
                            -103.363406,
                            20.734066
                        ],
                        [
                            -103.363396,
                            20.734048
                        ],
                        [
                            -103.363385,
                            20.734029
                        ],
                        [
                            -103.363372,
                            20.734012
                        ],
                        [
                            -103.363358,
                            20.733996
                        ],
                        [
                            -103.363343,
                            20.73398
                        ],
                        [
                            -103.363328,
                            20.733965
                        ],
                        [
                            -103.363311,
                            20.733951
                        ],
                        [
                            -103.363293,
                            20.733938
                        ],
                        [
                            -103.363274,
                            20.733926
                        ],
                        [
                            -103.363255,
                            20.733916
                        ],
                        [
                            -103.363235,
                            20.733906
                        ],
                        [
                            -103.363215,
                            20.733898
                        ],
                        [
                            -103.363193,
                            20.733891
                        ],
                        [
                            -103.363172,
                            20.733885
                        ],
                        [
                            -103.36315,
                            20.73388
                        ],
                        [
                            -103.363128,
                            20.733877
                        ],
                        [
                            -103.363105,
                            20.733875
                        ],
                        [
                            -103.363083,
                            20.733874
                        ],
                        [
                            -103.363061,
                            20.733875
                        ],
                        [
                            -103.363038,
                            20.733877
                        ],
                        [
                            -103.363016,
                            20.73388
                        ],
                        [
                            -103.362994,
                            20.733885
                        ],
                        [
                            -103.362973,
                            20.733891
                        ],
                        [
                            -103.362951,
                            20.733898
                        ],
                        [
                            -103.362931,
                            20.733906
                        ],
                        [
                            -103.362911,
                            20.733916
                        ],
                        [
                            -103.362891,
                            20.733926
                        ],
                        [
                            -103.362873,
                            20.733938
                        ],
                        [
                            -103.362855,
                            20.733951
                        ],
                        [
                            -103.362838,
                            20.733965
                        ],
                        [
                            -103.362822,
                            20.73398
                        ],
                        [
                            -103.362808,
                            20.733996
                        ],
                        [
                            -103.362794,
                            20.734012
                        ],
                        [
                            -103.362781,
                            20.734029
                        ],
                        [
                            -103.36277,
                            20.734048
                        ],
                        [
                            -103.36276,
                            20.734066
                        ],
                        [
                            -103.362751,
                            20.734086
                        ],
                        [
                            -103.362743,
                            20.734105
                        ],
                        [
                            -103.362737,
                            20.734125
                        ],
                        [
                            -103.362732,
                            20.734146
                        ],
                        [
                            -103.362728,
                            20.734167
                        ],
                        [
                            -103.362726,
                            20.734209
                        ]
                    ]
                ]
            },
            "properties": {
                "@circle": {
                    "type": "Mercator",
                    "center": [
                        -103.363083,
                        20.7342085
                    ]
                },
                "name": "Demand pax 9",
                "Grupo": "Demanda TP",
                "demanda": 1,
                "visibility": true,
                "@id": "53714156-73d7-11f1-9fc4-1b090db46800"
            },
            "bbox": [
                -103.36344,
                20.733874,
                -103.362726,
                20.734543
            ]
        },
        {
            "type": "Feature",
            "geometry": {
                "type": "Polygon",
                "coordinates": [
                    [
                        [
                            -103.378231,
                            20.743115
                        ],
                        [
                            -103.378121,
                            20.74315
                        ],
                        [
                            -103.378066,
                            20.743161
                        ],
                        [
                            -103.377859,
                            20.743187
                        ],
                        [
                            -103.377584,
                            20.743203
                        ],
                        [
                            -103.377471,
                            20.743756
                        ],
                        [
                            -103.377878,
                            20.743691
                        ],
                        [
                            -103.377867,
                            20.743512
                        ],
                        [
                            -103.378289,
                            20.743441
                        ],
                        [
                            -103.378231,
                            20.743115
                        ]
                    ]
                ]
            },
            "properties": {
                "name": "Estacionamiento",
                "Grupo": "Parking",
                "Aforo": 1,
                "@id": "53714157-73d7-11f1-9fc4-1b090db46800"
            },
            "bbox": [
                -103.378289,
                20.743115,
                -103.377471,
                20.743756
            ]
        },
        {
            "type": "Feature",
            "geometry": {
                "type": "Point",
                "coordinates": [
                    -103.389297,
                    20.728806
                ]
            },
            "properties": {
                "name": "Estación Mercado del Mar",
                "Grupo": "TP Estación",
                "demanda": 1,
                "@id": "53714158-73d7-11f1-9fc4-1b090db46800"
            },
            "bbox": [
                -103.389297,
                20.728806,
                -103.389297,
                20.728806
            ]
        },
        {
            "type": "Feature",
            "geometry": {
                "type": "Point",
                "coordinates": [
                    -103.38216,
                    20.739333
                ]
            },
            "properties": {
                "name": "Estación Centro Cultural Universitario",
                "Grupo": "TP Estación",
                "demanda": 1,
                "@id": "53714159-73d7-11f1-9fc4-1b090db46800"
            },
            "bbox": [
                -103.38216,
                20.739333,
                -103.38216,
                20.739333
            ]
        },
        {
            "type": "Feature",
            "geometry": {
                "type": "Point",
                "coordinates": [
                    -103.376367,
                    20.737779
                ]
            },
            "properties": {
                "name": "Estación Constitución",
                "Grupo": "TP Estación",
                "demanda": 1,
                "@id": "5371415a-73d7-11f1-9fc4-1b090db46800"
            },
            "bbox": [
                -103.376367,
                20.737779,
                -103.376367,
                20.737779
            ]
        },
        {
            "type": "Feature",
            "geometry": {
                "type": "Point",
                "coordinates": [
                    -103.363094,
                    20.734217
                ]
            },
            "properties": {
                "name": "Estación Tabachines",
                "Grupo": "TP Estación",
                "demanda": 1,
                "@id": "5371415b-73d7-11f1-9fc4-1b090db46800"
            },
            "bbox": [
                -103.363094,
                20.734217,
                -103.363094,
                20.734217
            ]
        },
        {
            "type": "Feature",
            "geometry": {
                "type": "Point",
                "coordinates": [
                    -103.326268,
                    20.703996
                ]
            },
            "properties": {
                "name": "Estación Monumental",
                "Grupo": "TP Estación",
                "demanda": 1,
                "@id": "5371415c-73d7-11f1-9fc4-1b090db46800"
            },
            "bbox": [
                -103.326268,
                20.703996,
                -103.326268,
                20.703996
            ]
        },
        {
            "type": "Feature",
            "geometry": {
                "type": "Point",
                "coordinates": [
                    -103.455308,
                    20.687387
                ]
            },
            "properties": {
                "name": "Estación Estadio Chivas II",
                "Grupo": "TP Estación",
                "demanda": 1,
                "@id": "5371415d-73d7-11f1-9fc4-1b090db46800"
            },
            "bbox": [
                -103.455308,
                20.687387,
                -103.455308,
                20.687387
            ]
        },
        {
            "type": "Feature",
            "geometry": {
                "type": "Point",
                "coordinates": [
                    -103.455208,
                    20.680691
                ]
            },
            "properties": {
                "name": "Estación Ciudad Judicial",
                "Grupo": "TP Estación",
                "demanda": 1,
                "@id": "5371415e-73d7-11f1-9fc4-1b090db46800"
            },
            "bbox": [
                -103.455208,
                20.680691,
                -103.455208,
                20.680691
            ]
        },
        {
            "type": "Feature",
            "geometry": {
                "type": "Point",
                "coordinates": [
                    -103.455181,
                    20.675152
                ]
            },
            "properties": {
                "name": "Estación Ciudad Granja",
                "Grupo": "TP Estación",
                "demanda": 1,
                "@id": "5371415f-73d7-11f1-9fc4-1b090db46800"
            },
            "bbox": [
                -103.455181,
                20.675152,
                -103.455181,
                20.675152
            ]
        },
        {
            "type": "Feature",
            "geometry": {
                "type": "Point",
                "coordinates": [
                    -103.381049,
                    20.739069
                ]
            },
            "properties": {
                "name": "Puente Peatonal Constitución",
                "Grupo": "Puente Peatonal",
                "@id": "53714160-73d7-11f1-9fc4-1b090db46800"
            },
            "bbox": [
                -103.381049,
                20.739069,
                -103.381049,
                20.739069
            ]
        },
        {
            "type": "Feature",
            "geometry": {
                "type": "Point",
                "coordinates": [
                    -103.377223,
                    20.738017
                ]
            },
            "properties": {
                "name": "Puente Peatonal Constitución",
                "Grupo": "Puente Peatonal",
                "@id": "53714161-73d7-11f1-9fc4-1b090db46800"
            },
            "bbox": [
                -103.377223,
                20.738017,
                -103.377223,
                20.738017
            ]
        },
        {
            "type": "Feature",
            "geometry": {
                "type": "Point",
                "coordinates": [
                    -103.37111,
                    20.736463
                ]
            },
            "properties": {
                "name": "Puente Peatonal Constitución",
                "Grupo": "Puente Peatonal",
                "@id": "53714162-73d7-11f1-9fc4-1b090db46800"
            },
            "bbox": [
                -103.37111,
                20.736463,
                -103.37111,
                20.736463
            ]
        },
        {
            "type": "Feature",
            "geometry": {
                "type": "Polygon",
                "coordinates": [
                    [
                        [
                            -103.376297,
                            20.731954
                        ],
                        [
                            -103.374226,
                            20.731529
                        ],
                        [
                            -103.373654,
                            20.733812
                        ],
                        [
                            -103.375716,
                            20.73426
                        ],
                        [
                            -103.376297,
                            20.731954
                        ]
                    ]
                ]
            },
            "properties": {
                "name": "Nuevo Estadio",
                "Grupo": "Recinto",
                "Aforo": 30244,
                "Parking": 0,
                "Parking/Seat": 0,
                "@id": "53714163-73d7-11f1-9fc4-1b090db46800"
            },
            "bbox": [
                -103.376297,
                20.731529,
                -103.373654,
                20.73426
            ]
        },
        {
            "type": "Feature",
            "geometry": {
                "type": "LineString",
                "coordinates": [
                    [
                        -103.37713,
                        20.744643
                    ],
                    [
                        -103.377,
                        20.744799
                    ],
                    [
                        -103.376941,
                        20.744859
                    ],
                    [
                        -103.376904,
                        20.744917
                    ],
                    [
                        -103.376872,
                        20.744986
                    ],
                    [
                        -103.376879,
                        20.745073
                    ],
                    [
                        -103.37695,
                        20.745148
                    ],
                    [
                        -103.377031,
                        20.745176
                    ],
                    [
                        -103.377111,
                        20.745163
                    ],
                    [
                        -103.377192,
                        20.745129
                    ],
                    [
                        -103.377233,
                        20.745062
                    ],
                    [
                        -103.377242,
                        20.744997
                    ],
                    [
                        -103.377222,
                        20.744781
                    ],
                    [
                        -103.377222,
                        20.74462
                    ],
                    [
                        -103.377373,
                        20.74398
                    ],
                    [
                        -103.377686,
                        20.742698
                    ],
                    [
                        -103.378186,
                        20.740455
                    ],
                    [
                        -103.378547,
                        20.738861
                    ],
                    [
                        -103.378749,
                        20.737987
                    ],
                    [
                        -103.378835,
                        20.737457
                    ],
                    [
                        -103.37896,
                        20.736887
                    ],
                    [
                        -103.379102,
                        20.736337
                    ],
                    [
                        -103.37918,
                        20.736059
                    ],
                    [
                        -103.379234,
                        20.735957
                    ],
                    [
                        -103.379334,
                        20.735807
                    ],
                    [
                        -103.37946,
                        20.735655
                    ],
                    [
                        -103.379538,
                        20.735585
                    ],
                    [
                        -103.379901,
                        20.735323
                    ],
                    [
                        -103.381013,
                        20.734586
                    ],
                    [
                        -103.381748,
                        20.734097
                    ],
                    [
                        -103.382657,
                        20.733493
                    ],
                    [
                        -103.383596,
                        20.732869
                    ],
                    [
                        -103.384503,
                        20.732253
                    ],
                    [
                        -103.385741,
                        20.731417
                    ],
                    [
                        -103.387366,
                        20.730335
                    ],
                    [
                        -103.388377,
                        20.729673
                    ],
                    [
                        -103.388568,
                        20.729536
                    ],
                    [
                        -103.388698,
                        20.729454
                    ],
                    [
                        -103.388754,
                        20.729421
                    ],
                    [
                        -103.388814,
                        20.729396
                    ],
                    [
                        -103.38888,
                        20.729383
                    ],
                    [
                        -103.388934,
                        20.729359
                    ],
                    [
                        -103.388956,
                        20.729318
                    ],
                    [
                        -103.388953,
                        20.729277
                    ],
                    [
                        -103.388948,
                        20.729228
                    ],
                    [
                        -103.388926,
                        20.729212
                    ],
                    [
                        -103.388903,
                        20.72922
                    ],
                    [
                        -103.388833,
                        20.729264
                    ],
                    [
                        -103.388516,
                        20.729473
                    ],
                    [
                        -103.38819,
                        20.729698
                    ],
                    [
                        -103.387714,
                        20.73001
                    ],
                    [
                        -103.387228,
                        20.730325
                    ],
                    [
                        -103.386992,
                        20.730481
                    ],
                    [
                        -103.386474,
                        20.730811
                    ],
                    [
                        -103.386122,
                        20.731032
                    ],
                    [
                        -103.385558,
                        20.731407
                    ],
                    [
                        -103.385134,
                        20.731698
                    ],
                    [
                        -103.383905,
                        20.732519
                    ],
                    [
                        -103.383594,
                        20.732724
                    ],
                    [
                        -103.383528,
                        20.73267
                    ],
                    [
                        -103.383461,
                        20.732633
                    ],
                    [
                        -103.383345,
                        20.732609
                    ],
                    [
                        -103.382866,
                        20.732522
                    ],
                    [
                        -103.382598,
                        20.732465
                    ],
                    [
                        -103.382123,
                        20.732343
                    ],
                    [
                        -103.381719,
                        20.732111
                    ],
                    [
                        -103.380908,
                        20.731499
                    ],
                    [
                        -103.380742,
                        20.731369
                    ],
                    [
                        -103.380613,
                        20.731489
                    ],
                    [
                        -103.380368,
                        20.731731
                    ],
                    [
                        -103.38024,
                        20.731821
                    ],
                    [
                        -103.380084,
                        20.731862
                    ],
                    [
                        -103.380039,
                        20.731869
                    ],
                    [
                        -103.379935,
                        20.732322
                    ],
                    [
                        -103.379544,
                        20.734039
                    ],
                    [
                        -103.379102,
                        20.735921
                    ],
                    [
                        -103.378945,
                        20.736585
                    ],
                    [
                        -103.378598,
                        20.738007
                    ],
                    [
                        -103.378581,
                        20.738318
                    ],
                    [
                        -103.37853,
                        20.73866
                    ],
                    [
                        -103.37814,
                        20.74044
                    ],
                    [
                        -103.377888,
                        20.741571
                    ],
                    [
                        -103.37763,
                        20.742689
                    ],
                    [
                        -103.377321,
                        20.743976
                    ],
                    [
                        -103.377153,
                        20.744606
                    ],
                    [
                        -103.37713,
                        20.744643
                    ]
                ]
            },
            "properties": {
                "name": "Ruta UdG",
                "Grupo": "Transporte Público",
                "@id": "53714164-73d7-11f1-9fc4-1b090db46800"
            },
            "bbox": [
                -103.388956,
                20.729212,
                -103.376872,
                20.745176
            ]
        },
        {
            "type": "Feature",
            "geometry": {
                "type": "Point",
                "coordinates": [
                    -103.3822,
                    20.729745
                ]
            },
            "properties": {
                "name": "NE MiBici",
                "Grupo": "Bici Pública",
                "@id": "53714165-73d7-11f1-9fc4-1b090db46800"
            },
            "bbox": [
                -103.3822,
                20.729745,
                -103.3822,
                20.729745
            ]
        },
        {
            "type": "Feature",
            "geometry": {
                "type": "Point",
                "coordinates": [
                    -103.383237,
                    20.732888
                ]
            },
            "properties": {
                "name": "NE MiBici",
                "Grupo": "Bici Pública",
                "@id": "53714166-73d7-11f1-9fc4-1b090db46800"
            },
            "bbox": [
                -103.383237,
                20.732888,
                -103.383237,
                20.732888
            ]
        },
        {
            "type": "Feature",
            "geometry": {
                "type": "Point",
                "coordinates": [
                    -103.38055,
                    20.734707
                ]
            },
            "properties": {
                "name": "NE MiBici",
                "Grupo": "Bici Pública",
                "@id": "53714167-73d7-11f1-9fc4-1b090db46800"
            },
            "bbox": [
                -103.38055,
                20.734707,
                -103.38055,
                20.734707
            ]
        },
        {
            "type": "Feature",
            "geometry": {
                "type": "Point",
                "coordinates": [
                    -103.379991,
                    20.731787
                ]
            },
            "properties": {
                "name": "NE MiBici",
                "Grupo": "Bici Pública",
                "@id": "53714168-73d7-11f1-9fc4-1b090db46800"
            },
            "bbox": [
                -103.379991,
                20.731787,
                -103.379991,
                20.731787
            ]
        },
        {
            "type": "Feature",
            "geometry": {
                "type": "Point",
                "coordinates": [
                    -103.379402,
                    20.734263
                ]
            },
            "properties": {
                "name": "NE MiBici",
                "Grupo": "Bici Pública",
                "@id": "53714169-73d7-11f1-9fc4-1b090db46800"
            },
            "bbox": [
                -103.379402,
                20.734263,
                -103.379402,
                20.734263
            ]
        },
        {
            "type": "Feature",
            "geometry": {
                "type": "Point",
                "coordinates": [
                    -103.379126,
                    20.736845
                ]
            },
            "properties": {
                "name": "NE MiBici",
                "Grupo": "Bici Pública",
                "@id": "5371416a-73d7-11f1-9fc4-1b090db46800"
            },
            "bbox": [
                -103.379126,
                20.736845,
                -103.379126,
                20.736845
            ]
        },
        {
            "type": "Feature",
            "geometry": {
                "type": "Point",
                "coordinates": [
                    -103.381139,
                    20.738507
                ]
            },
            "properties": {
                "name": "MiBici",
                "Grupo": "Bici Pública",
                "@id": "5371416b-73d7-11f1-9fc4-1b090db46800"
            },
            "bbox": [
                -103.381139,
                20.738507,
                -103.381139,
                20.738507
            ]
        },
        {
            "type": "Feature",
            "geometry": {
                "type": "Point",
                "coordinates": [
                    -103.378551,
                    20.739211
                ]
            },
            "properties": {
                "name": "NE MiBici",
                "Grupo": "Bici Pública",
                "@id": "5371416c-73d7-11f1-9fc4-1b090db46800"
            },
            "bbox": [
                -103.378551,
                20.739211,
                -103.378551,
                20.739211
            ]
        },
        {
            "type": "Feature",
            "geometry": {
                "type": "Point",
                "coordinates": [
                    -103.377997,
                    20.74155
                ]
            },
            "properties": {
                "name": "NE MiBici",
                "Grupo": "Bici Pública",
                "@id": "5371416d-73d7-11f1-9fc4-1b090db46800"
            },
            "bbox": [
                -103.377997,
                20.74155,
                -103.377997,
                20.74155
            ]
        },
        {
            "type": "Feature",
            "geometry": {
                "type": "Point",
                "coordinates": [
                    -103.377437,
                    20.744063
                ]
            },
            "properties": {
                "name": "NE MiBici",
                "Grupo": "Bici Pública",
                "@id": "5371416e-73d7-11f1-9fc4-1b090db46800"
            },
            "bbox": [
                -103.377437,
                20.744063,
                -103.377437,
                20.744063
            ]
        },
        {
            "type": "Feature",
            "geometry": {
                "type": "LineString",
                "coordinates": [
                    [
                        -103.379255,
                        20.735328
                    ],
                    [
                        -103.377727,
                        20.735022
                    ],
                    [
                        -103.376016,
                        20.734675
                    ],
                    [
                        -103.376016,
                        20.734675
                    ],
                    [
                        -103.375332,
                        20.737161
                    ],
                    [
                        -103.375586,
                        20.737216
                    ],
                    [
                        -103.375486,
                        20.737537
                    ],
                    [
                        -103.375552,
                        20.737555
                    ]
                ]
            },
            "properties": {
                "name": "NVialidad",
                "Grupo": "PCalles/EP",
                "@id": "5371416f-73d7-11f1-9fc4-1b090db46800"
            },
            "bbox": [
                -103.379255,
                20.734675,
                -103.375332,
                20.737555
            ]
        },
        {
            "type": "Feature",
            "geometry": {
                "type": "LineString",
                "coordinates": [
                    [
                        -103.377306,
                        20.737682
                    ],
                    [
                        -103.377358,
                        20.737498
                    ],
                    [
                        -103.376995,
                        20.734872
                    ]
                ]
            },
            "properties": {
                "name": "NVialidad F2",
                "Grupo": "PCalles/EP",
                "@id": "53714170-73d7-11f1-9fc4-1b090db46800"
            },
            "bbox": [
                -103.377358,
                20.734872,
                -103.376995,
                20.737682
            ]
        },
        {
            "type": "Feature",
            "geometry": {
                "type": "LineString",
                "coordinates": [
                    [
                        -103.375396,
                        20.736902
                    ],
                    [
                        -103.375181,
                        20.736866
                    ],
                    [
                        -103.374814,
                        20.736529
                    ],
                    [
                        -103.374145,
                        20.735868
                    ],
                    [
                        -103.374603,
                        20.73405
                    ]
                ]
            },
            "properties": {
                "name": "NVialidad F2",
                "Grupo": "PCalles/EP",
                "@id": "53714171-73d7-11f1-9fc4-1b090db46800"
            },
            "bbox": [
                -103.375396,
                20.73405,
                -103.374145,
                20.736902
            ]
        },
        {
            "type": "Feature",
            "geometry": {
                "type": "LineString",
                "coordinates": [
                    [
                        -103.376014,
                        20.734673
                    ],
                    [
                        -103.375629,
                        20.734592
                    ],
                    [
                        -103.37541,
                        20.734192
                    ],
                    [
                        -103.37541,
                        20.734192
                    ]
                ]
            },
            "properties": {
                "name": "NVialidad",
                "Grupo": "PCalles/EP",
                "@id": "53714172-73d7-11f1-9fc4-1b090db46800"
            },
            "bbox": [
                -103.376014,
                20.734192,
                -103.37541,
                20.734673
            ]
        },
        {
            "type": "Feature",
            "geometry": {
                "type": "LineString",
                "coordinates": [
                    [
                        -103.376433,
                        20.73314
                    ],
                    [
                        -103.376024,
                        20.733036
                    ]
                ]
            },
            "properties": {
                "name": "NVialidad",
                "Grupo": "PCalles/EP",
                "@id": "53714173-73d7-11f1-9fc4-1b090db46800"
            },
            "bbox": [
                -103.376433,
                20.733036,
                -103.376024,
                20.73314
            ]
        },
        {
            "type": "Feature",
            "geometry": {
                "type": "LineString",
                "coordinates": [
                    [
                        -103.376926,
                        20.731325
                    ],
                    [
                        -103.375937,
                        20.731878
                    ]
                ]
            },
            "properties": {
                "name": "NVialidad",
                "Grupo": "PCalles/EP",
                "@id": "53714174-73d7-11f1-9fc4-1b090db46800"
            },
            "bbox": [
                -103.376926,
                20.731325,
                -103.375937,
                20.731878
            ]
        },
        {
            "type": "Feature",
            "geometry": {
                "type": "Point",
                "coordinates": [
                    -103.377731,
                    20.737786
                ]
            },
            "properties": {
                "name": "NE MiBici",
                "Grupo": "Bici Pública",
                "@id": "53714175-73d7-11f1-9fc4-1b090db46800"
            },
            "bbox": [
                -103.377731,
                20.737786,
                -103.377731,
                20.737786
            ]
        },
        {
            "type": "Feature",
            "geometry": {
                "type": "LineString",
                "coordinates": [
                    [
                        -103.377186,
                        20.736241
                    ],
                    [
                        -103.375473,
                        20.73667
                    ]
                ]
            },
            "properties": {
                "name": "NVialidad F2",
                "Grupo": "PCalles/EP",
                "@id": "53714176-73d7-11f1-9fc4-1b090db46800"
            },
            "bbox": [
                -103.377186,
                20.736241,
                -103.375473,
                20.73667
            ]
        },
        {
            "type": "Feature",
            "geometry": {
                "type": "Point",
                "coordinates": [
                    -103.377719,
                    20.73624
                ]
            },
            "properties": {
                "name": "NE MiBici",
                "Grupo": "Bici Pública",
                "@id": "53714177-73d7-11f1-9fc4-1b090db46800"
            },
            "bbox": [
                -103.377719,
                20.73624,
                -103.377719,
                20.73624
            ]
        },
        {
            "type": "Feature",
            "geometry": {
                "type": "Point",
                "coordinates": [
                    -103.379155,
                    20.7354
                ]
            },
            "properties": {
                "name": "NE MiBici",
                "Grupo": "Bici Pública",
                "@id": "53714178-73d7-11f1-9fc4-1b090db46800"
            },
            "bbox": [
                -103.379155,
                20.7354,
                -103.379155,
                20.7354
            ]
        },
        {
            "type": "Feature",
            "geometry": {
                "type": "Point",
                "coordinates": [
                    -103.375548,
                    20.735922
                ]
            },
            "properties": {
                "name": "NE MiBici",
                "Grupo": "Bici Pública",
                "@id": "53714179-73d7-11f1-9fc4-1b090db46800"
            },
            "bbox": [
                -103.375548,
                20.735922,
                -103.375548,
                20.735922
            ]
        },
        {
            "type": "Feature",
            "geometry": {
                "type": "Point",
                "coordinates": [
                    -103.376787,
                    20.731599
                ]
            },
            "properties": {
                "name": "NE MiBici",
                "Grupo": "Bici Pública",
                "@id": "5371417a-73d7-11f1-9fc4-1b090db46800"
            },
            "bbox": [
                -103.376787,
                20.731599,
                -103.376787,
                20.731599
            ]
        },
        {
            "type": "Feature",
            "geometry": {
                "type": "Point",
                "coordinates": [
                    -103.374265,
                    20.730671
                ]
            },
            "properties": {
                "name": "NE MiBici",
                "Grupo": "Bici Pública",
                "@id": "5371417b-73d7-11f1-9fc4-1b090db46800"
            },
            "bbox": [
                -103.374265,
                20.730671,
                -103.374265,
                20.730671
            ]
        },
        {
            "type": "Feature",
            "geometry": {
                "type": "Point",
                "coordinates": [
                    -103.375804,
                    20.728773
                ]
            },
            "properties": {
                "name": "NE MiBici",
                "Grupo": "Bici Pública",
                "@id": "5371417c-73d7-11f1-9fc4-1b090db46800"
            },
            "bbox": [
                -103.375804,
                20.728773,
                -103.375804,
                20.728773
            ]
        },
        {
            "type": "Feature",
            "geometry": {
                "type": "Point",
                "coordinates": [
                    -103.379437,
                    20.728228
                ]
            },
            "properties": {
                "name": "NE MiBici",
                "Grupo": "Bici Pública",
                "@id": "5371417d-73d7-11f1-9fc4-1b090db46800"
            },
            "bbox": [
                -103.379437,
                20.728228,
                -103.379437,
                20.728228
            ]
        },
        {
            "type": "Feature",
            "geometry": {
                "type": "Point",
                "coordinates": [
                    -103.372366,
                    20.729423
                ]
            },
            "properties": {
                "name": "NE MiBici",
                "Grupo": "Bici Pública",
                "@id": "5371417e-73d7-11f1-9fc4-1b090db46800"
            },
            "bbox": [
                -103.372366,
                20.729423,
                -103.372366,
                20.729423
            ]
        },
        {
            "type": "Feature",
            "geometry": {
                "type": "Point",
                "coordinates": [
                    -103.369382,
                    20.72887
                ]
            },
            "properties": {
                "name": "NE MiBici",
                "Grupo": "Bici Pública",
                "@id": "5371417f-73d7-11f1-9fc4-1b090db46800"
            },
            "bbox": [
                -103.369382,
                20.72887,
                -103.369382,
                20.72887
            ]
        },
        {
            "type": "Feature",
            "geometry": {
                "type": "Point",
                "coordinates": [
                    -103.370727,
                    20.731102
                ]
            },
            "properties": {
                "name": "NE MiBici",
                "Grupo": "Bici Pública",
                "@id": "53714180-73d7-11f1-9fc4-1b090db46800"
            },
            "bbox": [
                -103.370727,
                20.731102,
                -103.370727,
                20.731102
            ]
        },
        {
            "type": "Feature",
            "geometry": {
                "type": "Point",
                "coordinates": [
                    -103.370064,
                    20.740618
                ]
            },
            "properties": {
                "name": "NE MiBici",
                "Grupo": "Bici Pública",
                "@id": "53714181-73d7-11f1-9fc4-1b090db46800"
            },
            "bbox": [
                -103.370064,
                20.740618,
                -103.370064,
                20.740618
            ]
        },
        {
            "type": "Feature",
            "geometry": {
                "type": "Point",
                "coordinates": [
                    -103.368345,
                    20.740317
                ]
            },
            "properties": {
                "name": "NE MiBici",
                "Grupo": "Bici Pública",
                "@id": "53714182-73d7-11f1-9fc4-1b090db46800"
            },
            "bbox": [
                -103.368345,
                20.740317,
                -103.368345,
                20.740317
            ]
        },
        {
            "type": "Feature",
            "geometry": {
                "type": "Point",
                "coordinates": [
                    -103.373905,
                    20.740179
                ]
            },
            "properties": {
                "name": "NE MiBici",
                "Grupo": "Bici Pública",
                "@id": "53714183-73d7-11f1-9fc4-1b090db46800"
            },
            "bbox": [
                -103.373905,
                20.740179,
                -103.373905,
                20.740179
            ]
        },
        {
            "type": "Feature",
            "geometry": {
                "type": "Point",
                "coordinates": [
                    -103.370138,
                    20.73757
                ]
            },
            "properties": {
                "name": "NE MiBici",
                "Grupo": "Bici Pública",
                "@id": "53714184-73d7-11f1-9fc4-1b090db46800"
            },
            "bbox": [
                -103.370138,
                20.73757,
                -103.370138,
                20.73757
            ]
        },
        {
            "type": "Feature",
            "geometry": {
                "type": "Point",
                "coordinates": [
                    -103.381685,
                    20.739606
                ]
            },
            "properties": {
                "name": "NE MiBici",
                "Grupo": "Bici Pública",
                "@id": "53714185-73d7-11f1-9fc4-1b090db46800"
            },
            "bbox": [
                -103.381685,
                20.739606,
                -103.381685,
                20.739606
            ]
        },
        {
            "type": "Feature",
            "geometry": {
                "type": "Point",
                "coordinates": [
                    -103.371887,
                    20.738681
                ]
            },
            "properties": {
                "name": "NE MiBici",
                "Grupo": "Bici Pública",
                "@id": "53714186-73d7-11f1-9fc4-1b090db46800"
            },
            "bbox": [
                -103.371887,
                20.738681,
                -103.371887,
                20.738681
            ]
        },
        {
            "type": "Feature",
            "geometry": {
                "type": "Point",
                "coordinates": [
                    -103.388758,
                    20.729685
                ]
            },
            "properties": {
                "name": "NE MiBici",
                "Grupo": "Bici Pública",
                "@id": "53714187-73d7-11f1-9fc4-1b090db46800"
            },
            "bbox": [
                -103.388758,
                20.729685,
                -103.388758,
                20.729685
            ]
        },
        {
            "type": "Feature",
            "geometry": {
                "type": "Point",
                "coordinates": [
                    -103.389316,
                    20.732461
                ]
            },
            "properties": {
                "name": "NE MiBici",
                "Grupo": "Bici Pública",
                "@id": "53714188-73d7-11f1-9fc4-1b090db46800"
            },
            "bbox": [
                -103.389316,
                20.732461,
                -103.389316,
                20.732461
            ]
        },
        {
            "type": "Feature",
            "geometry": {
                "type": "Point",
                "coordinates": [
                    -103.388695,
                    20.734715
                ]
            },
            "properties": {
                "name": "NE MiBici",
                "Grupo": "Bici Pública",
                "@id": "53714189-73d7-11f1-9fc4-1b090db46800"
            },
            "bbox": [
                -103.388695,
                20.734715,
                -103.388695,
                20.734715
            ]
        },
        {
            "type": "Feature",
            "geometry": {
                "type": "Point",
                "coordinates": [
                    -103.385477,
                    20.73185
                ]
            },
            "properties": {
                "name": "NE MiBici",
                "Grupo": "Bici Pública",
                "@id": "5371418a-73d7-11f1-9fc4-1b090db46800"
            },
            "bbox": [
                -103.385477,
                20.73185,
                -103.385477,
                20.73185
            ]
        },
        {
            "type": "Feature",
            "geometry": {
                "type": "LineString",
                "coordinates": [
                    [
                        -103.37404,
                        20.730873
                    ],
                    [
                        -103.37334,
                        20.735063
                    ],
                    [
                        -103.37334,
                        20.735063
                    ]
                ]
            },
            "properties": {
                "name": "NVialidad",
                "Grupo": "PCalles/EP",
                "@id": "5371418b-73d7-11f1-9fc4-1b090db46800"
            },
            "bbox": [
                -103.37404,
                20.730873,
                -103.37334,
                20.735063
            ]
        },
        {
            "type": "Feature",
            "geometry": {
                "type": "LineString",
                "coordinates": [
                    [
                        -103.376014,
                        20.734676
                    ],
                    [
                        -103.376939,
                        20.731326
                    ]
                ]
            },
            "properties": {
                "name": "NVialidad",
                "Grupo": "PCalles/EP",
                "@id": "5371418c-73d7-11f1-9fc4-1b090db46800"
            },
            "bbox": [
                -103.376939,
                20.731326,
                -103.376014,
                20.734676
            ]
        },
        {
            "type": "Feature",
            "geometry": {
                "type": "Point",
                "coordinates": [
                    -103.37553,
                    20.737544
                ]
            },
            "properties": {
                "name": "Puente Peatonal II Constitución",
                "Grupo": "Puente Peatonal",
                "@id": "5371418d-73d7-11f1-9fc4-1b090db46800"
            },
            "bbox": [
                -103.37553,
                20.737544,
                -103.37553,
                20.737544
            ]
        },
        {
            "type": "Feature",
            "geometry": {
                "type": "LineString",
                "coordinates": [
                    [
                        -103.376054,
                        20.737701
                    ],
                    [
                        -103.375593,
                        20.737582
                    ],
                    [
                        -103.375597,
                        20.737561
                    ],
                    [
                        -103.375978,
                        20.737661
                    ],
                    [
                        -103.375987,
                        20.73764
                    ],
                    [
                        -103.375564,
                        20.737529
                    ],
                    [
                        -103.375564,
                        20.737529
                    ]
                ]
            },
            "properties": {
                "name": "Puente Peatonal II Constitución",
                "Grupo": "Puente Peatonal",
                "@id": "5371418e-73d7-11f1-9fc4-1b090db46800"
            },
            "bbox": [
                -103.376054,
                20.737529,
                -103.375564,
                20.737701
            ]
        },
        {
            "type": "Feature",
            "geometry": {
                "type": "LineString",
                "coordinates": [
                    [
                        -103.37858,
                        20.738638
                    ],
                    [
                        -103.378683,
                        20.738137
                    ]
                ]
            },
            "properties": {
                "name": "NVialidad",
                "Grupo": "PCalles/EP",
                "@id": "5371418f-73d7-11f1-9fc4-1b090db46800"
            },
            "bbox": [
                -103.378683,
                20.738137,
                -103.37858,
                20.738638
            ]
        },
        {
            "type": "Feature",
            "geometry": {
                "type": "Point",
                "coordinates": [
                    -103.383385,
                    20.736115
                ]
            },
            "properties": {
                "name": "NE MiBici",
                "Grupo": "Bici Pública",
                "@id": "53714190-73d7-11f1-9fc4-1b090db46800"
            },
            "bbox": [
                -103.383385,
                20.736115,
                -103.383385,
                20.736115
            ]
        },
        {
            "type": "Feature",
            "geometry": {
                "type": "Point",
                "coordinates": [
                    -103.382833,
                    20.726317
                ]
            },
            "properties": {
                "name": "NE MiBici",
                "Grupo": "Bici Pública",
                "@id": "53714191-73d7-11f1-9fc4-1b090db46800"
            },
            "bbox": [
                -103.382833,
                20.726317,
                -103.382833,
                20.726317
            ]
        },
        {
            "type": "Feature",
            "geometry": {
                "type": "LineString",
                "coordinates": [
                    [
                        -103.388954,
                        20.729246
                    ],
                    [
                        -103.38882,
                        20.729307
                    ],
                    [
                        -103.388452,
                        20.729539
                    ],
                    [
                        -103.387924,
                        20.729898
                    ],
                    [
                        -103.387001,
                        20.730496
                    ],
                    [
                        -103.385288,
                        20.731643
                    ],
                    [
                        -103.384106,
                        20.732449
                    ],
                    [
                        -103.381343,
                        20.734271
                    ],
                    [
                        -103.379672,
                        20.73537
                    ],
                    [
                        -103.379469,
                        20.735531
                    ],
                    [
                        -103.379313,
                        20.735696
                    ],
                    [
                        -103.379182,
                        20.735888
                    ],
                    [
                        -103.37912,
                        20.736035
                    ],
                    [
                        -103.379069,
                        20.736216
                    ],
                    [
                        -103.378973,
                        20.736613
                    ],
                    [
                        -103.378902,
                        20.736941
                    ],
                    [
                        -103.378786,
                        20.737435
                    ],
                    [
                        -103.378649,
                        20.738031
                    ],
                    [
                        -103.378684,
                        20.738136
                    ]
                ]
            },
            "properties": {
                "name": "NVialidad",
                "Grupo": "PCalles/EP",
                "@id": "53714192-73d7-11f1-9fc4-1b090db46800"
            },
            "bbox": [
                -103.388954,
                20.729246,
                -103.378649,
                20.738136
            ]
        },
        {
            "type": "Feature",
            "geometry": {
                "type": "LineString",
                "coordinates": [
                    [
                        -103.388935,
                        20.729166
                    ],
                    [
                        -103.388548,
                        20.729407
                    ],
                    [
                        -103.387969,
                        20.729793
                    ],
                    [
                        -103.386676,
                        20.730652
                    ],
                    [
                        -103.385684,
                        20.731287
                    ],
                    [
                        -103.384577,
                        20.73204
                    ],
                    [
                        -103.383632,
                        20.732684
                    ],
                    [
                        -103.383595,
                        20.732699
                    ],
                    [
                        -103.383539,
                        20.732691
                    ],
                    [
                        -103.38348,
                        20.732651
                    ],
                    [
                        -103.383415,
                        20.732635
                    ],
                    [
                        -103.383246,
                        20.732612
                    ],
                    [
                        -103.383157,
                        20.732604
                    ],
                    [
                        -103.383055,
                        20.732583
                    ],
                    [
                        -103.382855,
                        20.732547
                    ],
                    [
                        -103.382569,
                        20.732486
                    ],
                    [
                        -103.382312,
                        20.732416
                    ],
                    [
                        -103.382191,
                        20.732377
                    ],
                    [
                        -103.382076,
                        20.73234
                    ],
                    [
                        -103.3818,
                        20.732187
                    ],
                    [
                        -103.38137,
                        20.731867
                    ],
                    [
                        -103.380852,
                        20.73147
                    ],
                    [
                        -103.380747,
                        20.731393
                    ],
                    [
                        -103.380675,
                        20.731405
                    ],
                    [
                        -103.380479,
                        20.731589
                    ],
                    [
                        -103.380326,
                        20.73174
                    ],
                    [
                        -103.380105,
                        20.731837
                    ],
                    [
                        -103.379968,
                        20.731871
                    ],
                    [
                        -103.379721,
                        20.731865
                    ],
                    [
                        -103.379228,
                        20.731776
                    ],
                    [
                        -103.378537,
                        20.731641
                    ],
                    [
                        -103.377515,
                        20.731444
                    ],
                    [
                        -103.376995,
                        20.731349
                    ],
                    [
                        -103.37689,
                        20.731379
                    ],
                    [
                        -103.37601,
                        20.734573
                    ],
                    [
                        -103.375211,
                        20.737471
                    ],
                    [
                        -103.375148,
                        20.737766
                    ],
                    [
                        -103.377113,
                        20.738284
                    ],
                    [
                        -103.37854,
                        20.73865
                    ],
                    [
                        -103.377925,
                        20.741536
                    ],
                    [
                        -103.377212,
                        20.744535
                    ],
                    [
                        -103.377053,
                        20.745189
                    ],
                    [
                        -103.381113,
                        20.745722
                    ],
                    [
                        -103.3816,
                        20.744253
                    ],
                    [
                        -103.382057,
                        20.742751
                    ],
                    [
                        -103.381817,
                        20.742745
                    ],
                    [
                        -103.381315,
                        20.742694
                    ],
                    [
                        -103.380933,
                        20.742664
                    ],
                    [
                        -103.380417,
                        20.742596
                    ],
                    [
                        -103.379846,
                        20.742489
                    ],
                    [
                        -103.379786,
                        20.74237
                    ],
                    [
                        -103.379718,
                        20.741914
                    ],
                    [
                        -103.379507,
                        20.741722
                    ],
                    [
                        -103.379186,
                        20.741604
                    ],
                    [
                        -103.378019,
                        20.741358
                    ],
                    [
                        -103.378601,
                        20.738716
                    ],
                    [
                        -103.378633,
                        20.738628
                    ],
                    [
                        -103.38004,
                        20.739004
                    ],
                    [
                        -103.380378,
                        20.739075
                    ],
                    [
                        -103.380481,
                        20.739057
                    ],
                    [
                        -103.380582,
                        20.738978
                    ],
                    [
                        -103.380617,
                        20.738873
                    ],
                    [
                        -103.380605,
                        20.738774
                    ],
                    [
                        -103.380408,
                        20.738626
                    ],
                    [
                        -103.380034,
                        20.738469
                    ],
                    [
                        -103.37878,
                        20.738149
                    ],
                    [
                        -103.37872,
                        20.738064
                    ],
                    [
                        -103.378741,
                        20.737812
                    ],
                    [
                        -103.37907,
                        20.736363
                    ],
                    [
                        -103.379184,
                        20.735976
                    ],
                    [
                        -103.379335,
                        20.735749
                    ],
                    [
                        -103.379501,
                        20.735568
                    ],
                    [
                        -103.380141,
                        20.735121
                    ],
                    [
                        -103.381556,
                        20.734174
                    ],
                    [
                        -103.383033,
                        20.733196
                    ],
                    [
                        -103.384659,
                        20.732118
                    ],
                    [
                        -103.387292,
                        20.730342
                    ],
                    [
                        -103.388242,
                        20.729718
                    ],
                    [
                        -103.388633,
                        20.729465
                    ],
                    [
                        -103.388751,
                        20.729416
                    ],
                    [
                        -103.388886,
                        20.729391
                    ],
                    [
                        -103.388952,
                        20.729362
                    ],
                    [
                        -103.388973,
                        20.729304
                    ],
                    [
                        -103.388967,
                        20.729227
                    ],
                    [
                        -103.388935,
                        20.729163
                    ]
                ]
            },
            "properties": {
                "name": "Ruta UdG II",
                "Grupo": "Transporte Público",
                "@id": "53714193-73d7-11f1-9fc4-1b090db46800"
            },
            "bbox": [
                -103.388973,
                20.729163,
                -103.375148,
                20.745722
            ]
        },
        {
            "type": "Feature",
            "geometry": {
                "type": "LineString",
                "coordinates": [
                    [
                        -103.381154,
                        20.738655
                    ],
                    [
                        -103.381198,
                        20.738517
                    ],
                    [
                        -103.380805,
                        20.738456
                    ],
                    [
                        -103.380474,
                        20.738399
                    ],
                    [
                        -103.380168,
                        20.738318
                    ],
                    [
                        -103.380071,
                        20.738204
                    ],
                    [
                        -103.380139,
                        20.738127
                    ],
                    [
                        -103.380211,
                        20.737655
                    ],
                    [
                        -103.38029,
                        20.737123
                    ],
                    [
                        -103.380589,
                        20.73715
                    ],
                    [
                        -103.380614,
                        20.737049
                    ],
                    [
                        -103.380559,
                        20.736864
                    ],
                    [
                        -103.380598,
                        20.736752
                    ],
                    [
                        -103.380805,
                        20.736603
                    ],
                    [
                        -103.380883,
                        20.736515
                    ],
                    [
                        -103.380878,
                        20.736186
                    ],
                    [
                        -103.380915,
                        20.735824
                    ],
                    [
                        -103.380996,
                        20.735686
                    ],
                    [
                        -103.38043,
                        20.735469
                    ],
                    [
                        -103.379245,
                        20.735325
                    ]
                ]
            },
            "properties": {
                "name": "NVialidad",
                "Grupo": "PCalles/EP",
                "@id": "53714194-73d7-11f1-9fc4-1b090db46800"
            },
            "bbox": [
                -103.381198,
                20.735325,
                -103.379245,
                20.738655
            ]
        },
        {
            "type": "Feature",
            "geometry": {
                "type": "LineString",
                "coordinates": [
                    [
                        -103.380566,
                        20.735517
                    ],
                    [
                        -103.380727,
                        20.735147
                    ],
                    [
                        -103.38051,
                        20.735063
                    ],
                    [
                        -103.380404,
                        20.735032
                    ],
                    [
                        -103.380213,
                        20.734813
                    ],
                    [
                        -103.380149,
                        20.734666
                    ],
                    [
                        -103.379579,
                        20.734534
                    ],
                    [
                        -103.37969,
                        20.734073
                    ],
                    [
                        -103.379537,
                        20.734037
                    ],
                    [
                        -103.379537,
                        20.734037
                    ]
                ]
            },
            "properties": {
                "name": "NVialidad",
                "Grupo": "PCalles/EP",
                "@id": "53714195-73d7-11f1-9fc4-1b090db46800"
            },
            "bbox": [
                -103.380727,
                20.734037,
                -103.379537,
                20.735517
            ]
        },
        {
            "type": "Feature",
            "geometry": {
                "type": "LineString",
                "coordinates": [
                    [
                        -103.383136,
                        20.733386
                    ],
                    [
                        -103.382987,
                        20.733343
                    ],
                    [
                        -103.382899,
                        20.733232
                    ],
                    [
                        -103.382845,
                        20.733124
                    ],
                    [
                        -103.382864,
                        20.732927
                    ],
                    [
                        -103.382906,
                        20.732812
                    ],
                    [
                        -103.382906,
                        20.732748
                    ],
                    [
                        -103.382844,
                        20.732691
                    ],
                    [
                        -103.382661,
                        20.732644
                    ],
                    [
                        -103.382293,
                        20.732562
                    ],
                    [
                        -103.381903,
                        20.732404
                    ],
                    [
                        -103.380471,
                        20.73213
                    ],
                    [
                        -103.379928,
                        20.732056
                    ],
                    [
                        -103.376905,
                        20.731447
                    ]
                ]
            },
            "properties": {
                "name": "NVialidad",
                "Grupo": "PCalles/EP",
                "@id": "53714196-73d7-11f1-9fc4-1b090db46800"
            },
            "bbox": [
                -103.383136,
                20.731447,
                -103.376905,
                20.733386
            ]
        },
        {
            "type": "Feature",
            "geometry": {
                "type": "LineString",
                "coordinates": [
                    [
                        -103.383142,
                        20.733389
                    ],
                    [
                        -103.383359,
                        20.733384
                    ],
                    [
                        -103.383509,
                        20.733349
                    ],
                    [
                        -103.383619,
                        20.733246
                    ],
                    [
                        -103.383694,
                        20.733165
                    ],
                    [
                        -103.383723,
                        20.733013
                    ],
                    [
                        -103.38372,
                        20.732857
                    ],
                    [
                        -103.383636,
                        20.732729
                    ],
                    [
                        -103.38355,
                        20.732665
                    ],
                    [
                        -103.383295,
                        20.732583
                    ],
                    [
                        -103.383133,
                        20.732581
                    ],
                    [
                        -103.383003,
                        20.732667
                    ],
                    [
                        -103.382907,
                        20.732813
                    ],
                    [
                        -103.382907,
                        20.732813
                    ]
                ]
            },
            "properties": {
                "name": "NVialidad",
                "Grupo": "PCalles/EP",
                "@id": "53714197-73d7-11f1-9fc4-1b090db46800"
            },
            "bbox": [
                -103.383723,
                20.732581,
                -103.382907,
                20.733389
            ]
        },
        {
            "type": "Feature",
            "geometry": {
                "type": "LineString",
                "coordinates": [
                    [
                        -103.364517,
                        20.743372
                    ],
                    [
                        -103.369865,
                        20.744135
                    ],
                    [
                        -103.37173,
                        20.744397
                    ],
                    [
                        -103.374942,
                        20.74485
                    ],
                    [
                        -103.376871,
                        20.745123
                    ],
                    [
                        -103.378758,
                        20.745394
                    ],
                    [
                        -103.381088,
                        20.745714
                    ],
                    [
                        -103.385949,
                        20.746445
                    ]
                ]
            },
            "properties": {
                "name": "La Grana-Calle Las Torres",
                "Grupo": "Avenidas y Calles",
                "@id": "53714198-73d7-11f1-9fc4-1b090db46800"
            },
            "bbox": [
                -103.385949,
                20.743372,
                -103.364517,
                20.746445
            ]
        },
        {
            "type": "Feature",
            "geometry": {
                "type": "LineString",
                "coordinates": [
                    [
                        -103.37519,
                        20.737783
                    ],
                    [
                        -103.375006,
                        20.740451
                    ],
                    [
                        -103.374591,
                        20.744804
                    ],
                    [
                        -103.374591,
                        20.744804
                    ]
                ]
            },
            "properties": {
                "name": "C. Belenes",
                "Grupo": "Avenidas y Calles",
                "@id": "53714199-73d7-11f1-9fc4-1b090db46800"
            },
            "bbox": [
                -103.37519,
                20.737783,
                -103.374591,
                20.744804
            ]
        },
        {
            "type": "Feature",
            "geometry": {
                "type": "LineString",
                "coordinates": [
                    [
                        -103.381141,
                        20.745719
                    ],
                    [
                        -103.381595,
                        20.744265
                    ],
                    [
                        -103.382239,
                        20.742172
                    ],
                    [
                        -103.382683,
                        20.740575
                    ],
                    [
                        -103.382799,
                        20.740143
                    ],
                    [
                        -103.382844,
                        20.739971
                    ],
                    [
                        -103.382856,
                        20.739921
                    ],
                    [
                        -103.382877,
                        20.739846
                    ]
                ]
            },
            "properties": {
                "name": "Peri CUCEA",
                "Grupo": "Avenidas y Calles",
                "@id": "5371419a-73d7-11f1-9fc4-1b090db46800"
            },
            "bbox": [
                -103.382877,
                20.739846,
                -103.381141,
                20.745719
            ]
        },
        {
            "type": "Feature",
            "geometry": {
                "type": "LineString",
                "coordinates": [
                    [
                        -103.379249,
                        20.738267
                    ],
                    [
                        -103.379074,
                        20.738254
                    ],
                    [
                        -103.378956,
                        20.738254
                    ],
                    [
                        -103.378812,
                        20.73827
                    ],
                    [
                        -103.378736,
                        20.738361
                    ],
                    [
                        -103.378701,
                        20.738482
                    ],
                    [
                        -103.378732,
                        20.738593
                    ],
                    [
                        -103.378861,
                        20.738671
                    ],
                    [
                        -103.379042,
                        20.738741
                    ]
                ]
            },
            "properties": {
                "name": "Retorno Parres Arias",
                "Grupo": "Retorno",
                "@id": "5371419b-73d7-11f1-9fc4-1b090db46800"
            },
            "bbox": [
                -103.379249,
                20.738254,
                -103.378701,
                20.738741
            ]
        },
        {
            "type": "Feature",
            "geometry": {
                "type": "LineString",
                "coordinates": [
                    [
                        -103.385702,
                        20.747891
                    ],
                    [
                        -103.386374,
                        20.744717
                    ],
                    [
                        -103.387198,
                        20.741435
                    ],
                    [
                        -103.387371,
                        20.740808
                    ]
                ]
            },
            "properties": {
                "name": "Bosques de San Isidro",
                "Grupo": "Avenidas y Calles",
                "@id": "5371419c-73d7-11f1-9fc4-1b090db46800"
            },
            "bbox": [
                -103.387371,
                20.740808,
                -103.385702,
                20.747891
            ]
        },
        {
            "type": "Feature",
            "geometry": {
                "type": "LineString",
                "coordinates": [
                    [
                        -103.390184,
                        20.729334
                    ],
                    [
                        -103.38961,
                        20.731869
                    ],
                    [
                        -103.389421,
                        20.732575
                    ],
                    [
                        -103.388785,
                        20.734687
                    ],
                    [
                        -103.387573,
                        20.739669
                    ],
                    [
                        -103.387453,
                        20.740063
                    ]
                ]
            },
            "properties": {
                "name": "Prolongación Pino Suárez",
                "Grupo": "Avenidas y Calles",
                "@id": "5371419d-73d7-11f1-9fc4-1b090db46800"
            },
            "bbox": [
                -103.390184,
                20.729334,
                -103.387453,
                20.740063
            ]
        },
        {
            "type": "Feature",
            "geometry": {
                "type": "LineString",
                "coordinates": [
                    [
                        -103.373334,
                        20.735097
                    ],
                    [
                        -103.373127,
                        20.735245
                    ],
                    [
                        -103.372749,
                        20.736307
                    ],
                    [
                        -103.372663,
                        20.736598
                    ]
                ]
            },
            "properties": {
                "name": "Calle Negociar",
                "Grupo": "Calle Negociar",
                "@id": "5371419e-73d7-11f1-9fc4-1b090db46800"
            },
            "bbox": [
                -103.373334,
                20.735097,
                -103.372663,
                20.736598
            ]
        },
        {
            "type": "Feature",
            "geometry": {
                "type": "Polygon",
                "coordinates": [
                    [
                        [
                            -103.378676,
                            20.746444
                        ],
                        [
                            -103.378726,
                            20.746055
                        ],
                        [
                            -103.378686,
                            20.746055
                        ],
                        [
                            -103.378786,
                            20.745563
                        ],
                        [
                            -103.378741,
                            20.745493
                        ],
                        [
                            -103.378736,
                            20.745395
                        ],
                        [
                            -103.378801,
                            20.745315
                        ],
                        [
                            -103.378821,
                            20.745249
                        ],
                        [
                            -103.378631,
                            20.745203
                        ],
                        [
                            -103.378475,
                            20.7451
                        ],
                        [
                            -103.378345,
                            20.74488
                        ],
                        [
                            -103.377899,
                            20.744767
                        ],
                        [
                            -103.377514,
                            20.744767
                        ],
                        [
                            -103.377273,
                            20.7448
                        ],
                        [
                            -103.377013,
                            20.744968
                        ],
                        [
                            -103.376848,
                            20.745175
                        ],
                        [
                            -103.376863,
                            20.745278
                        ],
                        [
                            -103.377158,
                            20.745751
                        ],
                        [
                            -103.377374,
                            20.74605
                        ],
                        [
                            -103.377394,
                            20.746238
                        ],
                        [
                            -103.377704,
                            20.746261
                        ],
                        [
                            -103.377744,
                            20.746121
                        ],
                        [
                            -103.378105,
                            20.746186
                        ],
                        [
                            -103.37832,
                            20.746228
                        ],
                        [
                            -103.378505,
                            20.746238
                        ],
                        [
                            -103.37852,
                            20.746448
                        ],
                        [
                            -103.378676,
                            20.746444
                        ]
                    ]
                ]
            },
            "properties": {
                "name": "Area Negociar",
                "Grupo": "Expropiación",
                "@id": "5371419f-73d7-11f1-9fc4-1b090db46800"
            },
            "bbox": [
                -103.378821,
                20.744767,
                -103.376848,
                20.746448
            ]
        },
        {
            "type": "Feature",
            "geometry": {
                "type": "Polygon",
                "coordinates": [
                    [
                        [
                            -103.37473,
                            20.744637
                        ],
                        [
                            -103.374824,
                            20.744083
                        ],
                        [
                            -103.374837,
                            20.743993
                        ],
                        [
                            -103.374626,
                            20.744059
                        ],
                        [
                            -103.374467,
                            20.744102
                        ],
                        [
                            -103.374431,
                            20.744286
                        ],
                        [
                            -103.374525,
                            20.744307
                        ],
                        [
                            -103.374514,
                            20.744337
                        ],
                        [
                            -103.37445,
                            20.744591
                        ],
                        [
                            -103.37473,
                            20.744637
                        ]
                    ]
                ]
            },
            "properties": {
                "name": "Area Negociar",
                "Grupo": "Expropiación",
                "@id": "537141a0-73d7-11f1-9fc4-1b090db46800"
            },
            "bbox": [
                -103.374837,
                20.743993,
                -103.374431,
                20.744637
            ]
        },
        {
            "type": "Feature",
            "geometry": {
                "type": "LineString",
                "coordinates": [
                    [
                        -103.373344,
                        20.735063
                    ],
                    [
                        -103.373893,
                        20.735775
                    ],
                    [
                        -103.373953,
                        20.735844
                    ],
                    [
                        -103.374402,
                        20.736292
                    ],
                    [
                        -103.374658,
                        20.736551
                    ],
                    [
                        -103.37494,
                        20.736856
                    ],
                    [
                        -103.375091,
                        20.737034
                    ],
                    [
                        -103.375155,
                        20.737136
                    ],
                    [
                        -103.37518,
                        20.737206
                    ],
                    [
                        -103.37518,
                        20.737206
                    ]
                ]
            },
            "properties": {
                "Grupo": "Avenidas y Calles",
                "name": "Calzada Constituyentes II",
                "@id": "537141a1-73d7-11f1-9fc4-1b090db46800"
            },
            "bbox": [
                -103.37518,
                20.735063,
                -103.373344,
                20.737206
            ]
        },
        {
            "type": "Feature",
            "geometry": {
                "type": "LineString",
                "coordinates": [
                    [
                        -103.373519,
                        20.734024
                    ],
                    [
                        -103.37375,
                        20.734069
                    ]
                ]
            },
            "properties": {
                "name": "Acceso Parking Estadio",
                "Grupo": "GA",
                "@id": "537141a2-73d7-11f1-9fc4-1b090db46800"
            },
            "bbox": [
                -103.37375,
                20.734024,
                -103.373519,
                20.734069
            ]
        },
        {
            "type": "Feature",
            "geometry": {
                "type": "LineString",
                "coordinates": [
                    [
                        -103.373586,
                        20.733592
                    ],
                    [
                        -103.373837,
                        20.733632
                    ]
                ]
            },
            "properties": {
                "name": "Acceso Parking Estadio",
                "Grupo": "GA",
                "@id": "537141a3-73d7-11f1-9fc4-1b090db46800"
            },
            "bbox": [
                -103.373837,
                20.733592,
                -103.373586,
                20.733632
            ]
        },
        {
            "type": "Feature",
            "geometry": {
                "type": "LineString",
                "coordinates": [
                    [
                        -103.373936,
                        20.731499
                    ],
                    [
                        -103.374264,
                        20.731559
                    ]
                ]
            },
            "properties": {
                "name": "Acceso Parking Estadio",
                "Grupo": "GA",
                "@id": "537141a4-73d7-11f1-9fc4-1b090db46800"
            },
            "bbox": [
                -103.374264,
                20.731499,
                -103.373936,
                20.731559
            ]
        },
        {
            "type": "Feature",
            "geometry": {
                "type": "LineString",
                "coordinates": [
                    [
                        -103.373906,
                        20.731676
                    ],
                    [
                        -103.374227,
                        20.731733
                    ]
                ]
            },
            "properties": {
                "name": "Acceso Parking Estadio",
                "Grupo": "GA",
                "@id": "537141a5-73d7-11f1-9fc4-1b090db46800"
            },
            "bbox": [
                -103.374227,
                20.731676,
                -103.373906,
                20.731733
            ]
        },
        {
            "type": "Feature",
            "geometry": {
                "type": "LineString",
                "coordinates": [
                    [
                        -103.373602,
                        20.733492
                    ],
                    [
                        -103.37384,
                        20.733526
                    ]
                ]
            },
            "properties": {
                "name": "Acceso Servicio",
                "Grupo": "Acceso Servicio",
                "@id": "537141a6-73d7-11f1-9fc4-1b090db46800"
            },
            "bbox": [
                -103.37384,
                20.733492,
                -103.373602,
                20.733526
            ]
        },
        {
            "type": "Feature",
            "geometry": {
                "type": "LineString",
                "coordinates": [
                    [
                        -103.375628,
                        20.734592
                    ],
                    [
                        -103.373494,
                        20.734153
                    ],
                    [
                        -103.373494,
                        20.734153
                    ]
                ]
            },
            "properties": {
                "name": "NVialidad ",
                "Grupo": "PCalles/EP",
                "@id": "537141a7-73d7-11f1-9fc4-1b090db46800"
            },
            "bbox": [
                -103.375628,
                20.734153,
                -103.373494,
                20.734592
            ]
        },
        {
            "type": "Feature",
            "properties": {
                "name": "Entrada/Salida-Estadio",
                "Grupo": "Acceso Estadio Au",
                "@id": "82a6fa20-73d7-11f1-9fc4-1b090db46800"
            },
            "geometry": {
                "type": "LineString",
                "coordinates": [
                    [
                        -103.376955,
                        20.731323
                    ],
                    [
                        -103.379771,
                        20.731923
                    ],
                    [
                        -103.37997,
                        20.731946
                    ],
                    [
                        -103.380193,
                        20.731971
                    ],
                    [
                        -103.381691,
                        20.732298
                    ],
                    [
                        -103.38221,
                        20.732485
                    ],
                    [
                        -103.382688,
                        20.732615
                    ],
                    [
                        -103.382824,
                        20.73265
                    ],
                    [
                        -103.382966,
                        20.732754
                    ],
                    [
                        -103.382944,
                        20.732892
                    ],
                    [
                        -103.382939,
                        20.733068
                    ],
                    [
                        -103.38309,
                        20.733295
                    ],
                    [
                        -103.38332,
                        20.733346
                    ],
                    [
                        -103.383538,
                        20.733318
                    ],
                    [
                        -103.383709,
                        20.733271
                    ],
                    [
                        -103.384102,
                        20.733393
                    ],
                    [
                        -103.384419,
                        20.733513
                    ],
                    [
                        -103.38459,
                        20.733578
                    ],
                    [
                        -103.384731,
                        20.733619
                    ],
                    [
                        -103.384812,
                        20.733615
                    ],
                    [
                        -103.384941,
                        20.733576
                    ],
                    [
                        -103.385045,
                        20.733582
                    ],
                    [
                        -103.385166,
                        20.733624
                    ],
                    [
                        -103.386223,
                        20.733996
                    ],
                    [
                        -103.386599,
                        20.734126
                    ],
                    [
                        -103.38677,
                        20.734256
                    ],
                    [
                        -103.387048,
                        20.734431
                    ],
                    [
                        -103.387448,
                        20.734561
                    ],
                    [
                        -103.387791,
                        20.734638
                    ],
                    [
                        -103.388753,
                        20.734753
                    ],
                    [
                        -103.38878,
                        20.734805
                    ],
                    [
                        -103.387883,
                        20.738433
                    ],
                    [
                        -103.387488,
                        20.74004
                    ],
                    [
                        -103.387466,
                        20.740126
                    ]
                ]
            },
            "bbox": [
                -103.38878,
                20.731323,
                -103.376955,
                20.740126
            ]
        },
        {
            "type": "Feature",
            "properties": {
                "name": "Salida-Estadio",
                "Grupo": "Acceso Estadio Au",
                "@id": "aa708950-73db-11f1-9fc4-1b090db46800"
            },
            "geometry": {
                "type": "LineString",
                "coordinates": [
                    [
                        -103.373476,
                        20.734145
                    ],
                    [
                        -103.372902,
                        20.734355
                    ],
                    [
                        -103.372215,
                        20.734716
                    ],
                    [
                        -103.371612,
                        20.734711
                    ],
                    [
                        -103.37103,
                        20.7348
                    ],
                    [
                        -103.370063,
                        20.734663
                    ],
                    [
                        -103.3695,
                        20.73593
                    ]
                ]
            },
            "bbox": [
                -103.373476,
                20.734145,
                -103.3695,
                20.73593
            ]
        },
        {
            "type": "Feature",
            "properties": {
                "name": "Entrada/Salida-Estadio",
                "Grupo": "Acceso Estadio Au",
                "@id": "cce7c750-73db-11f1-9fc4-1b090db46800"
            },
            "geometry": {
                "type": "LineString",
                "coordinates": [
                    [
                        -103.373518,
                        20.734063
                    ],
                    [
                        -103.373342,
                        20.735075
                    ],
                    [
                        -103.373962,
                        20.735833
                    ],
                    [
                        -103.374487,
                        20.736369
                    ],
                    [
                        -103.374992,
                        20.736923
                    ],
                    [
                        -103.375132,
                        20.737105
                    ],
                    [
                        -103.375162,
                        20.737191
                    ],
                    [
                        -103.375298,
                        20.737227
                    ],
                    [
                        -103.37517,
                        20.737743
                    ],
                    [
                        -103.375221,
                        20.737758
                    ],
                    [
                        -103.375197,
                        20.737919
                    ],
                    [
                        -103.375031,
                        20.740092
                    ],
                    [
                        -103.374764,
                        20.740231
                    ],
                    [
                        -103.37265,
                        20.740277
                    ],
                    [
                        -103.368214,
                        20.74036
                    ],
                    [
                        -103.364638,
                        20.740425
                    ]
                ]
            },
            "bbox": [
                -103.375298,
                20.734063,
                -103.364638,
                20.740425
            ]
        },
        {
            "type": "Feature",
            "properties": {
                "name": "Entrada/Salida-Estadio",
                "Grupo": "Acceso Estadio Au",
                "@id": "3b2b5150-73dc-11f1-9fc4-1b090db46800"
            },
            "geometry": {
                "type": "LineString",
                "coordinates": [
                    [
                        -103.374051,
                        20.73088
                    ],
                    [
                        -103.374061,
                        20.730806
                    ],
                    [
                        -103.373489,
                        20.730783
                    ],
                    [
                        -103.371512,
                        20.73072
                    ],
                    [
                        -103.371407,
                        20.73071
                    ],
                    [
                        -103.371264,
                        20.730873
                    ],
                    [
                        -103.371126,
                        20.730996
                    ],
                    [
                        -103.370952,
                        20.731147
                    ],
                    [
                        -103.37083,
                        20.731216
                    ],
                    [
                        -103.370631,
                        20.731283
                    ],
                    [
                        -103.370306,
                        20.731241
                    ],
                    [
                        -103.36966,
                        20.731133
                    ],
                    [
                        -103.367484,
                        20.730758
                    ],
                    [
                        -103.367981,
                        20.727774
                    ],
                    [
                        -103.367738,
                        20.727626
                    ],
                    [
                        -103.367639,
                        20.727449
                    ],
                    [
                        -103.367612,
                        20.727197
                    ],
                    [
                        -103.367724,
                        20.727037
                    ],
                    [
                        -103.367913,
                        20.726931
                    ],
                    [
                        -103.368152,
                        20.726881
                    ],
                    [
                        -103.369193,
                        20.721437
                    ]
                ]
            },
            "bbox": [
                -103.374061,
                20.721437,
                -103.367484,
                20.731283
            ]
        },
        {
            "type": "Feature",
            "properties": {
                "name": "Entrada-Estadio",
                "Grupo": "Acceso Estadio Au",
                "@id": "d31eb380-73dc-11f1-9fc4-1b090db46800"
            },
            "geometry": {
                "type": "LineString",
                "coordinates": [
                    [
                        -103.375221,
                        20.737758
                    ],
                    [
                        -103.375861,
                        20.73793
                    ]
                ]
            },
            "bbox": [
                -103.375861,
                20.737758,
                -103.375221,
                20.73793
            ]
        },
        {
            "type": "Feature",
            "properties": {
                "name": "Entrada/Salida-Estadio",
                "Grupo": "Acceso Estadio Au",
                "@id": "45ba9b20-73dd-11f1-9fc4-1b090db46800"
            },
            "geometry": {
                "type": "LineString",
                "coordinates": [
                    [
                        -103.384398,
                        20.733506
                    ],
                    [
                        -103.384673,
                        20.732731
                    ],
                    [
                        -103.384926,
                        20.732091
                    ],
                    [
                        -103.385163,
                        20.73194
                    ],
                    [
                        -103.386166,
                        20.732155
                    ],
                    [
                        -103.386718,
                        20.732266
                    ],
                    [
                        -103.387228,
                        20.732373
                    ],
                    [
                        -103.38775,
                        20.732443
                    ],
                    [
                        -103.389264,
                        20.732631
                    ],
                    [
                        -103.389356,
                        20.732638
                    ],
                    [
                        -103.38945,
                        20.732646
                    ],
                    [
                        -103.389755,
                        20.73132
                    ],
                    [
                        -103.390158,
                        20.729551
                    ],
                    [
                        -103.390136,
                        20.72943
                    ],
                    [
                        -103.390289,
                        20.728818
                    ]
                ]
            },
            "bbox": [
                -103.390289,
                20.728818,
                -103.384398,
                20.733506
            ]
        },
        {
            "type": "Feature",
            "properties": {
                "name": "Entrada-Estadio",
                "Grupo": "Acceso Estadio Au",
                "@id": "c545d210-73dd-11f1-9fc4-1b090db46800"
            },
            "geometry": {
                "type": "LineString",
                "coordinates": [
                    [
                        -103.39025,
                        20.739958
                    ],
                    [
                        -103.390077,
                        20.739919
                    ],
                    [
                        -103.389971,
                        20.739924
                    ],
                    [
                        -103.389268,
                        20.740016
                    ],
                    [
                        -103.388814,
                        20.740062
                    ],
                    [
                        -103.387478,
                        20.740119
                    ],
                    [
                        -103.386485,
                        20.740123
                    ],
                    [
                        -103.385902,
                        20.740044
                    ],
                    [
                        -103.385363,
                        20.739884
                    ],
                    [
                        -103.383832,
                        20.739457
                    ],
                    [
                        -103.380297,
                        20.738519
                    ]
                ]
            },
            "bbox": [
                -103.39025,
                20.738519,
                -103.380297,
                20.740123
            ]
        },
        {
            "type": "Feature",
            "properties": {
                "name": "Entrada-Estadio",
                "Grupo": "Acceso Estadio Au",
                "@id": "dc27f990-73dd-11f1-9fc4-1b090db46800"
            },
            "geometry": {
                "type": "LineString",
                "coordinates": [
                    [
                        -103.372578,
                        20.73692
                    ],
                    [
                        -103.374263,
                        20.737517
                    ],
                    [
                        -103.376145,
                        20.738013
                    ],
                    [
                        -103.378388,
                        20.738592
                    ],
                    [
                        -103.380208,
                        20.73907
                    ],
                    [
                        -103.38042,
                        20.739097
                    ],
                    [
                        -103.380583,
                        20.739024
                    ],
                    [
                        -103.380648,
                        20.738868
                    ],
                    [
                        -103.380595,
                        20.738735
                    ],
                    [
                        -103.380326,
                        20.738563
                    ],
                    [
                        -103.379903,
                        20.738419
                    ],
                    [
                        -103.375262,
                        20.737193
                    ]
                ]
            },
            "bbox": [
                -103.380648,
                20.73692,
                -103.372578,
                20.739097
            ]
        },
        {
            "type": "Feature",
            "properties": {
                "name": "Entrada-Estadio",
                "Grupo": "Acceso Estadio Au",
                "@id": "92ae33a0-73de-11f1-9fc4-1b090db46800"
            },
            "geometry": {
                "type": "LineString",
                "coordinates": [
                    [
                        -103.380159,
                        20.739057
                    ],
                    [
                        -103.382094,
                        20.739588
                    ],
                    [
                        -103.384055,
                        20.740102
                    ],
                    [
                        -103.386871,
                        20.74093
                    ],
                    [
                        -103.387051,
                        20.741098
                    ],
                    [
                        -103.387134,
                        20.741289
                    ],
                    [
                        -103.387143,
                        20.741471
                    ],
                    [
                        -103.387041,
                        20.741854
                    ],
                    [
                        -103.386823,
                        20.742657
                    ],
                    [
                        -103.386659,
                        20.743345
                    ],
                    [
                        -103.386661,
                        20.743379
                    ],
                    [
                        -103.386703,
                        20.743403
                    ],
                    [
                        -103.386747,
                        20.743392
                    ],
                    [
                        -103.386763,
                        20.743361
                    ],
                    [
                        -103.38697,
                        20.742521
                    ],
                    [
                        -103.387073,
                        20.742117
                    ],
                    [
                        -103.387183,
                        20.74172
                    ],
                    [
                        -103.387387,
                        20.740932
                    ],
                    [
                        -103.3875,
                        20.740836
                    ],
                    [
                        -103.388496,
                        20.7408
                    ],
                    [
                        -103.389659,
                        20.740787
                    ],
                    [
                        -103.390376,
                        20.740773
                    ],
                    [
                        -103.390543,
                        20.74072
                    ],
                    [
                        -103.390791,
                        20.740706
                    ],
                    [
                        -103.391026,
                        20.740643
                    ],
                    [
                        -103.391306,
                        20.740567
                    ],
                    [
                        -103.391516,
                        20.740527
                    ],
                    [
                        -103.391761,
                        20.74052
                    ],
                    [
                        -103.392217,
                        20.740519
                    ],
                    [
                        -103.392555,
                        20.740502
                    ],
                    [
                        -103.392685,
                        20.740427
                    ],
                    [
                        -103.392723,
                        20.740358
                    ],
                    [
                        -103.392732,
                        20.740269
                    ],
                    [
                        -103.39273,
                        20.740186
                    ],
                    [
                        -103.392687,
                        20.740104
                    ],
                    [
                        -103.392579,
                        20.740062
                    ],
                    [
                        -103.392455,
                        20.740075
                    ],
                    [
                        -103.391569,
                        20.740062
                    ],
                    [
                        -103.390974,
                        20.74001
                    ],
                    [
                        -103.39071,
                        20.739958
                    ],
                    [
                        -103.390248,
                        20.739963
                    ]
                ]
            },
            "bbox": [
                -103.392732,
                20.739057,
                -103.380159,
                20.743403
            ]
        },
        {
            "type": "Feature",
            "properties": {
                "name": "Entrada/Salida-Estadio",
                "Grupo": "Acceso Estadio Au",
                "@id": "5a998db0-73df-11f1-9fc4-1b090db46800"
            },
            "geometry": {
                "type": "LineString",
                "coordinates": [
                    [
                        -103.384333,
                        20.733494
                    ],
                    [
                        -103.384111,
                        20.734096
                    ],
                    [
                        -103.383845,
                        20.734866
                    ],
                    [
                        -103.383677,
                        20.73535
                    ],
                    [
                        -103.383534,
                        20.735917
                    ],
                    [
                        -103.383347,
                        20.73705
                    ],
                    [
                        -103.383116,
                        20.738554
                    ],
                    [
                        -103.383042,
                        20.738964
                    ],
                    [
                        -103.383002,
                        20.739063
                    ],
                    [
                        -103.382931,
                        20.739138
                    ],
                    [
                        -103.38286,
                        20.739176
                    ],
                    [
                        -103.382784,
                        20.739176
                    ]
                ]
            },
            "bbox": [
                -103.384333,
                20.733494,
                -103.382784,
                20.739176
            ]
        },
        {
            "type": "Feature",
            "properties": {
                "name": "Ruta UdG III",
                "Grupo": "Transporte Público",
                "@id": "fdcb33d0-73df-11f1-9fc4-1b090db46800"
            },
            "geometry": {
                "type": "LineString",
                "coordinates": [
                    [
                        -103.38887,
                        20.729376
                    ],
                    [
                        -103.389172,
                        20.729405
                    ],
                    [
                        -103.390087,
                        20.729475
                    ],
                    [
                        -103.39013,
                        20.729475
                    ],
                    [
                        -103.390215,
                        20.729029
                    ],
                    [
                        -103.390265,
                        20.72883
                    ],
                    [
                        -103.390037,
                        20.728783
                    ],
                    [
                        -103.389785,
                        20.728754
                    ],
                    [
                        -103.388668,
                        20.728659
                    ],
                    [
                        -103.387602,
                        20.728579
                    ],
                    [
                        -103.387227,
                        20.728553
                    ],
                    [
                        -103.38703,
                        20.728498
                    ],
                    [
                        -103.386778,
                        20.728348
                    ],
                    [
                        -103.386565,
                        20.728058
                    ],
                    [
                        -103.386461,
                        20.727819
                    ],
                    [
                        -103.38664,
                        20.727034
                    ],
                    [
                        -103.38604,
                        20.726899
                    ],
                    [
                        -103.382969,
                        20.726267
                    ],
                    [
                        -103.382665,
                        20.72779
                    ],
                    [
                        -103.382753,
                        20.727935
                    ],
                    [
                        -103.384969,
                        20.728352
                    ],
                    [
                        -103.385942,
                        20.728561
                    ],
                    [
                        -103.385192,
                        20.731649
                    ],
                    [
                        -103.383607,
                        20.732677
                    ],
                    [
                        -103.383354,
                        20.732582
                    ],
                    [
                        -103.383118,
                        20.732591
                    ],
                    [
                        -103.382354,
                        20.73243
                    ],
                    [
                        -103.382009,
                        20.732301
                    ],
                    [
                        -103.380872,
                        20.731489
                    ],
                    [
                        -103.380722,
                        20.731343
                    ],
                    [
                        -103.380573,
                        20.731495
                    ],
                    [
                        -103.380342,
                        20.731734
                    ],
                    [
                        -103.38021,
                        20.731828
                    ],
                    [
                        -103.380048,
                        20.73188
                    ],
                    [
                        -103.379105,
                        20.735913
                    ],
                    [
                        -103.378578,
                        20.73803
                    ],
                    [
                        -103.378582,
                        20.738392
                    ],
                    [
                        -103.378533,
                        20.738678
                    ],
                    [
                        -103.377926,
                        20.741417
                    ],
                    [
                        -103.377496,
                        20.743151
                    ],
                    [
                        -103.37714,
                        20.74461
                    ],
                    [
                        -103.377076,
                        20.744734
                    ],
                    [
                        -103.376896,
                        20.744934
                    ],
                    [
                        -103.376876,
                        20.745035
                    ],
                    [
                        -103.37693,
                        20.745131
                    ],
                    [
                        -103.377067,
                        20.745167
                    ],
                    [
                        -103.377174,
                        20.745144
                    ],
                    [
                        -103.377228,
                        20.745058
                    ],
                    [
                        -103.377237,
                        20.744971
                    ],
                    [
                        -103.377198,
                        20.744674
                    ],
                    [
                        -103.377242,
                        20.744441
                    ],
                    [
                        -103.37799,
                        20.74133
                    ],
                    [
                        -103.378565,
                        20.738706
                    ],
                    [
                        -103.378718,
                        20.738063
                    ],
                    [
                        -103.378947,
                        20.736905
                    ],
                    [
                        -103.379109,
                        20.736256
                    ],
                    [
                        -103.379231,
                        20.735931
                    ],
                    [
                        -103.379397,
                        20.735722
                    ],
                    [
                        -103.379564,
                        20.73556
                    ],
                    [
                        -103.38019,
                        20.735124
                    ],
                    [
                        -103.381668,
                        20.734161
                    ],
                    [
                        -103.384025,
                        20.73258
                    ],
                    [
                        -103.385648,
                        20.731477
                    ],
                    [
                        -103.386852,
                        20.730675
                    ],
                    [
                        -103.387741,
                        20.730096
                    ],
                    [
                        -103.388311,
                        20.729722
                    ],
                    [
                        -103.388616,
                        20.729501
                    ],
                    [
                        -103.388806,
                        20.72939
                    ],
                    [
                        -103.388873,
                        20.729376
                    ]
                ]
            },
            "bbox": [
                -103.390265,
                20.726267,
                -103.376876,
                20.745167
            ]
        },
        {
            "type": "Feature",
            "properties": {
                "name": "Entrada/Salida-Estadio",
                "Grupo": "Acceso Estadio Au",
                "@id": "989a5e60-73e3-11f1-9fc4-1b090db46800"
            },
            "geometry": {
                "type": "LineString",
                "coordinates": [
                    [
                        -103.373517,
                        20.734063
                    ],
                    [
                        -103.37405,
                        20.730891
                    ],
                    [
                        -103.374557,
                        20.730912
                    ],
                    [
                        -103.376924,
                        20.73134
                    ],
                    [
                        -103.377581,
                        20.72911
                    ],
                    [
                        -103.377781,
                        20.729164
                    ],
                    [
                        -103.378173,
                        20.729384
                    ],
                    [
                        -103.379317,
                        20.730273
                    ],
                    [
                        -103.380317,
                        20.731088
                    ],
                    [
                        -103.381463,
                        20.732016
                    ],
                    [
                        -103.381867,
                        20.732259
                    ],
                    [
                        -103.382209,
                        20.732413
                    ],
                    [
                        -103.382554,
                        20.732519
                    ],
                    [
                        -103.382821,
                        20.732574
                    ],
                    [
                        -103.382996,
                        20.732619
                    ],
                    [
                        -103.3831,
                        20.732634
                    ],
                    [
                        -103.383229,
                        20.732612
                    ],
                    [
                        -103.383376,
                        20.73264
                    ],
                    [
                        -103.383484,
                        20.732669
                    ],
                    [
                        -103.383594,
                        20.732781
                    ],
                    [
                        -103.383661,
                        20.732869
                    ],
                    [
                        -103.383691,
                        20.733015
                    ],
                    [
                        -103.383694,
                        20.733121
                    ],
                    [
                        -103.383637,
                        20.733255
                    ]
                ]
            },
            "bbox": [
                -103.383694,
                20.72911,
                -103.373517,
                20.734063
            ]
        },
        {
            "type": "Feature",
            "properties": {
                "name": "Entrada/Salida-Estadio",
                "Grupo": "Acceso Estadio Au",
                "@id": "e296cc60-73e3-11f1-9fc4-1b090db46800"
            },
            "geometry": {
                "type": "LineString",
                "coordinates": [
                    [
                        -103.377587,
                        20.729057
                    ],
                    [
                        -103.377337,
                        20.72894
                    ],
                    [
                        -103.377035,
                        20.728848
                    ],
                    [
                        -103.376202,
                        20.7287
                    ],
                    [
                        -103.374783,
                        20.728452
                    ],
                    [
                        -103.373424,
                        20.728225
                    ],
                    [
                        -103.370748,
                        20.727758
                    ],
                    [
                        -103.369722,
                        20.727592
                    ],
                    [
                        -103.36878,
                        20.727444
                    ],
                    [
                        -103.368502,
                        20.727396
                    ],
                    [
                        -103.368454,
                        20.727127
                    ],
                    [
                        -103.368214,
                        20.726914
                    ],
                    [
                        -103.368142,
                        20.726869
                    ]
                ]
            },
            "bbox": [
                -103.377587,
                20.726869,
                -103.368142,
                20.729057
            ]
        },
        {
            "type": "Feature",
            "properties": {
                "name": "Salida-Estadio",
                "Grupo": "Acceso Estadio Au",
                "@id": "32273300-73e9-11f1-9fc4-1b090db46800"
            },
            "geometry": {
                "type": "LineString",
                "coordinates": [
                    [
                        -103.373325,
                        20.735049
                    ],
                    [
                        -103.373097,
                        20.735215
                    ],
                    [
                        -103.372612,
                        20.736695
                    ],
                    [
                        -103.372612,
                        20.736695
                    ]
                ]
            },
            "bbox": [
                -103.373325,
                20.735049,
                -103.372612,
                20.736695
            ]
        },
        {
            "type": "Feature",
            "properties": {
                "name": "Entrada/Salida-Estadio",
                "Grupo": "Acceso Estadio Au",
                "@id": "94970f80-73ec-11f1-9fc4-1b090db46800"
            },
            "geometry": {
                "type": "LineString",
                "coordinates": [
                    [
                        -103.375327,
                        20.737237
                    ],
                    [
                        -103.376919,
                        20.731334
                    ]
                ]
            },
            "bbox": [
                -103.376919,
                20.731334,
                -103.375327,
                20.737237
            ]
        },
        {
            "type": "Feature",
            "properties": {
                "name": "Entrada/Salida-Estadio",
                "Grupo": "Acceso Estadio Au",
                "@id": "e3cfb600-73ed-11f1-9fc4-1b090db46800"
            },
            "geometry": {
                "type": "LineString",
                "coordinates": [
                    [
                        -103.389018,
                        20.728661
                    ],
                    [
                        -103.388965,
                        20.728978
                    ],
                    [
                        -103.388938,
                        20.729129
                    ],
                    [
                        -103.388868,
                        20.729196
                    ],
                    [
                        -103.388471,
                        20.729442
                    ],
                    [
                        -103.387342,
                        20.730197
                    ],
                    [
                        -103.385599,
                        20.731357
                    ],
                    [
                        -103.384702,
                        20.731971
                    ],
                    [
                        -103.383595,
                        20.732713
                    ]
                ]
            },
            "bbox": [
                -103.389018,
                20.728661,
                -103.383595,
                20.732713
            ]
        }
    ]
}